station_id,date,time,pm25_aqi,pm25_value,pm10_aqi,pm10_value,o3_aqi,o3_value,co_aqi,co_value,no2_aqi,no2_value,so2_aqi,so2_value,aqi,aqi_param
02t,2026-07-01,00:00,16,9.4,-1,-1,-1,-1,-1,-1,-1,-1,-1,-1,16,PM25
08t,2026-07-01,00:00,25,14.9,-1,-1,-1,-1,-1,-1,-1,-1,-1,-1,25,PM25
100t,2026-07-01,00:00,11,6.6,14,27,6,8,1,0.20,-1,-1,0,0,14,PM10
101t,2026-07-01,00:00,9,5.1,6,12,29,38,14,2.40,1,2,0,0,29,O3
102t,2026-07-01,00:00,21,12.8,10,20,-1,-1,-1,-1,-1,-1,0,1,21,PM25
103t,2026-07-01,00:00,22,12.9,10,20,-1,-1,2,0.30,4,10,0,0,22,PM25
104t,2026-07-01,00:00,14,8.3,-1,-1,17,24,1,0.10,1,2,0,1,17,O3
105t,2026-07-01,00:00,14,8.3,-999,-1,16,23,1,0.10,3,7,0,1,16,O3
106t,2026-07-01,00:00,12,6.9,-999,-1,4,5,2,0.30,1,2,0,0,12,PM25
107t,2026-07-01,00:00,20,12.1,-1,-1,19,26,1,0.20,3,6,0,0,20,PM25
108t,2026-07-01,00:00,13,7.9,-1,-1,17,24,10,1.80,3,6,0,1,17,O3
109t,2026-07-01,00:00,12,7.1,-1,-1,19,26,1,0.10,1,2,1,2,19,O3
110t,2026-07-01,00:00,11,6.8,-999,-1,20,28,2,0.30,-1,-1,-1,-1,20,O3
111t,2026-07-01,00:00,7,4.1,-999,-1,21,30,1,0.20,1,2,0,0,21,O3
112t,2026-07-01,00:00,8,4.5,-999,-1,18,25,0,0.00,0,1,9,37,18,O3
113t,2026-07-01,00:00,14,8.1,9,17,25,35,1,0.20,-1,-1,-1,-1,25,O3
114t,2026-07-01,00:00,15,8.7,9,18,15,21,2,0.40,1,3,0,0,15,PM25
115t,2026-07-01,00:00,13,7.7,8,16,13,18,1,0.20,0,0,0,1,13,PM25
116t,2026-07-01,00:00,9,5.2,8,15,19,26,1,0.10,1,3,0,1,19,O3
117t,2026-07-01,00:00,16,9.7,-999,-1,10,14,1,0.20,1,2,0,1,16,PM25
118t,2026-07-01,00:00,7,4.3,-1,-1,8,11,-1,-1,4,9,0,0,8,O3
119t,2026-07-01,00:00,9,5.5,-1,-1,14,20,5,0.90,0,1,1,2,14,O3
120t,2026-07-01,00:00,10,6.1,-1,-1,11,16,3,0.50,6,14,0,0,11,O3
121t,2026-07-01,00:00,13,7.5,-1,-1,8,11,1,0.20,2,5,1,3,13,PM25
13t,2026-07-01,00:00,8,4.5,7,14,15,21,2,0.30,4,9,1,2,15,O3
14t,2026-07-01,00:00,22,13.0,-1,-1,8,11,2,0.40,6,15,1,4,22,PM25
16t,2026-07-01,00:00,18,10.7,10,20,-1,-1,-1,-1,-1,-1,-1,-1,18,PM25
17t,2026-07-01,00:00,15,9.1,-1,-1,-1,-1,-1,-1,-1,-1,-1,-1,15,PM25
18t,2026-07-01,00:00,35,18.8,-1,-1,-1,-1,-1,-1,-1,-1,-1,-1,35,PM25
19t,2026-07-01,00:00,16,9.8,-1,-1,-1,-1,-1,-1,-1,-1,-1,-1,16,PM25
20t,2026-07-01,00:00,21,12.5,12,24,-1,-1,-1,-1,-1,-1,-1,-1,21,PM25
21t,2026-07-01,00:00,10,5.8,-1,-1,-1,-1,-1,-1,-1,-1,-1,-1,10,PM25
22t,2026-07-01,00:00,9,5.2,7,13,-1,-1,-1,-1,-1,-1,-1,-1,9,PM25
24t,2026-07-01,00:00,22,12.9,21,41,-1,-1,-1,-1,-1,-1,-1,-1,22,PM25
25t,2026-07-01,00:00,19,11.5,9,18,-1,-1,-999,-1,-1,-1,-999,-1,19,PM25
26t,2026-07-01,00:00,18,10.8,-1,-1,-1,-1,-1,-1,-1,-1,-1,-1,18,PM25
28t,2026-07-01,00:00,17,10.0,-1,-1,-1,-1,-1,-1,-1,-1,-1,-1,17,PM25
29t,2026-07-01,00:00,24,14.4,16,32,-1,-1,-1,-1,-1,-1,-1,-1,24,PM25
30t,2026-07-01,00:00,17,10.1,12,24,12,17,1,0.10,0,0,0,0,17,PM25
31t,2026-07-01,00:00,11,6.5,-1,-1,-1,-1,-1,-1,-1,-1,-1,-1,11,PM25
32t,2026-07-01,00:00,15,9.0,-1,-1,-1,-1,-999,-1,-1,-1,-1,-1,15,PM25
33t,2026-07-01,00:00,21,12.3,-1,-1,-1,-1,-999,-1,-1,-1,-999,-1,21,PM25
34t,2026-07-01,00:00,48,24.3,-1,-1,-1,-1,-1,-1,-1,-1,-999,-1,48,PM25
35t,2026-07-01,00:00,25,14.9,-1,-1,-1,-1,-1,-1,-1,-1,-1,-1,25,PM25
36t,2026-07-01,00:00,14,8.5,-1,-1,-999,-1,-1,-1,-1,-1,-1,-1,14,PM25
40t,2026-07-01,00:00,18,10.7,-1,-1,-1,-1,-999,-1,-1,-1,-1,-1,18,PM25
46t,2026-07-01,00:00,25,15.0,-1,-1,-1,-1,-1,-1,-1,-1,-1,-1,25,PM25
47t,2026-07-01,00:00,19,11.3,-1,-1,-1,-1,-1,-1,-1,-1,-1,-1,19,PM25
50t,2026-07-01,00:00,20,12.0,-1,-1,-999,-1,-1,-1,-1,-1,-999,-1,20,PM25
52t,2026-07-01,00:00,19,11.5,-1,-1,-1,-1,-1,-1,-1,-1,-1,-1,19,PM25
53t,2026-07-01,00:00,18,10.5,-1,-1,-999,-1,-1,-1,-1,-1,-999,-1,18,PM25
57t,2026-07-01,00:00,13,7.9,14,28,-1,-1,-1,-1,-1,-1,-999,-1,14,PM10
58t,2026-07-01,00:00,12,7.2,6,11,-1,-1,-1,-1,-1,-1,-999,-1,12,PM25
59t,2026-07-01,00:00,12,7.3,9,18,17,24,2,0.40,5,13,-999,-1,17,O3
60t,2026-07-01,00:00,20,11.7,-1,-1,-1,-1,-999,-1,-1,-1,-1,-1,20,PM25
61t,2026-07-01,00:00,20,12.1,-1,-1,-1,-1,-999,-1,-1,-1,-1,-1,20,PM25
67t,2026-07-01,00:00,30,16.7,-1,-1,-1,-1,-1,-1,-1,-1,-1,-1,30,PM25
68t,2026-07-01,00:00,21,12.7,-1,-1,-1,-1,-1,-1,-1,-1,-1,-1,21,PM25
69t,2026-07-01,00:00,17,10.0,-1,-1,-1,-1,-1,-1,-1,-1,-1,-1,17,PM25
70t,2026-07-01,00:00,20,11.8,-1,-1,-1,-1,-1,-1,-1,-1,-999,-1,20,PM25
71t,2026-07-01,00:00,12,6.9,-1,-1,9,12,0,0.00,1,2,2,9,12,PM25
73t,2026-07-01,00:00,23,13.6,-1,-1,-1,-1,-1,-1,-1,-1,0,0,23,PM25
74t,2026-07-01,00:00,17,9.9,-1,-1,-1,-1,-1,-1,-1,-1,-1,-1,17,PM25
75t,2026-07-01,00:00,13,7.7,-1,-1,-1,-1,-1,-1,0,1,2,6,13,PM25
77t,2026-07-01,00:00,23,13.7,15,29,-1,-1,-999,-1,-1,-1,-1,-1,23,PM25
78t,2026-07-01,00:00,9,5.6,-1,-1,-999,-1,-999,-1,-999,-1,-999,-1,9,PM25
79t,2026-07-01,00:00,27,15.7,-1,-1,-1,-1,-1,-1,-1,-1,-1,-1,27,PM25
81t,2026-07-01,00:00,19,11.4,-1,-1,-1,-1,-1,-1,-1,-1,-1,-1,19,PM25
82t,2026-07-01,00:00,21,12.6,32,58,21,29,2,0.30,1,2,-1,-1,32,PM10
83t,2026-07-01,00:00,9,5.4,6,12,-1,-1,-1,-1,-1,-1,-1,-1,9,PM25
84t,2026-07-01,00:00,13,7.7,9,18,11,16,-1,-1,-1,-1,-1,-1,13,PM25
85t,2026-07-01,00:00,10,6.2,-1,-1,-1,-1,-1,-1,-1,-1,-1,-1,10,PM25
86t,2026-07-01,00:00,10,5.7,7,13,-1,-1,5,0.80,8,19,-1,-1,10,PM25
87t,2026-07-01,00:00,16,9.5,-1,-1,-1,-1,-1,-1,0,0,-1,-1,16,PM25
88t,2026-07-01,00:00,16,9.5,12,23,-1,-1,-1,-1,1,3,-1,-1,16,PM25
90t,2026-07-01,00:00,17,10.0,8,15,-1,-1,-1,-1,-1,-1,-1,-1,17,PM25
91t,2026-07-01,00:00,16,9.6,-1,-1,-1,-1,-1,-1,-1,-1,-1,-1,16,PM25
92t,2026-07-01,00:00,13,7.8,9,18,-1,-1,-1,-1,-1,-1,-1,-1,13,PM25
93t,2026-07-01,00:00,10,5.7,7,14,-1,-1,1,0.10,2,5,0,0,10,PM25
94t,2026-07-01,00:00,11,6.5,7,14,-1,-1,-1,-1,-1,-1,-1,-1,11,PM25
95t,2026-07-01,00:00,10,5.7,6,11,-1,-1,-1,-1,-1,-1,-1,-1,10,PM25
96t,2026-07-01,00:00,9,5.3,7,14,-1,-1,0,0.00,1,3,0,1,9,PM25
97t,2026-07-01,00:00,16,9.7,-1,-1,12,17,0,0.00,1,3,1,3,16,PM25
98t,2026-07-01,00:00,16,9.6,11,21,14,19,2,0.30,-1,-1,0,0,16,PM25
99t,2026-07-01,00:00,15,8.8,6,12,15,21,1,0.20,1,3,1,4,15,PM25
bkp100t,2026-07-01,00:00,8,4.9,-999,-1,-999,-1,-999,-1,-999,-1,-999,-1,8,PM25
bkp101t,2026-07-01,00:00,23,13.6,9,17,-999,-1,-999,-1,-999,-1,-999,-1,23,PM25
bkp102t,2026-07-01,00:00,13,7.7,14,27,-999,-1,-999,-1,-999,-1,-999,-1,14,PM10
bkp103t,2026-07-01,00:00,15,9.2,-999,-1,-999,-1,-999,-1,-999,-1,-999,-1,15,PM25
bkp104t,2026-07-01,00:00,14,8.6,12,24,-999,-1,-999,-1,-999,-1,-999,-1,14,PM25
bkp105t,2026-07-01,00:00,24,14.4,-999,-1,-999,-1,-999,-1,-999,-1,-999,-1,24,PM25
bkp114t,2026-07-01,00:00,12,6.9,-999,-1,-999,-1,-999,-1,-999,-1,-999,-1,12,PM25
bkp115t,2026-07-01,00:00,12,6.9,-999,-1,-999,-1,-999,-1,-999,-1,-999,-1,12,PM25
bkp116t,2026-07-01,00:00,10,6.1,-999,-1,-999,-1,-999,-1,-999,-1,-999,-1,10,PM25
bkp117t,2026-07-01,00:00,12,7.2,-999,-1,-999,-1,-999,-1,-999,-1,-999,-1,12,PM25
bkp118t,2026-07-01,00:00,21,12.5,-999,-1,-999,-1,-999,-1,-999,-1,-999,-1,21,PM25
bkp119t,2026-07-01,00:00,12,7.1,-999,-1,-999,-1,-999,-1,-999,-1,-999,-1,12,PM25
bkp120t,2026-07-01,00:00,11,6.3,-999,-1,-999,-1,-999,-1,-999,-1,-999,-1,11,PM25
bkp121t,2026-07-01,00:00,13,8.0,-999,-1,-999,-1,-999,-1,-999,-1,-999,-1,13,PM25
bkp122t,2026-07-01,00:00,10,5.9,-999,-1,-999,-1,-999,-1,-999,-1,-999,-1,10,PM25
bkp123t,2026-07-01,00:00,8,4.9,-999,-1,-999,-1,-999,-1,-999,-1,-999,-1,8,PM25
bkp124t,2026-07-01,00:00,18,10.5,-999,-1,-999,-1,-999,-1,-999,-1,-999,-1,18,PM25
bkp125t,2026-07-01,00:00,19,11.3,-999,-1,-999,-1,-999,-1,-999,-1,-999,-1,19,PM25
bkp126t,2026-07-01,00:00,12,7.3,-999,-1,-999,-1,-999,-1,-999,-1,-999,-1,12,PM25
bkp127t,2026-07-01,00:00,16,9.7,-999,-1,-999,-1,-999,-1,-999,-1,-999,-1,16,PM25
bkp128t,2026-07-01,00:00,14,8.4,-999,-1,-999,-1,-999,-1,-999,-1,-999,-1,14,PM25
bkp129t,2026-07-01,00:00,14,8.1,-999,-1,-999,-1,-999,-1,-999,-1,-999,-1,14,PM25
bkp130t,2026-07-01,00:00,8,4.7,-999,-1,-999,-1,-999,-1,-999,-1,-999,-1,8,PM25
bkp131t,2026-07-01,00:00,12,7.0,-999,-1,-999,-1,-999,-1,-999,-1,-999,-1,12,PM25
bkp133t,2026-07-01,00:00,14,8.2,-999,-1,-999,-1,-999,-1,-999,-1,-999,-1,14,PM25
bkp56t,2026-07-01,00:00,17,10.0,20,40,-999,-1,-999,-1,-999,-1,-999,-1,20,PM10
bkp57t,2026-07-01,00:00,20,12.2,18,35,-999,-1,-999,-1,-999,-1,-999,-1,20,PM25
bkp58t,2026-07-01,00:00,28,16.1,28,53,-999,-1,-999,-1,-999,-1,-999,-1,28,PM25
bkp59t,2026-07-01,00:00,15,9.0,20,39,-999,-1,-999,-1,-999,-1,-999,-1,20,PM10
bkp60t,2026-07-01,00:00,13,8.0,15,29,-999,-1,-999,-1,-999,-1,-999,-1,15,PM10
bkp61t,2026-07-01,00:00,17,10.2,11,21,-999,-1,-999,-1,-999,-1,-999,-1,17,PM25
bkp62t,2026-07-01,00:00,27,15.5,-999,-1,-999,-1,-999,-1,-999,-1,-999,-1,27,PM25
bkp63t,2026-07-01,00:00,15,9.1,-999,-1,-999,-1,-999,-1,-999,-1,-999,-1,15,PM25
bkp64t,2026-07-01,00:00,24,14.3,-999,-1,-999,-1,-999,-1,-999,-1,-999,-1,24,PM25
bkp65t,2026-07-01,00:00,22,13.3,-999,-1,-999,-1,-999,-1,-999,-1,-999,-1,22,PM25
bkp66t,2026-07-01,00:00,21,12.4,-999,-1,-999,-1,-999,-1,-999,-1,-999,-1,21,PM25
bkp67t,2026-07-01,00:00,23,13.5,-999,-1,-999,-1,-999,-1,-999,-1,-999,-1,23,PM25
bkp69t,2026-07-01,00:00,17,10.0,-999,-1,-999,-1,-999,-1,-999,-1,-999,-1,17,PM25
bkp70t,2026-07-01,00:00,14,8.5,12,23,-999,-1,-999,-1,-999,-1,-999,-1,14,PM25
bkp71t,2026-07-01,00:00,8,5.0,17,33,-999,-1,-999,-1,-999,-1,-999,-1,17,PM10
bkp72t,2026-07-01,00:00,36,19.4,39,67,-999,-1,-999,-1,-999,-1,-999,-1,39,PM10
bkp73t,2026-07-01,00:00,14,8.6,-999,-1,-999,-1,-999,-1,-999,-1,-999,-1,14,PM25
bkp74t,2026-07-01,00:00,11,6.3,6,11,-999,-1,-999,-1,-999,-1,-999,-1,11,PM25
bkp75t,2026-07-01,00:00,18,10.9,15,30,-999,-1,-999,-1,-999,-1,-999,-1,18,PM25
bkp76t,2026-07-01,00:00,12,7.3,-999,-1,-999,-1,-999,-1,-999,-1,-999,-1,12,PM25
bkp77t,2026-07-01,00:00,16,9.8,10,20,-999,-1,-999,-1,-999,-1,-999,-1,16,PM25
bkp78t,2026-07-01,00:00,33,17.9,-999,-1,-999,-1,-999,-1,-999,-1,-999,-1,33,PM25
bkp79t,2026-07-01,00:00,22,12.9,19,37,-999,-1,-999,-1,-999,-1,-999,-1,22,PM25
bkp80t,2026-07-01,00:00,24,14.2,25,49,-999,-1,-999,-1,-999,-1,-999,-1,25,PM10
bkp81t,2026-07-01,00:00,30,16.8,31,57,-999,-1,-999,-1,-999,-1,-999,-1,31,PM10
bkp82t,2026-07-01,00:00,16,9.3,-999,-1,-999,-1,-999,-1,-999,-1,-999,-1,16,PM25
bkp83t,2026-07-01,00:00,11,6.6,-999,-1,-999,-1,-999,-1,-999,-1,-999,-1,11,PM25
bkp84t,2026-07-01,00:00,27,15.5,26,51,-999,-1,-999,-1,-999,-1,-999,-1,27,PM25
bkp85t,2026-07-01,00:00,20,12.0,-999,-1,-999,-1,-999,-1,-999,-1,-999,-1,20,PM25
bkp86t,2026-07-01,00:00,16,9.7,9,17,-999,-1,-999,-1,-999,-1,-999,-1,16,PM25
bkp87t,2026-07-01,00:00,13,8.0,8,16,-999,-1,-999,-1,-999,-1,-999,-1,13,PM25
bkp89t,2026-07-01,00:00,23,13.9,21,42,-999,-1,-999,-1,-999,-1,-999,-1,23,PM25
bkp90t,2026-07-01,00:00,21,12.4,19,38,-999,-1,-999,-1,-999,-1,-999,-1,21,PM25
bkp91t,2026-07-01,00:00,16,9.3,21,41,-999,-1,-999,-1,-999,-1,-999,-1,21,PM10
bkp92t,2026-07-01,00:00,19,11.6,-999,-1,-999,-1,-999,-1,-999,-1,-999,-1,19,PM25
bkp93t,2026-07-01,00:00,11,6.5,10,19,-999,-1,-999,-1,-999,-1,-999,-1,11,PM25
bkp94t,2026-07-01,00:00,23,13.5,-999,-1,-999,-1,-999,-1,-999,-1,-999,-1,23,PM25
bkp95t,2026-07-01,00:00,19,11.4,-999,-1,-999,-1,-999,-1,-999,-1,-999,-1,19,PM25
bkp96t,2026-07-01,00:00,15,8.7,10,20,-999,-1,-999,-1,-999,-1,-999,-1,15,PM25
bkp97t,2026-07-01,00:00,19,11.3,-999,-1,-999,-1,-999,-1,-999,-1,-999,-1,19,PM25
bkp98t,2026-07-01,00:00,22,13.2,-999,-1,-999,-1,-999,-1,-999,-1,-999,-1,22,PM25
bkp99t,2026-07-01,00:00,15,8.7,7,14,-999,-1,-999,-1,-999,-1,-999,-1,15,PM25
o10,2026-07-01,00:00,15,8.8,-999,-1,-999,-1,-999,-1,-999,-1,-999,-1,15,PM25
o28,2026-07-01,00:00,15,8.9,-999,-1,-999,-1,-999,-1,-999,-1,-999,-1,15,PM25
o38,2026-07-01,00:00,12,7.1,-1,-1,-999,-1,-999,-1,-999,-1,-999,-1,12,PM25
o72,2026-07-01,00:00,12,7.3,-999,-1,-999,-1,-999,-1,-999,-1,-999,-1,12,PM25
50t,2026-07-01,01:00,21,12.3,-1,-1,-999,-1,-1,-1,-1,-1,-999,-1,21,PM25
bkp115t,2026-07-01,01:00,12,6.9,-999,-1,-999,-1,-999,-1,-999,-1,-999,-1,12,PM25
02t,2026-07-01,02:00,17,10.0,-1,-1,-1,-1,-1,-1,-1,-1,-1,-1,17,PM25
08t,2026-07-01,02:00,24,14.5,-1,-1,-1,-1,-1,-1,-1,-1,-1,-1,24,PM25
100t,2026-07-01,02:00,11,6.8,14,28,6,8,1,0.10,1,3,0,0,14,PM10
101t,2026-07-01,02:00,8,5.0,6,11,25,35,14,2.40,0,1,0,0,25,O3
102t,2026-07-01,02:00,21,12.7,10,20,-1,-1,-1,-1,-1,-1,0,1,21,PM25
103t,2026-07-01,02:00,22,13.4,11,21,-1,-1,1,0.20,3,6,0,0,22,PM25
104t,2026-07-01,02:00,14,8.3,-1,-1,14,19,1,0.10,1,2,0,1,14,PM25
105t,2026-07-01,02:00,15,8.7,-999,-1,12,17,1,0.10,3,6,0,0,15,PM25
106t,2026-07-01,02:00,10,6.1,-999,-1,3,4,2,0.30,0,1,0,0,10,PM25
107t,2026-07-01,02:00,20,11.9,-1,-1,17,24,1,0.20,1,3,0,1,20,PM25
108t,2026-07-01,02:00,14,8.2,-1,-1,16,23,10,1.80,2,4,0,1,16,O3
109t,2026-07-01,02:00,12,7.4,-1,-1,17,24,1,0.10,0,1,1,2,17,O3
110t,2026-07-01,02:00,12,7.0,-999,-1,20,28,1,0.20,0,0,0,1,20,O3
111t,2026-07-01,02:00,7,4.1,-999,-1,16,23,1,0.20,1,2,0,0,16,O3
112t,2026-07-01,02:00,8,4.5,-999,-1,17,24,0,0.00,0,0,11,42,17,O3
113t,2026-07-01,02:00,14,8.1,9,17,21,29,1,0.20,0,0,0,1,21,O3
114t,2026-07-01,02:00,14,8.6,9,18,14,19,2,0.40,1,2,0,0,14,PM25
115t,2026-07-01,02:00,13,7.8,8,16,12,17,1,0.20,0,0,0,1,13,PM25
116t,2026-07-01,02:00,9,5.1,8,15,14,20,1,0.10,1,3,0,1,14,O3
117t,2026-07-01,02:00,17,9.9,-999,-1,7,10,1,0.20,1,2,0,1,17,PM25
118t,2026-07-01,02:00,8,4.5,-1,-1,8,11,-1,-1,1,2,0,0,8,PM25
119t,2026-07-01,02:00,9,5.5,-1,-1,12,17,5,0.90,1,2,1,2,12,O3
120t,2026-07-01,02:00,10,5.9,-1,-1,9,13,3,0.50,3,7,0,0,10,PM25
121t,2026-07-01,02:00,14,8.4,-1,-1,6,9,1,0.20,1,3,1,3,14,PM25
13t,2026-07-01,02:00,8,4.7,7,14,11,15,2,0.30,4,9,0,1,11,O3
14t,2026-07-01,02:00,22,13.4,-1,-1,5,7,2,0.40,3,8,0,1,22,PM25
16t,2026-07-01,02:00,18,10.6,10,20,-1,-1,-1,-1,-1,-1,-1,-1,18,PM25
17t,2026-07-01,02:00,16,9.3,-1,-1,-1,-1,-1,-1,-1,-1,-1,-1,16,PM25
18t,2026-07-01,02:00,35,18.9,-1,-1,-1,-1,-1,-1,-1,-1,-1,-1,35,PM25
19t,2026-07-01,02:00,17,10.4,-1,-1,-1,-1,-1,-1,-1,-1,-1,-1,17,PM25
20t,2026-07-01,02:00,22,13.1,13,25,-1,-1,-1,-1,-1,-1,-1,-1,22,PM25
21t,2026-07-01,02:00,11,6.5,-1,-1,-1,-1,-1,-1,-1,-1,-1,-1,11,PM25
22t,2026-07-01,02:00,9,5.4,7,14,-1,-1,-1,-1,-1,-1,-1,-1,9,PM25
24t,2026-07-01,02:00,22,13.1,21,41,-1,-1,-1,-1,-1,-1,-1,-1,22,PM25
25t,2026-07-01,02:00,20,12.0,10,19,-1,-1,-999,-1,-1,-1,-999,-1,20,PM25
26t,2026-07-01,02:00,19,11.3,-1,-1,-1,-1,-1,-1,-1,-1,-1,-1,19,PM25
28t,2026-07-01,02:00,18,10.6,-1,-1,-1,-1,-1,-1,-1,-1,-1,-1,18,PM25
29t,2026-07-01,02:00,28,16.1,16,32,-1,-1,-1,-1,-1,-1,-1,-1,28,PM25
30t,2026-07-01,02:00,18,10.5,12,24,11,15,1,0.10,3,7,-1,-1,18,PM25
31t,2026-07-01,02:00,13,7.8,-1,-1,-1,-1,-1,-1,-1,-1,-1,-1,13,PM25
32t,2026-07-01,02:00,16,9.3,-1,-1,-1,-1,-999,-1,-1,-1,-1,-1,16,PM25
33t,2026-07-01,02:00,20,12.1,-1,-1,-1,-1,-999,-1,-1,-1,-999,-1,20,PM25
34t,2026-07-01,02:00,52,25.4,-1,-1,-1,-1,-1,-1,-1,-1,-999,-1,52,PM25
35t,2026-07-01,02:00,25,14.8,-1,-1,-1,-1,-1,-1,-1,-1,-1,-1,25,PM25
36t,2026-07-01,02:00,14,8.3,-1,-1,-999,-1,-1,-1,-1,-1,-1,-1,14,PM25
40t,2026-07-01,02:00,18,10.5,-1,-1,-1,-1,-999,-1,-1,-1,-1,-1,18,PM25
46t,2026-07-01,02:00,26,15.1,-1,-1,-1,-1,-1,-1,-1,-1,-1,-1,26,PM25
47t,2026-07-01,02:00,19,11.3,-1,-1,-1,-1,-1,-1,-1,-1,-1,-1,19,PM25
52t,2026-07-01,02:00,20,12.1,-1,-1,-1,-1,-1,-1,-1,-1,-1,-1,20,PM25
53t,2026-07-01,02:00,17,10.1,-1,-1,-999,-1,-1,-1,-1,-1,-999,-1,17,PM25
57t,2026-07-01,02:00,13,7.6,15,29,-1,-1,-1,-1,-1,-1,-999,-1,15,PM10
58t,2026-07-01,02:00,12,7.2,6,12,-1,-1,-1,-1,-1,-1,-999,-1,12,PM25
59t,2026-07-01,02:00,12,7.3,9,18,12,17,2,0.40,6,15,-999,-1,12,PM25
60t,2026-07-01,02:00,20,11.8,-1,-1,-1,-1,-999,-1,-1,-1,-1,-1,20,PM25
67t,2026-07-01,02:00,32,17.4,-1,-1,-1,-1,-1,-1,-1,-1,-1,-1,32,PM25
68t,2026-07-01,02:00,22,13.0,-1,-1,-1,-1,-1,-1,-1,-1,-1,-1,22,PM25
69t,2026-07-01,02:00,17,9.9,-1,-1,-1,-1,-1,-1,-1,-1,-1,-1,17,PM25
70t,2026-07-01,02:00,20,11.9,-1,-1,-1,-1,-1,-1,-1,-1,-999,-1,20,PM25
71t,2026-07-01,02:00,12,7.0,-1,-1,9,12,0,0.00,1,2,2,9,12,PM25
73t,2026-07-01,02:00,23,13.8,-1,-1,-1,-1,-1,-1,-1,-1,0,0,23,PM25
74t,2026-07-01,02:00,17,10.1,-1,-1,-1,-1,-1,-1,-1,-1,-1,-1,17,PM25
75t,2026-07-01,02:00,12,7.4,-1,-1,-1,-1,-1,-1,0,1,2,7,12,PM25
77t,2026-07-01,02:00,23,13.8,15,29,-1,-1,-999,-1,-1,-1,-1,-1,23,PM25
78t,2026-07-01,02:00,9,5.6,-1,-1,-999,-1,-999,-1,-999,-1,-999,-1,9,PM25
79t,2026-07-01,02:00,28,16.1,-1,-1,-1,-1,-1,-1,-1,-1,-1,-1,28,PM25
81t,2026-07-01,02:00,20,12.0,-1,-1,-1,-1,-1,-1,-1,-1,-1,-1,20,PM25
82t,2026-07-01,02:00,21,12.5,31,57,21,29,2,0.30,-1,-1,-1,-1,31,PM10
83t,2026-07-01,02:00,9,5.4,6,12,-1,-1,-1,-1,-1,-1,-1,-1,9,PM25
84t,2026-07-01,02:00,13,7.7,9,18,9,12,-1,-1,-1,-1,-1,-1,13,PM25
85t,2026-07-01,02:00,11,6.5,-1,-1,-1,-1,-1,-1,-1,-1,-1,-1,11,PM25
86t,2026-07-01,02:00,10,6.1,7,14,-1,-1,5,0.80,8,19,-1,-1,10,PM25
87t,2026-07-01,02:00,16,9.7,-1,-1,-1,-1,-1,-1,0,0,-1,-1,16,PM25
88t,2026-07-01,02:00,16,9.3,12,23,-1,-1,-1,-1,1,2,-1,-1,16,PM25
90t,2026-07-01,02:00,17,10.3,8,15,-1,-1,-1,-1,-1,-1,-1,-1,17,PM25
91t,2026-07-01,02:00,16,9.4,-1,-1,-1,-1,-1,-1,-1,-1,-1,-1,16,PM25
92t,2026-07-01,02:00,14,8.2,9,18,-1,-1,-1,-1,-1,-1,-1,-1,14,PM25
93t,2026-07-01,02:00,9,5.6,7,14,-1,-1,1,0.10,2,5,0,0,9,PM25
94t,2026-07-01,02:00,12,7.0,7,14,-1,-1,-1,-1,-1,-1,-1,-1,12,PM25
95t,2026-07-01,02:00,10,6.1,6,11,-1,-1,-1,-1,-1,-1,-1,-1,10,PM25
96t,2026-07-01,02:00,9,5.3,7,14,-1,-1,0,0.00,1,3,0,1,9,PM25
97t,2026-07-01,02:00,16,9.6,-1,-1,12,17,0,0.00,1,2,1,3,16,PM25
98t,2026-07-01,02:00,17,10.4,11,22,11,16,2,0.30,-1,-1,0,0,17,PM25
99t,2026-07-01,02:00,15,8.9,6,12,13,18,1,0.20,2,4,1,3,15,PM25
bkp100t,2026-07-01,02:00,9,5.2,-999,-1,-999,-1,-999,-1,-999,-1,-999,-1,9,PM25
bkp101t,2026-07-01,02:00,22,13.3,9,17,-999,-1,-999,-1,-999,-1,-999,-1,22,PM25
bkp102t,2026-07-01,02:00,13,7.6,13,26,-999,-1,-999,-1,-999,-1,-999,-1,13,PM25
bkp103t,2026-07-01,02:00,16,9.7,-999,-1,-999,-1,-999,-1,-999,-1,-999,-1,16,PM25
bkp104t,2026-07-01,02:00,15,8.7,13,25,-999,-1,-999,-1,-999,-1,-999,-1,15,PM25
bkp105t,2026-07-01,02:00,24,14.4,-999,-1,-999,-1,-999,-1,-999,-1,-999,-1,24,PM25
bkp114t,2026-07-01,02:00,12,6.9,-999,-1,-999,-1,-999,-1,-999,-1,-999,-1,12,PM25
bkp116t,2026-07-01,02:00,11,6.5,-999,-1,-999,-1,-999,-1,-999,-1,-999,-1,11,PM25
bkp117t,2026-07-01,02:00,12,7.1,-999,-1,-999,-1,-999,-1,-999,-1,-999,-1,12,PM25
bkp118t,2026-07-01,02:00,21,12.4,-999,-1,-999,-1,-999,-1,-999,-1,-999,-1,21,PM25
bkp119t,2026-07-01,02:00,11,6.8,-999,-1,-999,-1,-999,-1,-999,-1,-999,-1,11,PM25
bkp120t,2026-07-01,02:00,11,6.4,-999,-1,-999,-1,-999,-1,-999,-1,-999,-1,11,PM25
bkp121t,2026-07-01,02:00,13,7.8,-999,-1,-999,-1,-999,-1,-999,-1,-999,-1,13,PM25
bkp122t,2026-07-01,02:00,10,6.0,-999,-1,-999,-1,-999,-1,-999,-1,-999,-1,10,PM25
bkp123t,2026-07-01,02:00,9,5.4,-999,-1,-999,-1,-999,-1,-999,-1,-999,-1,9,PM25
bkp124t,2026-07-01,02:00,18,11.0,-999,-1,-999,-1,-999,-1,-999,-1,-999,-1,18,PM25
bkp125t,2026-07-01,02:00,19,11.5,-999,-1,-999,-1,-999,-1,-999,-1,-999,-1,19,PM25
bkp126t,2026-07-01,02:00,12,7.1,-999,-1,-999,-1,-999,-1,-999,-1,-999,-1,12,PM25
bkp127t,2026-07-01,02:00,16,9.5,-999,-1,-999,-1,-999,-1,-999,-1,-999,-1,16,PM25
bkp128t,2026-07-01,02:00,13,8.0,-999,-1,-999,-1,-999,-1,-999,-1,-999,-1,13,PM25
bkp129t,2026-07-01,02:00,14,8.2,-999,-1,-999,-1,-999,-1,-999,-1,-999,-1,14,PM25
bkp130t,2026-07-01,02:00,8,5.0,-999,-1,-999,-1,-999,-1,-999,-1,-999,-1,8,PM25
bkp131t,2026-07-01,02:00,12,7.0,-999,-1,-999,-1,-999,-1,-999,-1,-999,-1,12,PM25
bkp133t,2026-07-01,02:00,14,8.6,-999,-1,-999,-1,-999,-1,-999,-1,-999,-1,14,PM25
bkp56t,2026-07-01,02:00,17,10.3,20,40,-999,-1,-999,-1,-999,-1,-999,-1,20,PM10
bkp57t,2026-07-01,02:00,21,12.3,18,36,-999,-1,-999,-1,-999,-1,-999,-1,21,PM25
bkp58t,2026-07-01,02:00,27,15.7,28,53,-999,-1,-999,-1,-999,-1,-999,-1,28,PM10
bkp59t,2026-07-01,02:00,15,9.0,20,39,-999,-1,-999,-1,-999,-1,-999,-1,20,PM10
bkp60t,2026-07-01,02:00,14,8.2,15,30,-999,-1,-999,-1,-999,-1,-999,-1,15,PM10
bkp61t,2026-07-01,02:00,17,10.3,11,22,-999,-1,-999,-1,-999,-1,-999,-1,17,PM25
bkp62t,2026-07-01,02:00,27,15.7,-999,-1,-999,-1,-999,-1,-999,-1,-999,-1,27,PM25
bkp63t,2026-07-01,02:00,16,9.4,-999,-1,-999,-1,-999,-1,-999,-1,-999,-1,16,PM25
bkp64t,2026-07-01,02:00,25,14.7,-999,-1,-999,-1,-999,-1,-999,-1,-999,-1,25,PM25
bkp65t,2026-07-01,02:00,22,13.4,-999,-1,-999,-1,-999,-1,-999,-1,-999,-1,22,PM25
bkp66t,2026-07-01,02:00,21,12.7,-999,-1,-999,-1,-999,-1,-999,-1,-999,-1,21,PM25
bkp67t,2026-07-01,02:00,23,13.5,-999,-1,-999,-1,-999,-1,-999,-1,-999,-1,23,PM25
bkp69t,2026-07-01,02:00,17,9.9,-999,-1,-999,-1,-999,-1,-999,-1,-999,-1,17,PM25
bkp70t,2026-07-01,02:00,13,7.7,12,23,-999,-1,-999,-1,-999,-1,-999,-1,13,PM25
bkp71t,2026-07-01,02:00,8,5.0,16,32,-999,-1,-999,-1,-999,-1,-999,-1,16,PM10
bkp72t,2026-07-01,02:00,36,19.3,38,66,-999,-1,-999,-1,-999,-1,-999,-1,38,PM10
bkp73t,2026-07-01,02:00,15,8.9,-999,-1,-999,-1,-999,-1,-999,-1,-999,-1,15,PM25
bkp74t,2026-07-01,02:00,11,6.3,6,11,-999,-1,-999,-1,-999,-1,-999,-1,11,PM25
bkp75t,2026-07-01,02:00,18,10.7,15,30,-999,-1,-999,-1,-999,-1,-999,-1,18,PM25
bkp76t,2026-07-01,02:00,13,7.5,-999,-1,-999,-1,-999,-1,-999,-1,-999,-1,13,PM25
bkp77t,2026-07-01,02:00,16,9.5,11,21,-999,-1,-999,-1,-999,-1,-999,-1,16,PM25
bkp78t,2026-07-01,02:00,32,17.7,-999,-1,-999,-1,-999,-1,-999,-1,-999,-1,32,PM25
bkp79t,2026-07-01,02:00,22,13.2,19,37,-999,-1,-999,-1,-999,-1,-999,-1,22,PM25
bkp80t,2026-07-01,02:00,23,14.0,25,50,-999,-1,-999,-1,-999,-1,-999,-1,25,PM10
bkp81t,2026-07-01,02:00,31,17.0,31,57,-999,-1,-999,-1,-999,-1,-999,-1,31,PM25
bkp82t,2026-07-01,02:00,16,9.4,-999,-1,-999,-1,-999,-1,-999,-1,-999,-1,16,PM25
bkp83t,2026-07-01,02:00,11,6.7,-999,-1,-999,-1,-999,-1,-999,-1,-999,-1,11,PM25
bkp84t,2026-07-01,02:00,26,15.3,33,59,-999,-1,-999,-1,-999,-1,-999,-1,33,PM10
bkp85t,2026-07-01,02:00,20,12.1,-999,-1,-999,-1,-999,-1,-999,-1,-999,-1,20,PM25
bkp86t,2026-07-01,02:00,16,9.6,9,17,-999,-1,-999,-1,-999,-1,-999,-1,16,PM25
bkp87t,2026-07-01,02:00,14,8.1,9,17,-999,-1,-999,-1,-999,-1,-999,-1,14,PM25
bkp88t,2026-07-01,02:00,12,7.1,-999,-1,-999,-1,-999,-1,-999,-1,-999,-1,12,PM25
bkp89t,2026-07-01,02:00,23,13.8,22,43,-999,-1,-999,-1,-999,-1,-999,-1,23,PM25
bkp90t,2026-07-01,02:00,21,12.4,19,37,-999,-1,-999,-1,-999,-1,-999,-1,21,PM25
bkp91t,2026-07-01,02:00,15,9.2,20,40,-999,-1,-999,-1,-999,-1,-999,-1,20,PM10
bkp92t,2026-07-01,02:00,19,11.6,-999,-1,-999,-1,-999,-1,-999,-1,-999,-1,19,PM25
bkp93t,2026-07-01,02:00,11,6.3,10,19,-999,-1,-999,-1,-999,-1,-999,-1,11,PM25
bkp94t,2026-07-01,02:00,22,13.1,-999,-1,-999,-1,-999,-1,-999,-1,-999,-1,22,PM25
bkp95t,2026-07-01,02:00,20,12.1,-999,-1,-999,-1,-999,-1,-999,-1,-999,-1,20,PM25
bkp96t,2026-07-01,02:00,15,8.8,10,20,-999,-1,-999,-1,-999,-1,-999,-1,15,PM25
bkp97t,2026-07-01,02:00,20,12.1,-999,-1,-999,-1,-999,-1,-999,-1,-999,-1,20,PM25
bkp98t,2026-07-01,02:00,22,13.3,-999,-1,-999,-1,-999,-1,-999,-1,-999,-1,22,PM25
bkp99t,2026-07-01,02:00,14,8.6,8,15,-999,-1,-999,-1,-999,-1,-999,-1,14,PM25
o10,2026-07-01,02:00,15,9.0,-999,-1,-999,-1,-999,-1,-999,-1,-999,-1,15,PM25
o28,2026-07-01,02:00,16,9.3,-999,-1,-999,-1,-999,-1,-999,-1,-999,-1,16,PM25
o38,2026-07-01,02:00,12,7.0,-1,-1,-999,-1,-999,-1,-999,-1,-999,-1,12,PM25
o72,2026-07-01,02:00,12,7.3,-999,-1,-999,-1,-999,-1,-999,-1,-999,-1,12,PM25
32t,2026-07-01,03:00,16,9.6,-1,-1,-1,-1,-999,-1,-1,-1,-1,-1,16,PM25
50t,2026-07-01,03:00,21,12.6,-1,-1,-999,-1,-1,-1,-1,-1,-999,-1,21,PM25
99t,2026-07-01,03:00,16,9.3,6,12,11,16,1,0.20,2,4,1,4,16,PM25
02t,2026-07-01,04:00,17,10.3,-1,-1,-1,-1,-1,-1,-1,-1,-1,-1,17,PM25
08t,2026-07-01,04:00,24,14.4,-1,-1,-1,-1,-1,-1,-1,-1,-1,-1,24,PM25
100t,2026-07-01,04:00,12,7.0,14,28,6,8,1,0.10,3,6,0,0,14,PM10
101t,2026-07-01,04:00,8,5.0,6,11,23,32,14,2.40,1,2,0,0,23,O3
102t,2026-07-01,04:00,21,12.7,10,20,-1,-1,-1,-1,-1,-1,-1,-1,21,PM25
103t,2026-07-01,04:00,23,14.0,11,22,-1,-1,1,0.20,3,6,0,0,23,PM25
104t,2026-07-01,04:00,14,8.3,-1,-1,10,14,1,0.10,1,2,0,1,14,PM25
105t,2026-07-01,04:00,15,9.1,-999,-1,9,12,1,0.10,3,6,0,0,15,PM25
106t,2026-07-01,04:00,10,5.7,-999,-1,4,6,1,0.20,0,0,0,0,10,PM25
107t,2026-07-01,04:00,19,11.4,-1,-1,16,23,1,0.10,1,3,0,1,19,PM25
108t,2026-07-01,04:00,13,8.0,-1,-1,14,20,10,1.70,2,5,1,2,14,O3
109t,2026-07-01,04:00,12,7.4,-1,-1,16,23,1,0.10,1,2,1,2,16,O3
110t,2026-07-01,04:00,12,7.2,-999,-1,21,29,1,0.20,0,0,0,1,21,O3
111t,2026-07-01,04:00,7,4.1,-999,-1,15,21,1,0.10,0,1,0,0,15,O3
112t,2026-07-01,04:00,8,4.5,-999,-1,17,24,0,0.00,0,0,10,40,17,O3
113t,2026-07-01,04:00,14,8.1,9,17,19,27,1,0.10,0,0,0,1,19,O3
114t,2026-07-01,04:00,15,8.8,9,17,12,17,2,0.40,1,2,0,0,15,PM25
115t,2026-07-01,04:00,13,7.9,8,16,11,16,1,0.20,0,0,0,1,13,PM25
116t,2026-07-01,04:00,9,5.5,8,16,13,18,1,0.10,1,3,0,1,13,O3
117t,2026-07-01,04:00,17,10.1,-999,-1,6,9,1,0.10,0,1,0,1,17,PM25
118t,2026-07-01,04:00,7,4.4,-1,-1,9,12,-1,-1,1,3,0,0,9,O3
119t,2026-07-01,04:00,10,5.7,-1,-1,14,19,5,0.90,0,0,1,2,14,O3
120t,2026-07-01,04:00,11,6.3,-1,-1,7,10,3,0.50,4,10,0,0,11,PM25
121t,2026-07-01,04:00,14,8.4,-1,-1,6,8,1,0.20,1,3,1,3,14,PM25
13t,2026-07-01,04:00,8,5.0,7,14,9,12,2,0.30,3,8,0,1,9,O3
14t,2026-07-01,04:00,22,13.2,-1,-1,5,7,2,0.30,4,9,0,1,22,PM25
16t,2026-07-01,04:00,16,9.8,10,19,-1,-1,-1,-1,-1,-1,-1,-1,16,PM25
17t,2026-07-01,04:00,15,8.8,-1,-1,-1,-1,-1,-1,-1,-1,-1,-1,15,PM25
18t,2026-07-01,04:00,34,18.6,-1,-1,-1,-1,-1,-1,-1,-1,-1,-1,34,PM25
19t,2026-07-01,04:00,17,10.3,-1,-1,-1,-1,-1,-1,-1,-1,-1,-1,17,PM25
20t,2026-07-01,04:00,23,13.5,13,25,-1,-1,-1,-1,-1,-1,-1,-1,23,PM25
21t,2026-07-01,04:00,11,6.8,-1,-1,-1,-1,-1,-1,-1,-1,-1,-1,11,PM25
22t,2026-07-01,04:00,10,5.7,7,14,-1,-1,-1,-1,-1,-1,-1,-1,10,PM25
24t,2026-07-01,04:00,22,13.4,21,41,-1,-1,-1,-1,-1,-1,-1,-1,22,PM25
25t,2026-07-01,04:00,20,12.1,10,20,-1,-1,-999,-1,-1,-1,-999,-1,20,PM25
26t,2026-07-01,04:00,19,11.3,-1,-1,-1,-1,-1,-1,-1,-1,-1,-1,19,PM25
28t,2026-07-01,04:00,19,11.2,-1,-1,-1,-1,-1,-1,-1,-1,-1,-1,19,PM25
29t,2026-07-01,04:00,28,16.1,16,32,-1,-1,-1,-1,-1,-1,-1,-1,28,PM25
30t,2026-07-01,04:00,18,10.7,12,24,10,14,1,0.10,0,1,0,0,18,PM25
31t,2026-07-01,04:00,14,8.3,-1,-1,-1,-1,-1,-1,-1,-1,-1,-1,14,PM25
33t,2026-07-01,04:00,20,11.7,-1,-1,-1,-1,-999,-1,-1,-1,-999,-1,20,PM25
34t,2026-07-01,04:00,54,25.9,-1,-1,-1,-1,-1,-1,-1,-1,-999,-1,54,PM25
35t,2026-07-01,04:00,24,14.6,-1,-1,-1,-1,-1,-1,-1,-1,-1,-1,24,PM25
36t,2026-07-01,04:00,13,7.8,-1,-1,-999,-1,-1,-1,-1,-1,-1,-1,13,PM25
40t,2026-07-01,04:00,18,10.5,-1,-1,-1,-1,-999,-1,-1,-1,-1,-1,18,PM25
46t,2026-07-01,04:00,25,15.0,-1,-1,-1,-1,-1,-1,-1,-1,-1,-1,25,PM25
47t,2026-07-01,04:00,19,11.6,-1,-1,-1,-1,-1,-1,-1,-1,-1,-1,19,PM25
52t,2026-07-01,04:00,21,12.3,-1,-1,-1,-1,-1,-1,-1,-1,-1,-1,21,PM25
53t,2026-07-01,04:00,16,9.7,-1,-1,-999,-1,-1,-1,-1,-1,-999,-1,16,PM25
57t,2026-07-01,04:00,13,7.8,15,30,-1,-1,-1,-1,-1,-1,-999,-1,15,PM10
58t,2026-07-01,04:00,12,7.3,6,12,-1,-1,-1,-1,-1,-1,-999,-1,12,PM25
59t,2026-07-01,04:00,12,7.3,10,19,10,14,2,0.40,5,12,-999,-1,12,PM25
60t,2026-07-01,04:00,19,11.3,-1,-1,-1,-1,-999,-1,-1,-1,-1,-1,19,PM25
61t,2026-07-01,04:00,21,12.7,-1,-1,-1,-1,-999,-1,-1,-1,-1,-1,21,PM25
67t,2026-07-01,04:00,31,17.3,-1,-1,-1,-1,-1,-1,-1,-1,-1,-1,31,PM25
68t,2026-07-01,04:00,22,13.3,-1,-1,-1,-1,-1,-1,-1,-1,-1,-1,22,PM25
69t,2026-07-01,04:00,16,9.8,-1,-1,-1,-1,-1,-1,-1,-1,-1,-1,16,PM25
70t,2026-07-01,04:00,21,12.3,-1,-1,-1,-1,-1,-1,-1,-1,-999,-1,21,PM25
71t,2026-07-01,04:00,12,7.3,7,13,9,12,0,0.00,0,1,2,9,12,PM25
73t,2026-07-01,04:00,23,13.7,-1,-1,-1,-1,-1,-1,-1,-1,0,0,23,PM25
74t,2026-07-01,04:00,17,10.2,-1,-1,-1,-1,-1,-1,-1,-1,-1,-1,17,PM25
75t,2026-07-01,04:00,12,7.1,-1,-1,-1,-1,-1,-1,0,1,2,7,12,PM25
77t,2026-07-01,04:00,23,13.8,15,29,-1,-1,-999,-1,-1,-1,-1,-1,23,PM25
78t,2026-07-01,04:00,9,5.5,-1,-1,-999,-1,-999,-1,-999,-1,-999,-1,9,PM25
79t,2026-07-01,04:00,30,16.7,-1,-1,-1,-1,-1,-1,-1,-1,-1,-1,30,PM25
81t,2026-07-01,04:00,22,13.3,-1,-1,-1,-1,-1,-1,-1,-1,-1,-1,22,PM25
82t,2026-07-01,04:00,21,12.5,30,56,21,29,1,0.20,0,1,-1,-1,30,PM10
83t,2026-07-01,04:00,9,5.4,6,12,-1,-1,-1,-1,-1,-1,-1,-1,9,PM25
84t,2026-07-01,04:00,12,7.4,9,17,7,10,-1,-1,-1,-1,-1,-1,12,PM25
85t,2026-07-01,04:00,12,7.2,-1,-1,-1,-1,-1,-1,-1,-1,-1,-1,12,PM25
86t,2026-07-01,04:00,11,6.4,8,15,-1,-1,5,0.80,7,16,-1,-1,11,PM25
87t,2026-07-01,04:00,16,9.8,-1,-1,-1,-1,-1,-1,0,0,-1,-1,16,PM25
88t,2026-07-01,04:00,15,9.1,11,22,-1,-1,-1,-1,1,2,-1,-1,15,PM25
90t,2026-07-01,04:00,18,10.6,8,15,-1,-1,-1,-1,-1,-1,-1,-1,18,PM25
91t,2026-07-01,04:00,16,9.6,-1,-1,-1,-1,-1,-1,-1,-1,-1,-1,16,PM25
92t,2026-07-01,04:00,14,8.2,9,18,-1,-1,-1,-1,-1,-1,-1,-1,14,PM25
93t,2026-07-01,04:00,9,5.6,7,14,-1,-1,1,0.10,1,3,0,0,9,PM25
94t,2026-07-01,04:00,11,6.4,7,13,-1,-1,-1,-1,-1,-1,-1,-1,11,PM25
95t,2026-07-01,04:00,10,6.2,6,11,-1,-1,-1,-1,-1,-1,-1,-1,10,PM25
96t,2026-07-01,04:00,9,5.5,7,14,-1,-1,0,0.00,1,3,0,1,9,PM25
97t,2026-07-01,04:00,16,9.6,-1,-1,11,16,0,0.00,1,2,1,3,16,PM25
98t,2026-07-01,04:00,18,10.6,11,22,9,13,1,0.20,-1,-1,0,0,18,PM25
bkp100t,2026-07-01,04:00,9,5.3,-999,-1,-999,-1,-999,-1,-999,-1,-999,-1,9,PM25
bkp101t,2026-07-01,04:00,22,13.3,9,17,-999,-1,-999,-1,-999,-1,-999,-1,22,PM25
bkp102t,2026-07-01,04:00,13,7.8,13,25,-999,-1,-999,-1,-999,-1,-999,-1,13,PM25
bkp103t,2026-07-01,04:00,17,10.2,-999,-1,-999,-1,-999,-1,-999,-1,-999,-1,17,PM25
bkp104t,2026-07-01,04:00,15,9.0,13,25,-999,-1,-999,-1,-999,-1,-999,-1,15,PM25
bkp105t,2026-07-01,04:00,23,13.9,-999,-1,-999,-1,-999,-1,-999,-1,-999,-1,23,PM25
bkp114t,2026-07-01,04:00,12,6.9,-999,-1,-999,-1,-999,-1,-999,-1,-999,-1,12,PM25
bkp115t,2026-07-01,04:00,12,7.0,-999,-1,-999,-1,-999,-1,-999,-1,-999,-1,12,PM25
bkp116t,2026-07-01,04:00,11,6.5,-999,-1,-999,-1,-999,-1,-999,-1,-999,-1,11,PM25
bkp117t,2026-07-01,04:00,12,7.0,-999,-1,-999,-1,-999,-1,-999,-1,-999,-1,12,PM25
bkp118t,2026-07-01,04:00,21,12.5,-999,-1,-999,-1,-999,-1,-999,-1,-999,-1,21,PM25
bkp119t,2026-07-01,04:00,12,6.9,-999,-1,-999,-1,-999,-1,-999,-1,-999,-1,12,PM25
bkp120t,2026-07-01,04:00,11,6.5,-999,-1,-999,-1,-999,-1,-999,-1,-999,-1,11,PM25
bkp121t,2026-07-01,04:00,12,7.3,-999,-1,-999,-1,-999,-1,-999,-1,-999,-1,12,PM25
bkp122t,2026-07-01,04:00,11,6.3,-999,-1,-999,-1,-999,-1,-999,-1,-999,-1,11,PM25
bkp123t,2026-07-01,04:00,9,5.6,-999,-1,-999,-1,-999,-1,-999,-1,-999,-1,9,PM25
bkp124t,2026-07-01,04:00,19,11.2,-999,-1,-999,-1,-999,-1,-999,-1,-999,-1,19,PM25
bkp125t,2026-07-01,04:00,19,11.5,-999,-1,-999,-1,-999,-1,-999,-1,-999,-1,19,PM25
bkp126t,2026-07-01,04:00,13,7.5,-999,-1,-999,-1,-999,-1,-999,-1,-999,-1,13,PM25
bkp127t,2026-07-01,04:00,16,9.7,-999,-1,-999,-1,-999,-1,-999,-1,-999,-1,16,PM25
bkp128t,2026-07-01,04:00,13,8.0,-999,-1,-999,-1,-999,-1,-999,-1,-999,-1,13,PM25
bkp129t,2026-07-01,04:00,14,8.3,-999,-1,-999,-1,-999,-1,-999,-1,-999,-1,14,PM25
bkp130t,2026-07-01,04:00,8,4.9,-999,-1,-999,-1,-999,-1,-999,-1,-999,-1,8,PM25
bkp131t,2026-07-01,04:00,12,7.3,-999,-1,-999,-1,-999,-1,-999,-1,-999,-1,12,PM25
bkp133t,2026-07-01,04:00,15,8.8,-999,-1,-999,-1,-999,-1,-999,-1,-999,-1,15,PM25
bkp56t,2026-07-01,04:00,17,10.2,20,39,-999,-1,-999,-1,-999,-1,-999,-1,20,PM10
bkp57t,2026-07-01,04:00,21,12.5,18,35,-999,-1,-999,-1,-999,-1,-999,-1,21,PM25
bkp58t,2026-07-01,04:00,27,15.6,26,51,-999,-1,-999,-1,-999,-1,-999,-1,27,PM25
bkp59t,2026-07-01,04:00,15,9.1,19,38,-999,-1,-999,-1,-999,-1,-999,-1,19,PM10
bkp60t,2026-07-01,04:00,13,8.0,15,30,-999,-1,-999,-1,-999,-1,-999,-1,15,PM10
bkp61t,2026-07-01,04:00,18,10.6,11,22,-999,-1,-999,-1,-999,-1,-999,-1,18,PM25
bkp62t,2026-07-01,04:00,26,15.3,-999,-1,-999,-1,-999,-1,-999,-1,-999,-1,26,PM25
bkp63t,2026-07-01,04:00,17,9.9,-999,-1,-999,-1,-999,-1,-999,-1,-999,-1,17,PM25
bkp64t,2026-07-01,04:00,25,15.0,-999,-1,-999,-1,-999,-1,-999,-1,-999,-1,25,PM25
bkp65t,2026-07-01,04:00,23,13.7,-999,-1,-999,-1,-999,-1,-999,-1,-999,-1,23,PM25
bkp66t,2026-07-01,04:00,22,13.0,-999,-1,-999,-1,-999,-1,-999,-1,-999,-1,22,PM25
bkp67t,2026-07-01,04:00,22,13.3,-999,-1,-999,-1,-999,-1,-999,-1,-999,-1,22,PM25
bkp69t,2026-07-01,04:00,18,10.5,-999,-1,-999,-1,-999,-1,-999,-1,-999,-1,18,PM25
bkp70t,2026-07-01,04:00,13,7.7,11,22,-999,-1,-999,-1,-999,-1,-999,-1,13,PM25
bkp71t,2026-07-01,04:00,8,4.9,16,31,-999,-1,-999,-1,-999,-1,-999,-1,16,PM10
bkp72t,2026-07-01,04:00,35,18.8,38,65,-999,-1,-999,-1,-999,-1,-999,-1,38,PM10
bkp73t,2026-07-01,04:00,15,9.2,-999,-1,-999,-1,-999,-1,-999,-1,-999,-1,15,PM25
bkp74t,2026-07-01,04:00,11,6.3,6,11,-999,-1,-999,-1,-999,-1,-999,-1,11,PM25
bkp75t,2026-07-01,04:00,19,11.2,15,29,-999,-1,-999,-1,-999,-1,-999,-1,19,PM25
bkp76t,2026-07-01,04:00,13,7.5,-999,-1,-999,-1,-999,-1,-999,-1,-999,-1,13,PM25
bkp77t,2026-07-01,04:00,16,9.5,11,21,-999,-1,-999,-1,-999,-1,-999,-1,16,PM25
bkp78t,2026-07-01,04:00,31,17.3,-999,-1,-999,-1,-999,-1,-999,-1,-999,-1,31,PM25
bkp79t,2026-07-01,04:00,21,12.8,19,37,-999,-1,-999,-1,-999,-1,-999,-1,21,PM25
bkp80t,2026-07-01,04:00,23,13.6,25,49,-999,-1,-999,-1,-999,-1,-999,-1,25,PM10
bkp81t,2026-07-01,04:00,31,17.0,32,58,-999,-1,-999,-1,-999,-1,-999,-1,32,PM10
bkp82t,2026-07-01,04:00,15,9.2,-999,-1,-999,-1,-999,-1,-999,-1,-999,-1,15,PM25
bkp83t,2026-07-01,04:00,11,6.6,-999,-1,-999,-1,-999,-1,-999,-1,-999,-1,11,PM25
bkp84t,2026-07-01,04:00,32,17.4,28,54,-999,-1,-999,-1,-999,-1,-999,-1,32,PM25
bkp85t,2026-07-01,04:00,20,12.1,-999,-1,-999,-1,-999,-1,-999,-1,-999,-1,20,PM25
bkp86t,2026-07-01,04:00,16,9.7,9,17,-999,-1,-999,-1,-999,-1,-999,-1,16,PM25
bkp87t,2026-07-01,04:00,14,8.6,9,18,-999,-1,-999,-1,-999,-1,-999,-1,14,PM25
bkp89t,2026-07-01,04:00,23,14.0,22,43,-999,-1,-999,-1,-999,-1,-999,-1,23,PM25
bkp90t,2026-07-01,04:00,21,12.6,19,37,-999,-1,-999,-1,-999,-1,-999,-1,21,PM25
bkp91t,2026-07-01,04:00,15,8.7,20,40,-999,-1,-999,-1,-999,-1,-999,-1,20,PM10
bkp92t,2026-07-01,04:00,19,11.5,-999,-1,-999,-1,-999,-1,-999,-1,-999,-1,19,PM25
bkp93t,2026-07-01,04:00,10,6.0,10,20,-999,-1,-999,-1,-999,-1,-999,-1,10,PM25
bkp94t,2026-07-01,04:00,22,13.0,-999,-1,-999,-1,-999,-1,-999,-1,-999,-1,22,PM25
bkp95t,2026-07-01,04:00,21,12.3,-999,-1,-999,-1,-999,-1,-999,-1,-999,-1,21,PM25
bkp96t,2026-07-01,04:00,15,9.1,10,20,-999,-1,-999,-1,-999,-1,-999,-1,15,PM25
bkp97t,2026-07-01,04:00,20,12.1,-999,-1,-999,-1,-999,-1,-999,-1,-999,-1,20,PM25
bkp98t,2026-07-01,04:00,23,13.6,-999,-1,-999,-1,-999,-1,-999,-1,-999,-1,23,PM25
bkp99t,2026-07-01,04:00,14,8.3,7,14,-999,-1,-999,-1,-999,-1,-999,-1,14,PM25
o10,2026-07-01,04:00,15,9.0,-999,-1,-999,-1,-999,-1,-999,-1,-999,-1,15,PM25
o28,2026-07-01,04:00,16,9.3,-999,-1,-999,-1,-999,-1,-999,-1,-999,-1,16,PM25
o38,2026-07-01,04:00,12,6.9,-1,-1,-999,-1,-999,-1,-999,-1,-999,-1,12,PM25
o72,2026-07-01,04:00,12,7.0,-999,-1,-999,-1,-999,-1,-999,-1,-999,-1,12,PM25
02t,2026-07-01,05:00,17,10.2,-1,-1,-1,-1,-1,-1,-1,-1,-1,-1,17,PM25
03t,2026-07-01,05:00,21,12.4,-1,-1,-1,-1,-1,-1,-1,-1,-999,-1,21,PM25
05t,2026-07-01,05:00,18,10.6,-1,-1,-1,-1,-1,-1,-1,-1,-1,-1,18,PM25
100t,2026-07-01,05:00,12,7.0,14,28,6,8,0,0.00,3,6,0,0,14,PM10
101t,2026-07-01,05:00,8,5.0,6,12,22,31,14,2.40,1,2,0,0,22,O3
102t,2026-07-01,05:00,21,12.6,10,20,-1,-1,-1,-1,-1,-1,0,1,21,PM25
103t,2026-07-01,05:00,24,14.2,11,22,-1,-1,1,0.10,3,7,0,0,24,PM25
105t,2026-07-01,05:00,15,9.2,-999,-1,6,9,1,0.20,3,7,-1,-1,15,PM25
106t,2026-07-01,05:00,10,5.8,-999,-1,5,7,1,0.20,0,0,0,0,10,PM25
107t,2026-07-01,05:00,19,11.1,-1,-1,16,22,1,0.10,1,3,0,1,19,PM25
108t,2026-07-01,05:00,13,8.0,-1,-1,14,19,10,1.70,2,4,1,2,14,O3
110t,2026-07-01,05:00,12,7.2,-999,-1,21,29,1,0.20,0,1,0,1,21,O3
114t,2026-07-01,05:00,15,8.8,9,17,12,17,2,0.30,1,2,0,0,15,PM25
115t,2026-07-01,05:00,13,8.0,8,16,11,16,1,0.20,0,0,0,1,13,PM25
116t,2026-07-01,05:00,9,5.6,8,16,12,17,1,0.10,1,3,0,1,12,O3
117t,2026-07-01,05:00,17,10.1,-999,-1,6,8,1,0.10,1,2,0,1,17,PM25
118t,2026-07-01,05:00,7,4.3,-1,-1,9,13,-1,-1,1,3,0,0,9,O3
119t,2026-07-01,05:00,10,6.1,-1,-1,13,18,5,0.90,0,0,1,2,13,O3
12t,2026-07-01,05:00,18,10.6,-1,-1,-1,-1,-1,-1,-1,-1,-1,-1,18,PM25
19t,2026-07-01,05:00,17,10.1,-1,-1,-1,-1,-1,-1,-1,-1,-1,-1,17,PM25
21t,2026-07-01,05:00,12,7.1,-1,-1,-1,-1,-1,-1,-1,-1,-1,-1,12,PM25
28t,2026-07-01,05:00,19,11.4,-1,-1,-1,-1,-1,-1,-1,-1,-1,-1,19,PM25
29t,2026-07-01,05:00,29,16.3,16,32,-1,-1,-1,-1,-1,-1,-1,-1,29,PM25
33t,2026-07-01,05:00,19,11.6,-1,-1,-1,-1,-999,-1,-1,-1,-999,-1,19,PM25
34t,2026-07-01,05:00,57,26.5,-1,-1,-1,-1,-1,-1,-1,-1,-999,-1,57,PM25
35t,2026-07-01,05:00,24,14.6,-1,-1,-1,-1,-1,-1,-1,-1,-1,-1,24,PM25
36t,2026-07-01,05:00,13,7.9,-1,-1,-999,-1,-1,-1,-1,-1,-1,-1,13,PM25
37t,2026-07-01,05:00,17,10.4,-1,-1,-1,-1,-1,-1,-1,-1,-1,-1,17,PM25
38t,2026-07-01,05:00,17,9.9,-1,-1,4,6,2,0.30,1,2,0,1,17,PM25
39t,2026-07-01,05:00,17,9.9,-1,-1,-1,-1,-999,-1,-1,-1,-1,-1,17,PM25
40t,2026-07-01,05:00,17,10.1,-1,-1,-1,-1,-999,-1,-1,-1,-1,-1,17,PM25
41t,2026-07-01,05:00,13,8.0,-1,-1,-1,-1,-1,-1,-1,-1,-1,-1,13,PM25
46t,2026-07-01,05:00,25,14.7,-1,-1,-1,-1,-1,-1,-1,-1,-1,-1,25,PM25
47t,2026-07-01,05:00,20,11.7,-1,-1,-1,-1,-1,-1,-1,-1,-1,-1,20,PM25
50t,2026-07-01,05:00,20,12.2,-1,-1,-999,-1,-1,-1,-1,-1,-999,-1,20,PM25
52t,2026-07-01,05:00,20,12.1,-1,-1,-1,-1,-1,-1,-1,-1,-1,-1,20,PM25
53t,2026-07-01,05:00,20,12.0,-1,-1,-999,-1,-1,-1,-1,-1,-999,-1,20,PM25
54t,2026-07-01,05:00,21,12.4,-1,-1,-1,-1,-1,-1,-1,-1,-1,-1,21,PM25
57t,2026-07-01,05:00,13,7.6,15,29,-1,-1,-1,-1,-1,-1,-999,-1,15,PM10
58t,2026-07-01,05:00,12,7.3,6,12,-1,-1,-1,-1,-1,-1,-999,-1,12,PM25
59t,2026-07-01,05:00,16,9.4,10,19,9,12,2,0.40,5,12,-999,-1,16,PM25
60t,2026-07-01,05:00,19,11.1,-1,-1,-1,-1,-999,-1,-1,-1,-1,-1,19,PM25
61t,2026-07-01,05:00,17,10.1,-1,-1,-1,-1,-999,-1,-1,-1,-1,-1,17,PM25
67t,2026-07-01,05:00,32,17.6,-1,-1,-1,-1,-1,-1,-1,-1,-1,-1,32,PM25
68t,2026-07-01,05:00,22,13.0,-1,-1,-1,-1,-1,-1,-1,-1,-1,-1,22,PM25
73t,2026-07-01,05:00,23,13.5,-1,-1,-1,-1,-1,-1,-1,-1,0,0,23,PM25
75t,2026-07-01,05:00,12,7.4,-1,-1,-1,-1,-1,-1,0,1,2,7,12,PM25
76t,2026-07-01,05:00,13,8.0,-1,-1,-1,-1,-1,-1,-1,-1,-999,-1,13,PM25
78t,2026-07-01,05:00,10,6.0,-1,-1,-999,-1,-999,-1,-999,-1,-999,-1,10,PM25
79t,2026-07-01,05:00,31,17.0,-1,-1,-1,-1,-1,-1,-1,-1,-1,-1,31,PM25
81t,2026-07-01,05:00,24,14.1,-1,-1,-1,-1,-1,-1,-1,-1,-1,-1,24,PM25
82t,2026-07-01,05:00,21,12.4,31,57,21,29,1,0.20,0,1,-1,-1,31,PM10
94t,2026-07-01,05:00,11,6.3,7,13,-1,-1,-1,-1,-1,-1,-1,-1,11,PM25
95t,2026-07-01,05:00,10,6.0,6,11,-1,-1,-1,-1,-1,-1,-1,-1,10,PM25
97t,2026-07-01,05:00,16,9.6,-1,-1,11,15,0,0.00,1,3,1,3,16,PM25
99t,2026-07-01,05:00,16,9.5,6,12,10,14,1,0.20,1,3,1,4,16,PM25
bkp114t,2026-07-01,05:00,11,6.7,-999,-1,-999,-1,-999,-1,-999,-1,-999,-1,11,PM25
bkp115t,2026-07-01,05:00,12,7.2,-999,-1,-999,-1,-999,-1,-999,-1,-999,-1,12,PM25
bkp116t,2026-07-01,05:00,11,6.5,-999,-1,-999,-1,-999,-1,-999,-1,-999,-1,11,PM25
bkp117t,2026-07-01,05:00,11,6.6,-999,-1,-999,-1,-999,-1,-999,-1,-999,-1,11,PM25
bkp118t,2026-07-01,05:00,21,12.5,-999,-1,-999,-1,-999,-1,-999,-1,-999,-1,21,PM25
bkp119t,2026-07-01,05:00,11,6.8,-999,-1,-999,-1,-999,-1,-999,-1,-999,-1,11,PM25
bkp120t,2026-07-01,05:00,11,6.8,-999,-1,-999,-1,-999,-1,-999,-1,-999,-1,11,PM25
bkp121t,2026-07-01,05:00,12,7.0,-999,-1,-999,-1,-999,-1,-999,-1,-999,-1,12,PM25
bkp122t,2026-07-01,05:00,11,6.5,-999,-1,-999,-1,-999,-1,-999,-1,-999,-1,11,PM25
bkp123t,2026-07-01,05:00,9,5.6,-999,-1,-999,-1,-999,-1,-999,-1,-999,-1,9,PM25
bkp124t,2026-07-01,05:00,19,11.5,-999,-1,-999,-1,-999,-1,-999,-1,-999,-1,19,PM25
bkp125t,2026-07-01,05:00,20,11.7,-999,-1,-999,-1,-999,-1,-999,-1,-999,-1,20,PM25
bkp126t,2026-07-01,05:00,13,7.6,-999,-1,-999,-1,-999,-1,-999,-1,-999,-1,13,PM25
bkp127t,2026-07-01,05:00,18,10.5,-999,-1,-999,-1,-999,-1,-999,-1,-999,-1,18,PM25
bkp128t,2026-07-01,05:00,13,7.8,-999,-1,-999,-1,-999,-1,-999,-1,-999,-1,13,PM25
bkp129t,2026-07-01,05:00,14,8.5,-999,-1,-999,-1,-999,-1,-999,-1,-999,-1,14,PM25
bkp130t,2026-07-01,05:00,8,4.8,-999,-1,-999,-1,-999,-1,-999,-1,-999,-1,8,PM25
bkp131t,2026-07-01,05:00,12,7.1,-999,-1,-999,-1,-999,-1,-999,-1,-999,-1,12,PM25
bkp73t,2026-07-01,05:00,16,9.5,-999,-1,-999,-1,-999,-1,-999,-1,-999,-1,16,PM25
bkp88t,2026-07-01,05:00,13,7.6,-999,-1,-999,-1,-999,-1,-999,-1,-999,-1,13,PM25
08t,2026-07-01,06:00,23,13.9,-1,-1,-1,-1,-1,-1,-1,-1,-1,-1,23,PM25
104t,2026-07-01,06:00,14,8.3,-1,-1,9,12,1,0.10,1,2,0,1,14,PM25
109t,2026-07-01,06:00,13,7.7,-1,-1,16,23,1,0.10,1,3,1,2,16,O3
111t,2026-07-01,06:00,7,4.2,-999,-1,14,19,1,0.10,1,3,0,0,14,O3
112t,2026-07-01,06:00,8,4.5,-999,-1,16,23,0,0.00,0,0,11,43,16,O3
113t,2026-07-01,06:00,14,8.1,9,17,19,26,1,0.10,0,0,0,1,19,O3
120t,2026-07-01,06:00,11,6.4,-1,-1,5,7,3,0.50,3,8,0,0,11,PM25
121t,2026-07-01,06:00,11,6.4,-1,-1,5,7,1,0.20,-1,-1,-1,-1,11,PM25
13t,2026-07-01,06:00,9,5.3,8,15,6,9,1,0.20,4,10,0,1,9,PM25
14t,2026-07-01,06:00,21,12.7,-1,-1,4,6,2,0.30,7,16,1,2,21,PM25
16t,2026-07-01,06:00,15,9.1,9,18,-1,-1,-1,-1,-1,-1,-1,-1,15,PM25
17t,2026-07-01,06:00,13,8.0,-1,-1,-1,-1,-1,-1,-1,-1,-1,-1,13,PM25
18t,2026-07-01,06:00,33,17.9,-1,-1,-1,-1,-1,-1,-1,-1,-1,-1,33,PM25
20t,2026-07-01,06:00,23,13.7,13,26,-1,-1,-1,-1,-1,-1,-1,-1,23,PM25
22t,2026-07-01,06:00,10,6.1,8,15,-1,-1,-1,-1,-1,-1,-1,-1,10,PM25
24t,2026-07-01,06:00,23,13.8,20,40,-1,-1,-1,-1,-1,-1,-1,-1,23,PM25
25t,2026-07-01,06:00,20,12.2,10,20,-1,-1,-999,-1,-1,-1,-999,-1,20,PM25
26t,2026-07-01,06:00,20,11.7,-1,-1,-1,-1,-1,-1,-1,-1,-1,-1,20,PM25
30t,2026-07-01,06:00,18,10.9,13,25,10,14,1,0.10,0,1,0,1,18,PM25
31t,2026-07-01,06:00,14,8.4,-1,-1,-1,-1,-1,-1,-1,-1,-1,-1,14,PM25
32t,2026-07-01,06:00,16,9.7,-1,-1,-1,-1,-999,-1,-1,-1,-1,-1,16,PM25
69t,2026-07-01,06:00,17,10.1,-1,-1,-1,-1,-1,-1,-1,-1,-1,-1,17,PM25
70t,2026-07-01,06:00,19,11.1,-1,-1,-1,-1,-1,-1,-1,-1,-999,-1,19,PM25
71t,2026-07-01,06:00,12,7.3,6,12,9,12,0,0.00,0,1,2,9,12,PM25
74t,2026-07-01,06:00,17,10.1,-1,-1,-1,-1,-1,-1,-1,-1,-1,-1,17,PM25
77t,2026-07-01,06:00,23,13.6,14,28,-1,-1,-999,-1,-1,-1,-1,-1,23,PM25
83t,2026-07-01,06:00,9,5.4,6,12,-1,-1,-1,-1,-1,-1,-1,-1,9,PM25
84t,2026-07-01,06:00,12,6.9,8,16,6,9,-1,-1,-1,-1,-1,-1,12,PM25
85t,2026-07-01,06:00,13,8.0,-1,-1,-1,-1,-1,-1,-1,-1,-1,-1,13,PM25
86t,2026-07-01,06:00,11,6.5,8,16,-1,-1,5,0.80,5,13,-1,-1,11,PM25
87t,2026-07-01,06:00,17,9.9,-1,-1,-1,-1,-1,-1,0,0,-1,-1,17,PM25
88t,2026-07-01,06:00,15,8.9,11,22,-1,-1,-1,-1,1,3,-1,-1,15,PM25
90t,2026-07-01,06:00,17,10.4,8,15,-1,-1,-1,-1,-1,-1,-1,-1,17,PM25
91t,2026-07-01,06:00,16,9.4,-1,-1,-1,-1,-1,-1,-1,-1,-1,-1,16,PM25
92t,2026-07-01,06:00,14,8.3,9,18,-1,-1,-1,-1,-1,-1,-1,-1,14,PM25
93t,2026-07-01,06:00,10,6.1,7,14,-1,-1,0,0.00,2,4,0,0,10,PM25
96t,2026-07-01,06:00,10,5.7,7,14,-1,-1,0,0.00,2,4,0,1,10,PM25
98t,2026-07-01,06:00,18,11.0,11,22,8,11,1,0.20,-1,-1,0,0,18,PM25
bkp100t,2026-07-01,06:00,9,5.4,-999,-1,-999,-1,-999,-1,-999,-1,-999,-1,9,PM25
bkp101t,2026-07-01,06:00,22,13.3,9,18,-999,-1,-999,-1,-999,-1,-999,-1,22,PM25
bkp102t,2026-07-01,06:00,13,7.6,13,25,-999,-1,-999,-1,-999,-1,-999,-1,13,PM25
bkp103t,2026-07-01,06:00,18,10.5,-999,-1,-999,-1,-999,-1,-999,-1,-999,-1,18,PM25
bkp104t,2026-07-01,06:00,15,9.1,13,26,-999,-1,-999,-1,-999,-1,-999,-1,15,PM25
bkp105t,2026-07-01,06:00,23,13.8,-999,-1,-999,-1,-999,-1,-999,-1,-999,-1,23,PM25
bkp129t,2026-07-01,06:00,15,8.9,-999,-1,-999,-1,-999,-1,-999,-1,-999,-1,15,PM25
bkp56t,2026-07-01,06:00,17,10.0,20,39,-999,-1,-999,-1,-999,-1,-999,-1,20,PM10
bkp57t,2026-07-01,06:00,21,12.4,18,35,-999,-1,-999,-1,-999,-1,-999,-1,21,PM25
bkp58t,2026-07-01,06:00,26,15.2,24,48,-999,-1,-999,-1,-999,-1,-999,-1,26,PM25
bkp59t,2026-07-01,06:00,15,8.9,19,38,-999,-1,-999,-1,-999,-1,-999,-1,19,PM10
bkp60t,2026-07-01,06:00,14,8.2,15,30,-999,-1,-999,-1,-999,-1,-999,-1,15,PM10
bkp61t,2026-07-01,06:00,17,10.3,11,22,-999,-1,-999,-1,-999,-1,-999,-1,17,PM25
bkp62t,2026-07-01,06:00,27,15.7,-999,-1,-999,-1,-999,-1,-999,-1,-999,-1,27,PM25
bkp63t,2026-07-01,06:00,17,10.0,-999,-1,-999,-1,-999,-1,-999,-1,-999,-1,17,PM25
bkp64t,2026-07-01,06:00,26,15.3,-999,-1,-999,-1,-999,-1,-999,-1,-999,-1,26,PM25
bkp65t,2026-07-01,06:00,23,14.0,-999,-1,-999,-1,-999,-1,-999,-1,-999,-1,23,PM25
bkp66t,2026-07-01,06:00,22,13.1,-999,-1,-999,-1,-999,-1,-999,-1,-999,-1,22,PM25
bkp67t,2026-07-01,06:00,22,13.1,-999,-1,-999,-1,-999,-1,-999,-1,-999,-1,22,PM25
bkp69t,2026-07-01,06:00,17,10.3,-999,-1,-999,-1,-999,-1,-999,-1,-999,-1,17,PM25
bkp70t,2026-07-01,06:00,13,7.8,11,22,-999,-1,-999,-1,-999,-1,-999,-1,13,PM25
bkp71t,2026-07-01,06:00,9,5.5,16,31,-999,-1,-999,-1,-999,-1,-999,-1,16,PM10
bkp72t,2026-07-01,06:00,34,18.4,35,62,-999,-1,-999,-1,-999,-1,-999,-1,35,PM10
bkp74t,2026-07-01,06:00,11,6.6,6,11,-999,-1,-999,-1,-999,-1,-999,-1,11,PM25
bkp75t,2026-07-01,06:00,20,11.7,15,29,-999,-1,-999,-1,-999,-1,-999,-1,20,PM25
bkp76t,2026-07-01,06:00,13,7.6,-999,-1,-999,-1,-999,-1,-999,-1,-999,-1,13,PM25
bkp77t,2026-07-01,06:00,15,9.1,11,21,-999,-1,-999,-1,-999,-1,-999,-1,15,PM25
bkp78t,2026-07-01,06:00,31,17.3,-999,-1,-999,-1,-999,-1,-999,-1,-999,-1,31,PM25
bkp79t,2026-07-01,06:00,22,13.3,19,37,-999,-1,-999,-1,-999,-1,-999,-1,22,PM25
bkp80t,2026-07-01,06:00,23,13.9,24,48,-999,-1,-999,-1,-999,-1,-999,-1,24,PM10
bkp81t,2026-07-01,06:00,32,17.4,32,58,-999,-1,-999,-1,-999,-1,-999,-1,32,PM25
bkp82t,2026-07-01,06:00,14,8.6,-999,-1,-999,-1,-999,-1,-999,-1,-999,-1,14,PM25
bkp83t,2026-07-01,06:00,11,6.4,-999,-1,-999,-1,-999,-1,-999,-1,-999,-1,11,PM25
bkp84t,2026-07-01,06:00,32,17.4,21,41,-999,-1,-999,-1,-999,-1,-999,-1,32,PM25
bkp85t,2026-07-01,06:00,22,13.0,-999,-1,-999,-1,-999,-1,-999,-1,-999,-1,22,PM25
bkp86t,2026-07-01,06:00,18,10.7,9,18,-999,-1,-999,-1,-999,-1,-999,-1,18,PM25
bkp87t,2026-07-01,06:00,16,9.4,9,18,-999,-1,-999,-1,-999,-1,-999,-1,16,PM25
bkp89t,2026-07-01,06:00,23,13.7,22,43,-999,-1,-999,-1,-999,-1,-999,-1,23,PM25
bkp90t,2026-07-01,06:00,22,13.3,19,37,-999,-1,-999,-1,-999,-1,-999,-1,22,PM25
bkp91t,2026-07-01,06:00,14,8.6,21,42,-999,-1,-999,-1,-999,-1,-999,-1,21,PM10
bkp92t,2026-07-01,06:00,19,11.6,-999,-1,-999,-1,-999,-1,-999,-1,-999,-1,19,PM25
bkp93t,2026-07-01,06:00,10,6.0,10,20,-999,-1,-999,-1,-999,-1,-999,-1,10,PM25
bkp94t,2026-07-01,06:00,22,13.0,-999,-1,-999,-1,-999,-1,-999,-1,-999,-1,22,PM25
bkp95t,2026-07-01,06:00,21,12.7,-999,-1,-999,-1,-999,-1,-999,-1,-999,-1,21,PM25
bkp96t,2026-07-01,06:00,16,9.5,10,20,-999,-1,-999,-1,-999,-1,-999,-1,16,PM25
bkp97t,2026-07-01,06:00,20,12.2,-999,-1,-999,-1,-999,-1,-999,-1,-999,-1,20,PM25
bkp98t,2026-07-01,06:00,23,13.5,-999,-1,-999,-1,-999,-1,-999,-1,-999,-1,23,PM25
bkp99t,2026-07-01,06:00,15,8.7,8,15,-999,-1,-999,-1,-999,-1,-999,-1,15,PM25
o10,2026-07-01,06:00,17,10.3,-999,-1,-999,-1,-999,-1,-999,-1,-999,-1,17,PM25
o28,2026-07-01,06:00,16,9.3,-999,-1,-999,-1,-999,-1,-999,-1,-999,-1,16,PM25
o38,2026-07-01,06:00,12,6.9,-1,-1,-999,-1,-999,-1,-999,-1,-999,-1,12,PM25
o72,2026-07-01,06:00,12,7.0,-999,-1,-999,-1,-999,-1,-999,-1,-999,-1,12,PM25
03t,2026-07-01,09:00,21,12.6,-1,-1,-1,-1,-1,-1,-1,-1,-999,-1,21,PM25
42t,2026-07-01,09:00,10,6.2,-1,-1,-1,-1,-1,-1,-1,-1,-1,-1,10,PM25
43t,2026-07-01,09:00,11,6.4,-1,-1,-1,-1,-1,-1,2,4,0,1,11,PM25
44t,2026-07-01,09:00,11,6.6,-1,-1,-1,-1,-1,-1,-1,-1,-1,-1,11,PM25
62t,2026-07-01,09:00,10,6.2,-1,-1,-1,-1,-1,-1,-1,-1,-999,-1,10,PM25
63t,2026-07-01,09:00,10,6.1,-1,-1,-1,-1,-1,-1,-1,-1,-999,-1,10,PM25
79t,2026-07-01,09:00,33,18.1,-1,-1,-1,-1,-1,-1,-1,-1,-1,-1,33,PM25
80t,2026-07-01,09:00,11,6.3,-1,-1,-1,-1,-1,-1,-1,-1,-1,-1,11,PM25
89t,2026-07-01,09:00,10,6.1,7,14,-1,-1,-1,-1,-1,-1,-1,-1,10,PM25
bkp114t,2026-07-01,09:00,10,6.1,-999,-1,-999,-1,-999,-1,-999,-1,-999,-1,10,PM25
bkp126t,2026-07-01,09:00,14,8.4,-999,-1,-999,-1,-999,-1,-999,-1,-999,-1,14,PM25
02t,2026-07-01,10:00,18,10.5,-1,-1,-1,-1,-1,-1,-1,-1,-1,-1,18,PM25
05t,2026-07-01,10:00,18,10.8,-1,-1,-1,-1,-1,-1,-1,-1,-1,-1,18,PM25
08t,2026-07-01,10:00,23,13.8,-1,-1,-1,-1,-1,-1,-1,-1,-1,-1,23,PM25
100t,2026-07-01,10:00,12,7.0,12,24,6,8,0,0.00,3,6,0,1,12,PM10
101t,2026-07-01,10:00,9,5.5,6,12,18,25,14,2.40,1,3,0,0,18,O3
102t,2026-07-01,10:00,20,12.1,10,19,-1,-1,-1,-1,-1,-1,0,1,20,PM25
103t,2026-07-01,10:00,24,14.5,13,26,-1,-1,1,0.10,3,8,0,0,24,PM25
104t,2026-07-01,10:00,14,8.4,-1,-1,9,13,1,0.10,1,2,0,1,14,PM25
105t,2026-07-01,10:00,16,9.5,-999,-1,4,5,2,0.40,3,8,0,1,16,PM25
106t,2026-07-01,10:00,10,5.9,-999,-1,8,11,1,0.10,0,1,0,1,10,PM25
107t,2026-07-01,10:00,17,10.0,-1,-1,16,23,1,0.10,1,3,0,1,17,PM25
108t,2026-07-01,10:00,13,7.8,-1,-1,13,18,10,1.70,1,2,1,2,13,PM25
109t,2026-07-01,10:00,13,8.0,-1,-1,17,24,1,0.10,1,2,1,2,17,O3
110t,2026-07-01,10:00,12,7.3,-999,-1,18,25,1,0.20,1,2,0,1,18,O3
111t,2026-07-01,10:00,7,4.3,-999,-1,14,20,1,0.10,1,2,0,0,14,O3
112t,2026-07-01,10:00,8,4.5,-999,-1,16,22,0,0.00,1,2,12,47,16,O3
113t,2026-07-01,10:00,14,8.1,9,17,20,28,1,0.10,0,0,0,1,20,O3
114t,2026-07-01,10:00,14,8.5,8,16,11,16,2,0.40,2,4,0,0,14,PM25
115t,2026-07-01,10:00,14,8.4,9,17,11,15,1,0.20,-1,-1,-1,-1,14,PM25
116t,2026-07-01,10:00,11,6.7,9,18,11,15,1,0.10,1,2,0,1,11,PM25
117t,2026-07-01,10:00,18,10.8,-999,-1,6,8,1,0.10,1,3,0,1,18,PM25
118t,2026-07-01,10:00,7,3.9,-1,-1,11,16,-1,-1,2,5,0,0,11,O3
119t,2026-07-01,10:00,10,6.2,-1,-1,14,20,5,0.90,0,1,1,2,14,O3
120t,2026-07-01,10:00,10,6.2,-1,-1,6,9,3,0.50,0,1,0,0,10,PM25
121t,2026-07-01,10:00,10,6.2,-1,-1,6,9,1,0.20,1,2,1,3,10,PM25
12t,2026-07-01,10:00,18,10.8,-1,-1,-1,-1,-1,-1,-1,-1,-1,-1,18,PM25
13t,2026-07-01,10:00,11,6.5,9,17,5,7,2,0.30,5,13,0,1,11,PM25
14t,2026-07-01,10:00,22,12.9,-1,-1,5,7,2,0.30,6,14,1,2,22,PM25
16t,2026-07-01,10:00,13,7.8,9,17,-1,-1,-1,-1,-1,-1,-1,-1,13,PM25
17t,2026-07-01,10:00,13,7.6,-1,-1,-1,-1,-1,-1,-1,-1,-1,-1,13,PM25
18t,2026-07-01,10:00,30,16.7,-1,-1,-1,-1,-1,-1,-1,-1,-1,-1,30,PM25
19t,2026-07-01,10:00,17,10.2,-1,-1,-1,-1,-1,-1,-1,-1,-1,-1,17,PM25
20t,2026-07-01,10:00,24,14.2,14,27,-1,-1,-1,-1,-1,-1,-1,-1,24,PM25
21t,2026-07-01,10:00,12,7.2,-1,-1,-1,-1,-1,-1,-1,-1,-1,-1,12,PM25
22t,2026-07-01,10:00,11,6.6,8,16,-1,-1,-1,-1,-1,-1,-1,-1,11,PM25
24t,2026-07-01,10:00,27,15.4,22,44,-1,-1,-1,-1,-1,-1,-1,-1,27,PM25
25t,2026-07-01,10:00,21,12.7,11,22,-1,-1,-999,-1,-1,-1,-999,-1,21,PM25
26t,2026-07-01,10:00,21,12.4,-1,-1,-1,-1,-1,-1,-1,-1,-1,-1,21,PM25
28t,2026-07-01,10:00,20,11.8,-1,-1,-1,-1,-1,-1,-1,-1,-1,-1,20,PM25
29t,2026-07-01,10:00,19,11.5,18,35,-1,-1,-1,-1,-1,-1,-1,-1,19,PM25
30t,2026-07-01,10:00,18,11.0,13,26,10,14,1,0.10,0,0,0,0,18,PM25
31t,2026-07-01,10:00,15,9.1,-1,-1,-1,-1,-1,-1,-1,-1,-1,-1,15,PM25
32t,2026-07-01,10:00,17,10.1,-1,-1,-1,-1,-999,-1,-1,-1,-1,-1,17,PM25
33t,2026-07-01,10:00,17,10.3,-1,-1,-1,-1,-999,-1,-1,-1,-999,-1,17,PM25
34t,2026-07-01,10:00,55,26.2,-1,-1,-1,-1,-1,-1,-1,-1,-999,-1,55,PM25
35t,2026-07-01,10:00,24,14.2,-1,-1,-1,-1,-1,-1,-1,-1,-1,-1,24,PM25
36t,2026-07-01,10:00,13,7.7,-1,-1,-999,-1,-1,-1,-1,-1,-1,-1,13,PM25
37t,2026-07-01,10:00,18,10.9,-1,-1,-1,-1,-1,-1,-1,-1,-1,-1,18,PM25
38t,2026-07-01,10:00,18,10.5,-1,-1,6,8,2,0.30,1,2,0,1,18,PM25
39t,2026-07-01,10:00,18,10.5,-1,-1,-1,-1,-999,-1,-1,-1,-1,-1,18,PM25
40t,2026-07-01,10:00,18,10.6,-1,-1,-1,-1,-999,-1,-1,-1,-1,-1,18,PM25
41t,2026-07-01,10:00,14,8.5,-1,-1,-1,-1,-1,-1,-1,-1,-1,-1,14,PM25
46t,2026-07-01,10:00,23,13.7,-1,-1,-1,-1,-1,-1,-1,-1,-1,-1,23,PM25
47t,2026-07-01,10:00,20,11.7,-1,-1,-1,-1,-1,-1,-1,-1,-1,-1,20,PM25
50t,2026-07-01,10:00,21,12.4,-1,-1,-999,-1,-1,-1,-1,-1,-999,-1,21,PM25
52t,2026-07-01,10:00,21,12.3,-1,-1,-1,-1,-1,-1,-1,-1,-1,-1,21,PM25
53t,2026-07-01,10:00,20,12.2,-1,-1,-999,-1,-1,-1,-1,-1,-999,-1,20,PM25
54t,2026-07-01,10:00,21,12.7,-1,-1,-1,-1,-1,-1,-1,-1,-1,-1,21,PM25
57t,2026-07-01,10:00,12,7.1,15,29,-1,-1,-1,-1,-1,-1,-999,-1,15,PM10
58t,2026-07-01,10:00,13,7.8,7,14,-1,-1,-1,-1,-1,-1,-999,-1,13,PM25
59t,2026-07-01,10:00,16,9.8,10,20,7,10,2,0.40,5,11,-999,-1,16,PM25
60t,2026-07-01,10:00,19,11.6,-1,-1,-1,-1,-999,-1,-1,-1,-1,-1,19,PM25
61t,2026-07-01,10:00,17,10.4,-1,-1,-1,-1,-999,-1,-1,-1,-1,-1,17,PM25
67t,2026-07-01,10:00,35,18.8,-1,-1,-1,-1,-1,-1,-1,-1,-1,-1,35,PM25
68t,2026-07-01,10:00,23,13.7,-1,-1,-1,-1,-1,-1,-1,-1,-1,-1,23,PM25
69t,2026-07-01,10:00,18,10.6,-1,-1,-1,-1,-1,-1,-1,-1,-1,-1,18,PM25
70t,2026-07-01,10:00,19,11.3,-1,-1,-1,-1,-1,-1,-1,-1,-999,-1,19,PM25
71t,2026-07-01,10:00,13,7.6,6,12,9,12,0,0.00,1,3,3,10,13,PM25
73t,2026-07-01,10:00,22,13.2,-1,-1,-1,-1,-1,-1,-1,-1,0,0,22,PM25
74t,2026-07-01,10:00,17,10.3,-1,-1,-1,-1,-1,-1,-1,-1,-1,-1,17,PM25
75t,2026-07-01,10:00,14,8.1,-1,-1,-1,-1,-1,-1,0,1,2,6,14,PM25
76t,2026-07-01,10:00,15,8.7,-1,-1,-1,-1,-1,-1,-1,-1,-999,-1,15,PM25
77t,2026-07-01,10:00,22,13.3,14,28,-1,-1,-999,-1,-1,-1,-1,-1,22,PM25
78t,2026-07-01,10:00,10,5.9,-1,-1,-999,-1,-999,-1,-999,-1,-999,-1,10,PM25
81t,2026-07-01,10:00,29,16.2,-1,-1,-1,-1,-1,-1,-1,-1,-1,-1,29,PM25
82t,2026-07-01,10:00,21,12.5,29,55,19,27,1,0.20,1,2,-1,-1,29,PM10
83t,2026-07-01,10:00,9,5.5,6,12,-1,-1,-1,-1,-1,-1,-1,-1,9,PM25
84t,2026-07-01,10:00,11,6.6,8,16,6,9,-1,-1,-1,-1,-1,-1,11,PM25
85t,2026-07-01,10:00,14,8.6,-1,-1,-1,-1,-1,-1,-1,-1,-1,-1,14,PM25
86t,2026-07-01,10:00,11,6.3,8,15,-1,-1,5,0.90,7,17,-1,-1,11,PM25
87t,2026-07-01,10:00,16,9.6,-1,-1,-1,-1,-1,-1,0,0,-1,-1,16,PM25
88t,2026-07-01,10:00,14,8.6,11,21,-1,-1,-1,-1,3,7,-1,-1,14,PM25
90t,2026-07-01,10:00,17,10.0,8,15,-1,-1,-1,-1,-1,-1,-1,-1,17,PM25
91t,2026-07-01,10:00,15,9.2,-1,-1,-1,-1,-1,-1,-1,-1,-1,-1,15,PM25
92t,2026-07-01,10:00,15,8.8,10,19,-1,-1,-1,-1,-1,-1,-1,-1,15,PM25
93t,2026-07-01,10:00,10,6.1,7,14,-1,-1,0,0.00,2,4,0,0,10,PM25
94t,2026-07-01,10:00,12,7.0,7,14,-1,-1,-1,-1,-1,-1,-1,-1,12,PM25
95t,2026-07-01,10:00,10,5.9,6,12,-1,-1,-1,-1,-1,-1,-1,-1,10,PM25
96t,2026-07-01,10:00,9,5.6,7,14,-1,-1,0,0.00,0,1,0,1,9,PM25
97t,2026-07-01,10:00,16,9.8,-1,-1,10,14,0,0.00,1,3,1,3,16,PM25
98t,2026-07-01,10:00,19,11.4,11,22,8,11,2,0.30,-1,-1,0,1,19,PM25
99t,2026-07-01,10:00,19,11.4,-1,-1,9,12,1,0.20,2,4,2,6,19,PM25
bkp100t,2026-07-01,10:00,10,5.9,-999,-1,-999,-1,-999,-1,-999,-1,-999,-1,10,PM25
bkp101t,2026-07-01,10:00,21,12.7,10,20,-999,-1,-999,-1,-999,-1,-999,-1,21,PM25
bkp102t,2026-07-01,10:00,12,7.3,13,25,-999,-1,-999,-1,-999,-1,-999,-1,13,PM10
bkp103t,2026-07-01,10:00,19,11.4,-999,-1,-999,-1,-999,-1,-999,-1,-999,-1,19,PM25
bkp104t,2026-07-01,10:00,16,9.6,12,23,-999,-1,-999,-1,-999,-1,-999,-1,16,PM25
bkp105t,2026-07-01,10:00,24,14.5,-999,-1,-999,-1,-999,-1,-999,-1,-999,-1,24,PM25
bkp115t,2026-07-01,10:00,14,8.1,-999,-1,-999,-1,-999,-1,-999,-1,-999,-1,14,PM25
bkp116t,2026-07-01,10:00,12,7.1,-999,-1,-999,-1,-999,-1,-999,-1,-999,-1,12,PM25
bkp117t,2026-07-01,10:00,12,6.9,-999,-1,-999,-1,-999,-1,-999,-1,-999,-1,12,PM25
bkp118t,2026-07-01,10:00,21,12.5,-999,-1,-999,-1,-999,-1,-999,-1,-999,-1,21,PM25
bkp119t,2026-07-01,10:00,12,7.3,-999,-1,-999,-1,-999,-1,-999,-1,-999,-1,12,PM25
bkp120t,2026-07-01,10:00,13,7.7,-999,-1,-999,-1,-999,-1,-999,-1,-999,-1,13,PM25
bkp121t,2026-07-01,10:00,12,7.2,-999,-1,-999,-1,-999,-1,-999,-1,-999,-1,12,PM25
bkp122t,2026-07-01,10:00,12,7.1,-999,-1,-999,-1,-999,-1,-999,-1,-999,-1,12,PM25
bkp123t,2026-07-01,10:00,12,6.9,-999,-1,-999,-1,-999,-1,-999,-1,-999,-1,12,PM25
bkp124t,2026-07-01,10:00,20,12.0,-999,-1,-999,-1,-999,-1,-999,-1,-999,-1,20,PM25
bkp125t,2026-07-01,10:00,19,11.6,-999,-1,-999,-1,-999,-1,-999,-1,-999,-1,19,PM25
bkp127t,2026-07-01,10:00,20,12.2,-999,-1,-999,-1,-999,-1,-999,-1,-999,-1,20,PM25
bkp128t,2026-07-01,10:00,13,7.6,-999,-1,-999,-1,-999,-1,-999,-1,-999,-1,13,PM25
bkp130t,2026-07-01,10:00,9,5.1,-999,-1,-999,-1,-999,-1,-999,-1,-999,-1,9,PM25
bkp131t,2026-07-01,10:00,12,7.3,-999,-1,-999,-1,-999,-1,-999,-1,-999,-1,12,PM25
bkp133t,2026-07-01,10:00,16,9.8,-999,-1,-999,-1,-999,-1,-999,-1,-999,-1,16,PM25
bkp56t,2026-07-01,10:00,17,10.1,20,39,-999,-1,-999,-1,-999,-1,-999,-1,20,PM10
bkp57t,2026-07-01,10:00,21,12.4,18,35,-999,-1,-999,-1,-999,-1,-999,-1,21,PM25
bkp58t,2026-07-01,10:00,24,14.4,22,44,-999,-1,-999,-1,-999,-1,-999,-1,24,PM25
bkp59t,2026-07-01,10:00,13,8.0,19,37,-999,-1,-999,-1,-999,-1,-999,-1,19,PM10
bkp60t,2026-07-01,10:00,15,8.9,16,32,-999,-1,-999,-1,-999,-1,-999,-1,16,PM10
bkp61t,2026-07-01,10:00,18,10.7,12,23,-999,-1,-999,-1,-999,-1,-999,-1,18,PM25
bkp62t,2026-07-01,10:00,28,16.0,-999,-1,-999,-1,-999,-1,-999,-1,-999,-1,28,PM25
bkp63t,2026-07-01,10:00,17,10.1,-999,-1,-999,-1,-999,-1,-999,-1,-999,-1,17,PM25
bkp64t,2026-07-01,10:00,28,16.0,-999,-1,-999,-1,-999,-1,-999,-1,-999,-1,28,PM25
bkp65t,2026-07-01,10:00,23,13.7,-999,-1,-999,-1,-999,-1,-999,-1,-999,-1,23,PM25
bkp66t,2026-07-01,10:00,23,13.6,-999,-1,-999,-1,-999,-1,-999,-1,-999,-1,23,PM25
bkp67t,2026-07-01,10:00,21,12.4,-999,-1,-999,-1,-999,-1,-999,-1,-999,-1,21,PM25
bkp69t,2026-07-01,10:00,17,9.9,-999,-1,-999,-1,-999,-1,-999,-1,-999,-1,17,PM25
bkp70t,2026-07-01,10:00,13,7.7,11,22,-999,-1,-999,-1,-999,-1,-999,-1,13,PM25
bkp71t,2026-07-01,10:00,15,9.2,17,34,-999,-1,-999,-1,-999,-1,-999,-1,17,PM10
bkp72t,2026-07-01,10:00,31,17.1,29,55,-999,-1,-999,-1,-999,-1,-999,-1,31,PM25
bkp73t,2026-07-01,10:00,17,10.3,-999,-1,-999,-1,-999,-1,-999,-1,-999,-1,17,PM25
bkp74t,2026-07-01,10:00,12,7.2,7,14,-999,-1,-999,-1,-999,-1,-999,-1,12,PM25
bkp75t,2026-07-01,10:00,21,12.3,15,30,-999,-1,-999,-1,-999,-1,-999,-1,21,PM25
bkp76t,2026-07-01,10:00,12,7.2,-999,-1,-999,-1,-999,-1,-999,-1,-999,-1,12,PM25
bkp77t,2026-07-01,10:00,15,8.7,11,21,-999,-1,-999,-1,-999,-1,-999,-1,15,PM25
bkp78t,2026-07-01,10:00,31,17.2,-999,-1,-999,-1,-999,-1,-999,-1,-999,-1,31,PM25
bkp79t,2026-07-01,10:00,21,12.7,18,36,-999,-1,-999,-1,-999,-1,-999,-1,21,PM25
bkp80t,2026-07-01,10:00,25,14.7,25,49,-999,-1,-999,-1,-999,-1,-999,-1,25,PM25
bkp81t,2026-07-01,10:00,33,17.8,33,59,-999,-1,-999,-1,-999,-1,-999,-1,33,PM25
bkp82t,2026-07-01,10:00,14,8.2,-999,-1,-999,-1,-999,-1,-999,-1,-999,-1,14,PM25
bkp83t,2026-07-01,10:00,11,6.5,-999,-1,-999,-1,-999,-1,-999,-1,-999,-1,11,PM25
bkp84t,2026-07-01,10:00,32,17.4,-999,-1,-999,-1,-999,-1,-999,-1,-999,-1,32,PM25
bkp85t,2026-07-01,10:00,25,14.8,-999,-1,-999,-1,-999,-1,-999,-1,-999,-1,25,PM25
bkp86t,2026-07-01,10:00,21,12.5,11,22,-999,-1,-999,-1,-999,-1,-999,-1,21,PM25
bkp87t,2026-07-01,10:00,19,11.1,11,21,-999,-1,-999,-1,-999,-1,-999,-1,19,PM25
bkp88t,2026-07-01,10:00,13,7.6,-999,-1,-999,-1,-999,-1,-999,-1,-999,-1,13,PM25
bkp89t,2026-07-01,10:00,24,14.3,21,42,-999,-1,-999,-1,-999,-1,-999,-1,24,PM25
bkp90t,2026-07-01,10:00,24,14.5,20,39,-999,-1,-999,-1,-999,-1,-999,-1,24,PM25
bkp91t,2026-07-01,10:00,14,8.5,-999,-1,-999,-1,-999,-1,-999,-1,-999,-1,14,PM25
bkp92t,2026-07-01,10:00,21,12.5,-999,-1,-999,-1,-999,-1,-999,-1,-999,-1,21,PM25
bkp93t,2026-07-01,10:00,10,5.9,11,21,-999,-1,-999,-1,-999,-1,-999,-1,11,PM10
bkp94t,2026-07-01,10:00,22,13.0,-999,-1,-999,-1,-999,-1,-999,-1,-999,-1,22,PM25
bkp95t,2026-07-01,10:00,22,13.3,-999,-1,-999,-1,-999,-1,-999,-1,-999,-1,22,PM25
bkp96t,2026-07-01,10:00,17,10.2,10,20,-999,-1,-999,-1,-999,-1,-999,-1,17,PM25
bkp97t,2026-07-01,10:00,21,12.7,-999,-1,-999,-1,-999,-1,-999,-1,-999,-1,21,PM25
bkp98t,2026-07-01,10:00,27,15.7,-999,-1,-999,-1,-999,-1,-999,-1,-999,-1,27,PM25
bkp99t,2026-07-01,10:00,15,8.8,8,15,-999,-1,-999,-1,-999,-1,-999,-1,15,PM25
o10,2026-07-01,10:00,18,10.5,-999,-1,-999,-1,-999,-1,-999,-1,-999,-1,18,PM25
o28,2026-07-01,10:00,16,9.5,-999,-1,-999,-1,-999,-1,-999,-1,-999,-1,16,PM25
o38,2026-07-01,10:00,12,6.9,-1,-1,-999,-1,-999,-1,-999,-1,-999,-1,12,PM25
o72,2026-07-01,10:00,12,7.4,-999,-1,-999,-1,-999,-1,-999,-1,-999,-1,12,PM25
03t,2026-07-01,12:00,21,12.8,-1,-1,-1,-1,-1,-1,-1,-1,-999,-1,21,PM25
77t,2026-07-01,12:00,23,13.7,14,28,-1,-1,-999,-1,-1,-1,-1,-1,23,PM25
bkp84t,2026-07-01,12:00,34,18.6,-999,-1,-999,-1,-999,-1,-999,-1,-999,-1,34,PM25
02t,2026-07-01,14:00,18,10.9,-1,-1,-1,-1,-1,-1,-1,-1,-1,-1,18,PM25
05t,2026-07-01,14:00,19,11.3,-1,-1,-1,-1,-1,-1,-1,-1,-1,-1,19,PM25
12t,2026-07-01,14:00,19,11.2,-1,-1,-1,-1,-1,-1,-1,-1,-1,-1,19,PM25
41t,2026-07-01,14:00,15,8.9,-1,-1,-1,-1,-1,-1,-1,-1,-1,-1,15,PM25
42t,2026-07-01,14:00,11,6.3,-1,-1,-1,-1,-1,-1,-1,-1,-1,-1,11,PM25
43t,2026-07-01,14:00,11,6.5,-1,-1,-1,-1,-1,-1,2,5,0,1,11,PM25
44t,2026-07-01,14:00,11,6.7,-1,-1,-1,-1,-1,-1,-1,-1,-1,-1,11,PM25
54t,2026-07-01,14:00,22,13.2,-1,-1,-1,-1,-1,-1,-1,-1,-1,-1,22,PM25
62t,2026-07-01,14:00,11,6.3,-1,-1,-1,-1,-1,-1,-1,-1,-999,-1,11,PM25
63t,2026-07-01,14:00,10,6.2,-1,-1,-1,-1,-1,-1,-1,-1,-999,-1,10,PM25
76t,2026-07-01,14:00,16,9.3,-1,-1,-1,-1,-1,-1,-1,-1,-999,-1,16,PM25
80t,2026-07-01,14:00,11,6.4,-1,-1,-1,-1,-1,-1,-1,-1,-1,-1,11,PM25
89t,2026-07-01,14:00,10,6.2,7,14,-1,-1,-1,-1,-1,-1,-1,-1,10,PM25
bkp73t,2026-07-01,14:00,19,11.6,-999,-1,-999,-1,-999,-1,-999,-1,-999,-1,19,PM25
08t,2026-07-01,15:00,23,13.5,-1,-1,-1,-1,-1,-1,-1,-1,-1,-1,23,PM25
100t,2026-07-01,15:00,12,7.0,12,24,9,12,0,0.00,2,5,0,0,12,PM10
101t,2026-07-01,15:00,10,5.8,6,12,29,38,14,2.40,0,1,0,0,29,O3
102t,2026-07-01,15:00,20,12.1,9,18,-1,-1,-1,-1,-1,-1,0,1,20,PM25
103t,2026-07-01,15:00,21,12.8,14,27,-1,-1,1,0.20,3,6,0,0,21,PM25
104t,2026-07-01,15:00,15,9.0,-1,-1,16,23,1,0.10,-1,-1,-1,-1,16,O3
105t,2026-07-01,15:00,16,9.4,-999,-1,19,26,2,0.30,4,9,0,1,19,O3
106t,2026-07-01,15:00,13,7.8,-999,-1,6,8,1,0.20,0,1,0,0,13,PM25
107t,2026-07-01,15:00,16,9.7,-1,-1,26,36,1,0.10,1,3,0,1,26,O3
108t,2026-07-01,15:00,16,9.7,-1,-1,19,27,10,1.70,0,1,0,1,19,O3
109t,2026-07-01,15:00,12,7.4,-1,-1,23,32,1,0.10,1,2,0,1,23,O3
110t,2026-07-01,15:00,12,7.3,-999,-1,22,31,1,0.20,1,2,0,1,22,O3
111t,2026-07-01,15:00,8,4.7,-999,-1,22,31,1,0.10,0,1,0,1,22,O3
112t,2026-07-01,15:00,8,4.6,-999,-1,18,25,0,0.00,0,1,11,42,18,O3
113t,2026-07-01,15:00,14,8.1,9,17,33,40,1,0.10,0,0,0,1,33,O3
114t,2026-07-01,15:00,16,9.3,8,15,21,30,2,0.30,2,4,0,0,21,O3
115t,2026-07-01,15:00,13,8.0,8,16,14,19,1,0.20,1,2,0,1,14,O3
116t,2026-07-01,15:00,12,7.0,9,18,19,26,1,0.10,0,1,1,2,19,O3
117t,2026-07-01,15:00,19,11.4,-999,-1,11,15,1,0.10,0,1,0,1,19,PM25
118t,2026-07-01,15:00,6,3.8,-1,-1,15,21,-1,-1,1,3,0,0,15,O3
119t,2026-07-01,15:00,10,6.0,-1,-1,14,20,5,0.90,0,1,1,2,14,O3
120t,2026-07-01,15:00,11,6.4,-1,-1,12,17,3,0.50,-1,-1,-1,-1,12,O3
121t,2026-07-01,15:00,11,6.3,-1,-1,12,17,1,0.20,0,1,1,3,12,O3
13t,2026-07-01,15:00,13,7.6,10,19,23,32,2,0.30,3,8,0,1,23,O3
14t,2026-07-01,15:00,22,12.9,-1,-1,14,20,2,0.30,7,16,1,2,22,PM25
16t,2026-07-01,15:00,12,7.1,8,16,-1,-1,-1,-1,-1,-1,-1,-1,12,PM25
17t,2026-07-01,15:00,13,7.5,-1,-1,-1,-1,-1,-1,-1,-1,-1,-1,13,PM25
18t,2026-07-01,15:00,28,15.8,-1,-1,-1,-1,-1,-1,-1,-1,-1,-1,28,PM25
19t,2026-07-01,15:00,16,9.4,-1,-1,-1,-1,-1,-1,-1,-1,-1,-1,16,PM25
20t,2026-07-01,15:00,24,14.3,14,27,-1,-1,-1,-1,-1,-1,-1,-1,24,PM25
21t,2026-07-01,15:00,13,7.8,-1,-1,-1,-1,-1,-1,-1,-1,-1,-1,13,PM25
22t,2026-07-01,15:00,12,7.3,9,17,-1,-1,-1,-1,-1,-1,-1,-1,12,PM25
24t,2026-07-01,15:00,29,16.3,22,44,-1,-1,-1,-1,-1,-1,-1,-1,29,PM25
25t,2026-07-01,15:00,22,13.4,12,23,-1,-1,-999,-1,-1,-1,-999,-1,22,PM25
26t,2026-07-01,15:00,21,12.5,-1,-1,-1,-1,-1,-1,-1,-1,-1,-1,21,PM25
28t,2026-07-01,15:00,25,14.9,-1,-1,-1,-1,-1,-1,-1,-1,-1,-1,25,PM25
29t,2026-07-01,15:00,19,11.5,17,34,-1,-1,-1,-1,-1,-1,-1,-1,19,PM25
30t,2026-07-01,15:00,18,10.9,14,27,13,18,1,0.10,0,0,0,0,18,PM25
31t,2026-07-01,15:00,15,8.9,-1,-1,-1,-1,-1,-1,-1,-1,-1,-1,15,PM25
32t,2026-07-01,15:00,18,10.6,-1,-1,-1,-1,-999,-1,-1,-1,-1,-1,18,PM25
33t,2026-07-01,15:00,18,10.6,-1,-1,-1,-1,-999,-1,-1,-1,-999,-1,18,PM25
34t,2026-07-01,15:00,43,22.1,-1,-1,-1,-1,-1,-1,-1,-1,-999,-1,43,PM25
35t,2026-07-01,15:00,25,14.7,-1,-1,-1,-1,-1,-1,-1,-1,-1,-1,25,PM25
36t,2026-07-01,15:00,13,7.9,-1,-1,-999,-1,-1,-1,-1,-1,-1,-1,13,PM25
37t,2026-07-01,15:00,19,11.1,-1,-1,-1,-1,-1,-1,-1,-1,-1,-1,19,PM25
38t,2026-07-01,15:00,18,10.6,-1,-1,14,19,2,0.30,0,1,0,1,18,PM25
39t,2026-07-01,15:00,18,10.6,-1,-1,-1,-1,-999,-1,-1,-1,-1,-1,18,PM25
40t,2026-07-01,15:00,18,10.8,-1,-1,-1,-1,-999,-1,-1,-1,-1,-1,18,PM25
46t,2026-07-01,15:00,24,14.5,-1,-1,-1,-1,-1,-1,-1,-1,-1,-1,24,PM25
47t,2026-07-01,15:00,21,12.4,-1,-1,-1,-1,-1,-1,-1,-1,-1,-1,21,PM25
50t,2026-07-01,15:00,22,13.2,-1,-1,-999,-1,-1,-1,-1,-1,-999,-1,22,PM25
52t,2026-07-01,15:00,21,12.8,-1,-1,-1,-1,-1,-1,-1,-1,-1,-1,21,PM25
53t,2026-07-01,15:00,21,12.6,-1,-1,-999,-1,-1,-1,-1,-1,-999,-1,21,PM25
57t,2026-07-01,15:00,12,7.2,15,29,-1,-1,-1,-1,-1,-1,-999,-1,15,PM10
58t,2026-07-01,15:00,13,7.9,8,15,-1,-1,-1,-1,-1,-1,-999,-1,13,PM25
59t,2026-07-01,15:00,18,10.5,11,22,23,32,2,0.40,-1,-1,-999,-1,23,O3
60t,2026-07-01,15:00,21,12.5,-1,-1,-1,-1,-999,-1,-1,-1,-1,-1,21,PM25
61t,2026-07-01,15:00,19,11.3,-1,-1,-1,-1,-999,-1,-1,-1,-1,-1,19,PM25
67t,2026-07-01,15:00,36,19.1,-1,-1,-1,-1,-1,-1,-1,-1,-1,-1,36,PM25
68t,2026-07-01,15:00,22,13.4,-1,-1,-1,-1,-1,-1,-1,-1,-1,-1,22,PM25
69t,2026-07-01,15:00,18,10.7,-1,-1,-1,-1,-1,-1,-1,-1,-1,-1,18,PM25
70t,2026-07-01,15:00,19,11.2,-1,-1,-1,-1,-1,-1,-1,-1,-999,-1,19,PM25
71t,2026-07-01,15:00,13,7.9,6,12,9,12,0,0.00,1,2,3,10,13,PM25
73t,2026-07-01,15:00,21,12.8,-1,-1,-1,-1,-1,-1,-1,-1,0,0,21,PM25
74t,2026-07-01,15:00,15,9.2,-1,-1,-1,-1,-1,-1,-1,-1,-1,-1,15,PM25
75t,2026-07-01,15:00,13,8.0,-1,-1,-1,-1,-1,-1,0,1,2,7,13,PM25
78t,2026-07-01,15:00,10,6.2,-1,-1,-999,-1,-999,-1,-999,-1,-999,-1,10,PM25
79t,2026-07-01,15:00,34,18.3,-1,-1,-1,-1,-1,-1,-1,-1,-1,-1,34,PM25
81t,2026-07-01,15:00,25,14.7,-1,-1,-1,-1,-1,-1,-1,-1,-1,-1,25,PM25
82t,2026-07-01,15:00,20,12.2,26,51,-1,-1,1,0.20,1,2,-1,-1,26,PM10
83t,2026-07-01,15:00,9,5.3,6,12,-1,-1,-1,-1,-1,-1,-1,-1,9,PM25
84t,2026-07-01,15:00,12,7.2,9,17,14,19,-1,-1,-1,-1,-1,-1,14,O3
85t,2026-07-01,15:00,15,8.9,-1,-1,-1,-1,-1,-1,-1,-1,-1,-1,15,PM25
86t,2026-07-01,15:00,12,7.1,9,17,-1,-1,5,0.80,5,13,-1,-1,12,PM25
87t,2026-07-01,15:00,17,10.2,-1,-1,-1,-1,-1,-1,0,0,-1,-1,17,PM25
88t,2026-07-01,15:00,13,7.6,10,19,-1,-1,-1,-1,3,6,-1,-1,13,PM25
90t,2026-07-01,15:00,16,9.8,7,14,-1,-1,-1,-1,-1,-1,-1,-1,16,PM25
91t,2026-07-01,15:00,17,10.1,-1,-1,-1,-1,-1,-1,-1,-1,-1,-1,17,PM25
92t,2026-07-01,15:00,14,8.4,10,19,-1,-1,-1,-1,-1,-1,-1,-1,14,PM25
93t,2026-07-01,15:00,10,6.2,7,14,-1,-1,0,0.00,1,3,0,0,10,PM25
94t,2026-07-01,15:00,13,7.8,8,15,-1,-1,-1,-1,-1,-1,-1,-1,13,PM25
95t,2026-07-01,15:00,10,6.2,7,13,-1,-1,-1,-1,-1,-1,-1,-1,10,PM25
96t,2026-07-01,15:00,10,5.9,8,15,-1,-1,0,0.00,0,0,0,1,10,PM25
97t,2026-07-01,15:00,17,10.4,-1,-1,15,21,0,0.00,1,2,1,3,17,PM25
98t,2026-07-01,15:00,20,11.9,12,23,15,21,2,0.30,-1,-1,0,0,20,PM25
99t,2026-07-01,15:00,20,12.2,-1,-1,16,22,1,0.20,0,1,1,3,20,PM25
bkp100t,2026-07-01,15:00,12,7.0,-999,-1,-999,-1,-999,-1,-999,-1,-999,-1,12,PM25
bkp101t,2026-07-01,15:00,21,12.8,11,21,-999,-1,-999,-1,-999,-1,-999,-1,21,PM25
bkp102t,2026-07-01,15:00,12,7.3,13,26,-999,-1,-999,-1,-999,-1,-999,-1,13,PM10
bkp103t,2026-07-01,15:00,22,13.1,-999,-1,-999,-1,-999,-1,-999,-1,-999,-1,22,PM25
bkp104t,2026-07-01,15:00,17,10.0,12,23,-999,-1,-999,-1,-999,-1,-999,-1,17,PM25
bkp105t,2026-07-01,15:00,28,16.1,-999,-1,-999,-1,-999,-1,-999,-1,-999,-1,28,PM25
bkp114t,2026-07-01,15:00,12,6.9,-999,-1,-999,-1,-999,-1,-999,-1,-999,-1,12,PM25
bkp115t,2026-07-01,15:00,16,9.3,-999,-1,-999,-1,-999,-1,-999,-1,-999,-1,16,PM25
bkp116t,2026-07-01,15:00,13,8.0,-999,-1,-999,-1,-999,-1,-999,-1,-999,-1,13,PM25
bkp117t,2026-07-01,15:00,11,6.4,-999,-1,-999,-1,-999,-1,-999,-1,-999,-1,11,PM25
bkp118t,2026-07-01,15:00,21,12.7,-999,-1,-999,-1,-999,-1,-999,-1,-999,-1,21,PM25
bkp119t,2026-07-01,15:00,13,7.8,-999,-1,-999,-1,-999,-1,-999,-1,-999,-1,13,PM25
bkp120t,2026-07-01,15:00,14,8.6,-999,-1,-999,-1,-999,-1,-999,-1,-999,-1,14,PM25
bkp121t,2026-07-01,15:00,12,6.9,-999,-1,-999,-1,-999,-1,-999,-1,-999,-1,12,PM25
bkp122t,2026-07-01,15:00,10,6.2,-999,-1,-999,-1,-999,-1,-999,-1,-999,-1,10,PM25
bkp123t,2026-07-01,15:00,12,7.4,-999,-1,-999,-1,-999,-1,-999,-1,-999,-1,12,PM25
bkp124t,2026-07-01,15:00,22,13.0,-999,-1,-999,-1,-999,-1,-999,-1,-999,-1,22,PM25
bkp125t,2026-07-01,15:00,21,12.3,-999,-1,-999,-1,-999,-1,-999,-1,-999,-1,21,PM25
bkp126t,2026-07-01,15:00,17,10.2,-999,-1,-999,-1,-999,-1,-999,-1,-999,-1,17,PM25
bkp127t,2026-07-01,15:00,21,12.4,-999,-1,-999,-1,-999,-1,-999,-1,-999,-1,21,PM25
bkp128t,2026-07-01,15:00,12,7.2,-999,-1,-999,-1,-999,-1,-999,-1,-999,-1,12,PM25
bkp129t,2026-07-01,15:00,17,10.1,-999,-1,-999,-1,-999,-1,-999,-1,-999,-1,17,PM25
bkp130t,2026-07-01,15:00,11,6.7,-999,-1,-999,-1,-999,-1,-999,-1,-999,-1,11,PM25
bkp131t,2026-07-01,15:00,13,7.8,-999,-1,-999,-1,-999,-1,-999,-1,-999,-1,13,PM25
bkp133t,2026-07-01,15:00,18,10.9,-999,-1,-999,-1,-999,-1,-999,-1,-999,-1,18,PM25
bkp56t,2026-07-01,15:00,17,10.3,20,40,-999,-1,-999,-1,-999,-1,-999,-1,20,PM10
bkp57t,2026-07-01,15:00,21,12.5,18,35,-999,-1,-999,-1,-999,-1,-999,-1,21,PM25
bkp58t,2026-07-01,15:00,24,14.4,22,43,-999,-1,-999,-1,-999,-1,-999,-1,24,PM25
bkp59t,2026-07-01,15:00,14,8.5,19,38,-999,-1,-999,-1,-999,-1,-999,-1,19,PM10
bkp60t,2026-07-01,15:00,16,9.6,17,34,-999,-1,-999,-1,-999,-1,-999,-1,17,PM10
bkp61t,2026-07-01,15:00,19,11.3,12,23,-999,-1,-999,-1,-999,-1,-999,-1,19,PM25
bkp62t,2026-07-01,15:00,30,16.7,-999,-1,-999,-1,-999,-1,-999,-1,-999,-1,30,PM25
bkp63t,2026-07-01,15:00,19,11.4,-999,-1,-999,-1,-999,-1,-999,-1,-999,-1,19,PM25
bkp64t,2026-07-01,15:00,33,17.8,-999,-1,-999,-1,-999,-1,-999,-1,-999,-1,33,PM25
bkp65t,2026-07-01,15:00,23,13.8,-999,-1,-999,-1,-999,-1,-999,-1,-999,-1,23,PM25
bkp66t,2026-07-01,15:00,23,14.0,-999,-1,-999,-1,-999,-1,-999,-1,-999,-1,23,PM25
bkp67t,2026-07-01,15:00,21,12.5,-999,-1,-999,-1,-999,-1,-999,-1,-999,-1,21,PM25
bkp69t,2026-07-01,15:00,17,10.2,-999,-1,-999,-1,-999,-1,-999,-1,-999,-1,17,PM25
bkp70t,2026-07-01,15:00,13,7.5,12,24,-999,-1,-999,-1,-999,-1,-999,-1,13,PM25
bkp71t,2026-07-01,15:00,16,9.8,17,34,-999,-1,-999,-1,-999,-1,-999,-1,17,PM10
bkp72t,2026-07-01,15:00,30,16.6,29,55,-999,-1,-999,-1,-999,-1,-999,-1,30,PM25
bkp74t,2026-07-01,15:00,13,7.9,8,16,-999,-1,-999,-1,-999,-1,-999,-1,13,PM25
bkp75t,2026-07-01,15:00,23,14.0,16,32,-999,-1,-999,-1,-999,-1,-999,-1,23,PM25
bkp76t,2026-07-01,15:00,14,8.2,-999,-1,-999,-1,-999,-1,-999,-1,-999,-1,14,PM25
bkp77t,2026-07-01,15:00,16,9.5,12,23,-999,-1,-999,-1,-999,-1,-999,-1,16,PM25
bkp78t,2026-07-01,15:00,30,16.9,-999,-1,-999,-1,-999,-1,-999,-1,-999,-1,30,PM25
bkp79t,2026-07-01,15:00,22,13.0,18,36,-999,-1,-999,-1,-999,-1,-999,-1,22,PM25
bkp80t,2026-07-01,15:00,27,15.6,25,50,-999,-1,-999,-1,-999,-1,-999,-1,27,PM25
bkp81t,2026-07-01,15:00,33,18.0,33,60,-999,-1,-999,-1,-999,-1,-999,-1,33,PM25
bkp82t,2026-07-01,15:00,13,7.9,-999,-1,-999,-1,-999,-1,-999,-1,-999,-1,13,PM25
bkp83t,2026-07-01,15:00,11,6.5,-999,-1,-999,-1,-999,-1,-999,-1,-999,-1,11,PM25
bkp85t,2026-07-01,15:00,27,15.7,-999,-1,-999,-1,-999,-1,-999,-1,-999,-1,27,PM25
bkp86t,2026-07-01,15:00,21,12.8,13,25,-999,-1,-999,-1,-999,-1,-999,-1,21,PM25
bkp87t,2026-07-01,15:00,20,11.8,12,24,-999,-1,-999,-1,-999,-1,-999,-1,20,PM25
bkp88t,2026-07-01,15:00,14,8.6,-999,-1,-999,-1,-999,-1,-999,-1,-999,-1,14,PM25
bkp89t,2026-07-01,15:00,23,13.5,21,41,-999,-1,-999,-1,-999,-1,-999,-1,23,PM25
bkp90t,2026-07-01,15:00,23,14.0,20,40,-999,-1,-999,-1,-999,-1,-999,-1,23,PM25
bkp91t,2026-07-01,15:00,15,8.9,19,37,-999,-1,-999,-1,-999,-1,-999,-1,19,PM10
bkp92t,2026-07-01,15:00,23,14.0,-999,-1,-999,-1,-999,-1,-999,-1,-999,-1,23,PM25
bkp93t,2026-07-01,15:00,11,6.6,12,23,-999,-1,-999,-1,-999,-1,-999,-1,12,PM10
bkp94t,2026-07-01,15:00,22,13.4,-999,-1,-999,-1,-999,-1,-999,-1,-999,-1,22,PM25
bkp95t,2026-07-01,15:00,24,14.6,-999,-1,-999,-1,-999,-1,-999,-1,-999,-1,24,PM25
bkp96t,2026-07-01,15:00,20,11.9,10,20,-999,-1,-999,-1,-999,-1,-999,-1,20,PM25
bkp97t,2026-07-01,15:00,23,13.6,-999,-1,-999,-1,-999,-1,-999,-1,-999,-1,23,PM25
bkp98t,2026-07-01,15:00,32,17.4,-999,-1,-999,-1,-999,-1,-999,-1,-999,-1,32,PM25
bkp99t,2026-07-01,15:00,15,9.2,8,16,-999,-1,-999,-1,-999,-1,-999,-1,15,PM25
o10,2026-07-01,15:00,18,10.8,-999,-1,-999,-1,-999,-1,-999,-1,-999,-1,18,PM25
o28,2026-07-01,15:00,15,9.0,-999,-1,-999,-1,-999,-1,-999,-1,-999,-1,15,PM25
o38,2026-07-01,15:00,11,6.4,-1,-1,-999,-1,-999,-1,-999,-1,-999,-1,11,PM25
o72,2026-07-01,15:00,13,8.0,-999,-1,-999,-1,-999,-1,-999,-1,-999,-1,13,PM25
03t,2026-07-01,22:00,23,13.6,-1,-1,-1,-1,-1,-1,-1,-1,-999,-1,23,PM25
05t,2026-07-01,22:00,20,12.0,-1,-1,-1,-1,-1,-1,-1,-1,-1,-1,20,PM25
12t,2026-07-01,22:00,20,11.9,-1,-1,-1,-1,-1,-1,-1,-1,-1,-1,20,PM25
54t,2026-07-01,22:00,23,13.7,-1,-1,-1,-1,-1,-1,-1,-1,-1,-1,23,PM25
37t,2026-07-01,23:00,18,11.0,-1,-1,-1,-1,-1,-1,-1,-1,-1,-1,18,PM25
38t,2026-07-01,23:00,18,10.6,-1,-1,13,18,2,0.40,3,7,0,1,18,PM25
39t,2026-07-01,23:00,18,10.5,-1,-1,-1,-1,-999,-1,-1,-1,-1,-1,18,PM25
41t,2026-07-01,23:00,15,8.9,-1,-1,-1,-1,-1,-1,-1,-1,-1,-1,15,PM25
42t,2026-07-01,23:00,10,6.2,-1,-1,-1,-1,-1,-1,-1,-1,-1,-1,10,PM25
43t,2026-07-01,23:00,11,6.4,-1,-1,-1,-1,-1,-1,0,1,0,1,11,PM25
44t,2026-07-01,23:00,11,6.5,-1,-1,-1,-1,-1,-1,-1,-1,-1,-1,11,PM25
62t,2026-07-01,23:00,10,6.1,-1,-1,-1,-1,-1,-1,-1,-1,-999,-1,10,PM25
63t,2026-07-01,23:00,10,6.0,-1,-1,-1,-1,-1,-1,-1,-1,-999,-1,10,PM25
76t,2026-07-01,23:00,16,9.5,-1,-1,-1,-1,-1,-1,-1,-1,-999,-1,16,PM25
80t,2026-07-01,23:00,11,6.3,-1,-1,-1,-1,-1,-1,-1,-1,-1,-1,11,PM25
89t,2026-07-01,23:00,10,6.0,7,14,-1,-1,-1,-1,-1,-1,-1,-1,10,PM25
02t,2026-07-02,00:00,20,11.8,-1,-1,-1,-1,-1,-1,-1,-1,-1,-1,20,PM25
08t,2026-07-02,00:00,24,14.3,-1,-1,-1,-1,-1,-1,-1,-1,-1,-1,24,PM25
100t,2026-07-02,00:00,12,7.0,12,23,6,8,1,0.10,3,8,0,0,12,PM10
101t,2026-07-02,00:00,10,6.2,7,14,28,37,14,2.40,1,2,0,0,28,O3
102t,2026-07-02,00:00,20,12.0,11,22,-1,-1,-1,-1,-1,-1,0,1,20,PM25
103t,2026-07-02,00:00,19,11.4,14,27,-1,-1,1,0.20,3,7,0,0,19,PM25
104t,2026-07-02,00:00,16,9.5,-1,-1,19,26,1,0.10,0,0,0,1,19,O3
105t,2026-07-02,00:00,14,8.4,-999,-1,11,16,2,0.30,1,3,0,0,14,PM25
106t,2026-07-02,00:00,14,8.5,-999,-1,3,4,2,0.30,1,2,0,0,14,PM25
107t,2026-07-02,00:00,16,9.7,-1,-1,22,31,1,0.20,1,3,0,1,22,O3
108t,2026-07-02,00:00,18,10.5,-1,-1,16,23,10,1.70,1,2,0,1,18,PM25
109t,2026-07-02,00:00,11,6.6,-1,-1,16,22,1,0.20,1,2,1,2,16,O3
110t,2026-07-02,00:00,12,6.9,-999,-1,16,23,2,0.30,1,3,0,1,16,O3
111t,2026-07-02,00:00,9,5.1,-999,-1,16,23,2,0.30,1,2,0,0,16,O3
112t,2026-07-02,00:00,9,5.3,-999,-1,11,16,0,0.00,-1,-1,-1,-1,11,O3
113t,2026-07-02,00:00,15,8.7,9,17,35,41,1,0.20,0,0,1,2,35,O3
114t,2026-07-02,00:00,16,9.4,9,17,21,30,2,0.40,0,1,0,1,21,O3
115t,2026-07-02,00:00,14,8.2,9,17,9,13,1,0.20,0,1,0,1,14,PM25
116t,2026-07-02,00:00,13,7.9,9,18,20,28,1,0.10,1,3,0,1,20,O3
117t,2026-07-02,00:00,20,11.8,-999,-1,11,15,1,0.20,1,2,0,1,20,PM25
118t,2026-07-02,00:00,7,4.4,-1,-1,11,15,-1,-1,2,4,0,0,11,O3
119t,2026-07-02,00:00,10,6.1,-1,-1,11,15,5,0.90,0,1,1,2,11,O3
120t,2026-07-02,00:00,10,6.2,-1,-1,14,20,3,0.50,0,1,0,0,14,O3
121t,2026-07-02,00:00,11,6.4,-1,-1,6,8,2,0.30,1,3,1,3,11,PM25
13t,2026-07-02,00:00,13,7.9,10,19,11,15,2,0.30,3,8,1,2,13,PM25
14t,2026-07-02,00:00,21,12.7,-1,-1,7,10,2,0.30,6,14,0,1,21,PM25
16t,2026-07-02,00:00,10,5.7,8,16,-1,-1,-1,-1,-1,-1,-1,-1,10,PM25
17t,2026-07-02,00:00,11,6.7,-1,-1,-1,-1,-1,-1,-1,-1,-1,-1,11,PM25
18t,2026-07-02,00:00,31,17.2,-1,-1,-1,-1,-1,-1,-1,-1,-1,-1,31,PM25
19t,2026-07-02,00:00,16,9.7,-1,-1,-1,-1,-1,-1,-1,-1,-1,-1,16,PM25
20t,2026-07-02,00:00,24,14.2,13,26,-1,-1,-1,-1,-1,-1,-1,-1,24,PM25
21t,2026-07-02,00:00,14,8.1,-1,-1,-1,-1,-1,-1,-1,-1,-1,-1,14,PM25
22t,2026-07-02,00:00,13,7.9,9,18,-1,-1,-1,-1,-1,-1,-1,-1,13,PM25
24t,2026-07-02,00:00,26,15.3,22,43,-1,-1,-1,-1,-1,-1,-1,-1,26,PM25
25t,2026-07-02,00:00,19,11.2,11,21,-1,-1,-999,-1,-1,-1,-999,-1,19,PM25
26t,2026-07-02,00:00,22,13.0,-1,-1,-1,-1,-1,-1,-1,-1,-1,-1,22,PM25
28t,2026-07-02,00:00,18,10.7,-1,-1,-1,-1,-1,-1,-1,-1,-1,-1,18,PM25
29t,2026-07-02,00:00,19,11.3,18,35,-1,-1,-1,-1,-1,-1,-1,-1,19,PM25
30t,2026-07-02,00:00,18,10.6,15,29,11,15,1,0.10,0,0,0,0,18,PM25
31t,2026-07-02,00:00,18,10.7,-1,-1,-1,-1,-1,-1,-1,-1,-1,-1,18,PM25
32t,2026-07-02,00:00,17,10.3,-1,-1,-1,-1,-999,-1,-1,-1,-1,-1,17,PM25
33t,2026-07-02,00:00,20,12.2,-1,-1,-1,-1,-999,-1,-1,-1,-999,-1,20,PM25
34t,2026-07-02,00:00,29,16.4,-1,-1,-1,-1,-1,-1,-1,-1,-999,-1,29,PM25
35t,2026-07-02,00:00,24,14.5,-1,-1,-1,-1,-1,-1,-1,-1,-1,-1,24,PM25
36t,2026-07-02,00:00,13,8.0,-1,-1,-999,-1,-1,-1,-1,-1,-1,-1,13,PM25
40t,2026-07-02,00:00,18,10.7,-1,-1,-1,-1,-999,-1,-1,-1,-1,-1,18,PM25
46t,2026-07-02,00:00,27,15.7,-1,-1,-1,-1,-1,-1,-1,-1,-1,-1,27,PM25
47t,2026-07-02,00:00,21,12.7,-1,-1,-1,-1,-1,-1,-1,-1,-1,-1,21,PM25
50t,2026-07-02,00:00,23,13.9,-1,-1,-999,-1,-1,-1,-1,-1,-999,-1,23,PM25
52t,2026-07-02,00:00,23,13.5,-1,-1,-1,-1,-1,-1,-1,-1,-1,-1,23,PM25
53t,2026-07-02,00:00,22,13.2,-1,-1,-999,-1,-1,-1,-1,-1,-999,-1,22,PM25
57t,2026-07-02,00:00,11,6.3,14,27,-1,-1,-1,-1,-1,-1,-999,-1,14,PM10
58t,2026-07-02,00:00,13,7.9,8,15,-1,-1,-1,-1,-1,-1,-999,-1,13,PM25
59t,2026-07-02,00:00,19,11.4,12,24,13,18,3,0.50,3,7,-999,-1,19,PM25
60t,2026-07-02,00:00,23,13.9,-1,-1,-1,-1,-999,-1,-1,-1,-1,-1,23,PM25
61t,2026-07-02,00:00,20,11.8,-1,-1,-1,-1,-999,-1,-1,-1,-1,-1,20,PM25
67t,2026-07-02,00:00,38,19.9,-1,-1,-1,-1,-1,-1,-1,-1,-1,-1,38,PM25
68t,2026-07-02,00:00,22,13.1,-1,-1,-1,-1,-1,-1,-1,-1,-1,-1,22,PM25
69t,2026-07-02,00:00,18,10.6,-1,-1,-1,-1,-1,-1,-1,-1,-1,-1,18,PM25
70t,2026-07-02,00:00,18,10.7,-1,-1,-1,-1,-1,-1,-1,-1,-999,-1,18,PM25
71t,2026-07-02,00:00,12,7.4,6,11,9,12,0,0.00,2,4,2,9,12,PM25
73t,2026-07-02,00:00,21,12.3,-1,-1,-1,-1,-1,-1,-1,-1,0,0,21,PM25
74t,2026-07-02,00:00,13,8.0,-1,-1,-1,-1,-1,-1,-1,-1,-1,-1,13,PM25
75t,2026-07-02,00:00,13,7.5,-1,-1,-1,-1,-1,-1,0,1,2,6,13,PM25
77t,2026-07-02,00:00,22,13.2,13,26,-1,-1,-999,-1,-1,-1,-1,-1,22,PM25
78t,2026-07-02,00:00,10,5.9,-1,-1,-999,-1,-999,-1,-999,-1,-999,-1,10,PM25
79t,2026-07-02,00:00,32,17.6,-1,-1,-1,-1,-1,-1,-1,-1,-1,-1,32,PM25
81t,2026-07-02,00:00,24,14.2,-1,-1,-1,-1,-1,-1,-1,-1,-1,-1,24,PM25
82t,2026-07-02,00:00,21,12.4,21,42,-1,-1,2,0.30,2,5,-1,-1,21,PM10
83t,2026-07-02,00:00,9,5.5,6,12,-1,-1,-1,-1,-1,-1,-1,-1,9,PM25
84t,2026-07-02,00:00,14,8.1,10,19,6,9,-1,-1,-1,-1,-1,-1,14,PM25
85t,2026-07-02,00:00,14,8.3,-1,-1,-1,-1,-1,-1,-1,-1,-1,-1,14,PM25
86t,2026-07-02,00:00,14,8.1,9,18,-1,-1,5,0.80,5,11,-1,-1,14,PM25
87t,2026-07-02,00:00,17,10.1,-1,-1,-1,-1,-1,-1,0,0,-1,-1,17,PM25
88t,2026-07-02,00:00,12,7.4,10,20,-1,-1,-1,-1,1,3,-1,-1,12,PM25
90t,2026-07-02,00:00,15,9.0,8,15,-1,-1,-1,-1,-1,-1,-1,-1,15,PM25
91t,2026-07-02,00:00,15,9.2,-1,-1,-1,-1,-1,-1,-1,-1,-1,-1,15,PM25
92t,2026-07-02,00:00,18,10.5,11,22,-1,-1,-1,-1,-1,-1,-1,-1,18,PM25
93t,2026-07-02,00:00,10,6.0,7,13,-1,-1,1,0.10,1,3,0,0,10,PM25
94t,2026-07-02,00:00,14,8.2,8,16,-1,-1,-1,-1,-1,-1,-1,-1,14,PM25
95t,2026-07-02,00:00,11,6.8,8,15,-1,-1,-1,-1,-1,-1,-1,-1,11,PM25
96t,2026-07-02,00:00,10,6.0,8,15,-1,-1,0,0.00,0,0,0,1,10,PM25
97t,2026-07-02,00:00,17,10.3,-1,-1,11,15,1,0.10,1,3,1,3,17,PM25
98t,2026-07-02,00:00,20,11.8,11,22,15,21,2,0.30,-1,-1,0,0,20,PM25
99t,2026-07-02,00:00,20,12.0,8,16,17,24,1,0.20,1,2,1,4,20,PM25
bkp100t,2026-07-02,00:00,11,6.4,-999,-1,-999,-1,-999,-1,-999,-1,-999,-1,11,PM25
bkp101t,2026-07-02,00:00,21,12.5,11,21,-999,-1,-999,-1,-999,-1,-999,-1,21,PM25
bkp102t,2026-07-02,00:00,13,7.8,13,26,-999,-1,-999,-1,-999,-1,-999,-1,13,PM25
bkp103t,2026-07-02,00:00,24,14.1,-999,-1,-999,-1,-999,-1,-999,-1,-999,-1,24,PM25
bkp104t,2026-07-02,00:00,19,11.1,13,26,-999,-1,-999,-1,-999,-1,-999,-1,19,PM25
bkp105t,2026-07-02,00:00,26,15.2,-999,-1,-999,-1,-999,-1,-999,-1,-999,-1,26,PM25
bkp114t,2026-07-02,00:00,13,7.6,-999,-1,-999,-1,-999,-1,-999,-1,-999,-1,13,PM25
bkp115t,2026-07-02,00:00,15,9.0,-999,-1,-999,-1,-999,-1,-999,-1,-999,-1,15,PM25
bkp116t,2026-07-02,00:00,15,8.8,-999,-1,-999,-1,-999,-1,-999,-1,-999,-1,15,PM25
bkp117t,2026-07-02,00:00,11,6.8,-999,-1,-999,-1,-999,-1,-999,-1,-999,-1,11,PM25
bkp118t,2026-07-02,00:00,21,12.4,-999,-1,-999,-1,-999,-1,-999,-1,-999,-1,21,PM25
bkp119t,2026-07-02,00:00,15,8.7,-999,-1,-999,-1,-999,-1,-999,-1,-999,-1,15,PM25
bkp120t,2026-07-02,00:00,15,9.1,-999,-1,-999,-1,-999,-1,-999,-1,-999,-1,15,PM25
bkp121t,2026-07-02,00:00,13,8.0,-999,-1,-999,-1,-999,-1,-999,-1,-999,-1,13,PM25
bkp122t,2026-07-02,00:00,12,7.4,-999,-1,-999,-1,-999,-1,-999,-1,-999,-1,12,PM25
bkp123t,2026-07-02,00:00,13,7.9,-999,-1,-999,-1,-999,-1,-999,-1,-999,-1,13,PM25
bkp124t,2026-07-02,00:00,22,13.2,-999,-1,-999,-1,-999,-1,-999,-1,-999,-1,22,PM25
bkp125t,2026-07-02,00:00,21,12.3,-999,-1,-999,-1,-999,-1,-999,-1,-999,-1,21,PM25
bkp126t,2026-07-02,00:00,19,11.3,-999,-1,-999,-1,-999,-1,-999,-1,-999,-1,19,PM25
bkp127t,2026-07-02,00:00,19,11.4,-999,-1,-999,-1,-999,-1,-999,-1,-999,-1,19,PM25
bkp128t,2026-07-02,00:00,12,7.1,-999,-1,-999,-1,-999,-1,-999,-1,-999,-1,12,PM25
bkp129t,2026-07-02,00:00,15,9.2,-999,-1,-999,-1,-999,-1,-999,-1,-999,-1,15,PM25
bkp130t,2026-07-02,00:00,12,7.1,-999,-1,-999,-1,-999,-1,-999,-1,-999,-1,12,PM25
bkp131t,2026-07-02,00:00,15,8.8,-999,-1,-999,-1,-999,-1,-999,-1,-999,-1,15,PM25
bkp133t,2026-07-02,00:00,19,11.1,-999,-1,-999,-1,-999,-1,-999,-1,-999,-1,19,PM25
bkp56t,2026-07-02,00:00,17,10.4,20,40,-999,-1,-999,-1,-999,-1,-999,-1,20,PM10
bkp57t,2026-07-02,00:00,21,12.5,17,34,-999,-1,-999,-1,-999,-1,-999,-1,21,PM25
bkp58t,2026-07-02,00:00,25,15.0,21,42,-999,-1,-999,-1,-999,-1,-999,-1,25,PM25
bkp59t,2026-07-02,00:00,13,7.8,19,37,-999,-1,-999,-1,-999,-1,-999,-1,19,PM10
bkp60t,2026-07-02,00:00,17,10.2,16,32,-999,-1,-999,-1,-999,-1,-999,-1,17,PM25
bkp61t,2026-07-02,00:00,18,10.6,11,22,-999,-1,-999,-1,-999,-1,-999,-1,18,PM25
bkp62t,2026-07-02,00:00,29,16.4,-999,-1,-999,-1,-999,-1,-999,-1,-999,-1,29,PM25
bkp63t,2026-07-02,00:00,20,11.7,-999,-1,-999,-1,-999,-1,-999,-1,-999,-1,20,PM25
bkp64t,2026-07-02,00:00,32,17.4,-999,-1,-999,-1,-999,-1,-999,-1,-999,-1,32,PM25
bkp65t,2026-07-02,00:00,24,14.3,-999,-1,-999,-1,-999,-1,-999,-1,-999,-1,24,PM25
bkp66t,2026-07-02,00:00,24,14.5,-999,-1,-999,-1,-999,-1,-999,-1,-999,-1,24,PM25
bkp67t,2026-07-02,00:00,22,13.3,-999,-1,-999,-1,-999,-1,-999,-1,-999,-1,22,PM25
bkp69t,2026-07-02,00:00,18,10.6,-999,-1,-999,-1,-999,-1,-999,-1,-999,-1,18,PM25
bkp70t,2026-07-02,00:00,13,7.6,11,22,-999,-1,-999,-1,-999,-1,-999,-1,13,PM25
bkp71t,2026-07-02,00:00,16,9.3,16,31,-999,-1,-999,-1,-999,-1,-999,-1,16,PM25
bkp72t,2026-07-02,00:00,37,19.8,31,57,-999,-1,-999,-1,-999,-1,-999,-1,37,PM25
bkp73t,2026-07-02,00:00,20,12.1,-999,-1,-999,-1,-999,-1,-999,-1,-999,-1,20,PM25
bkp74t,2026-07-02,00:00,14,8.5,11,21,-999,-1,-999,-1,-999,-1,-999,-1,14,PM25
bkp75t,2026-07-02,00:00,24,14.1,17,33,-999,-1,-999,-1,-999,-1,-999,-1,24,PM25
bkp76t,2026-07-02,00:00,14,8.2,-999,-1,-999,-1,-999,-1,-999,-1,-999,-1,14,PM25
bkp77t,2026-07-02,00:00,14,8.3,13,25,-999,-1,-999,-1,-999,-1,-999,-1,14,PM25
bkp78t,2026-07-02,00:00,30,16.9,-999,-1,-999,-1,-999,-1,-999,-1,-999,-1,30,PM25
bkp79t,2026-07-02,00:00,25,15.0,15,30,-999,-1,-999,-1,-999,-1,-999,-1,25,PM25
bkp80t,2026-07-02,00:00,29,16.5,28,54,-999,-1,-999,-1,-999,-1,-999,-1,29,PM25
bkp81t,2026-07-02,00:00,33,17.8,32,58,-999,-1,-999,-1,-999,-1,-999,-1,33,PM25
bkp82t,2026-07-02,00:00,15,9.1,-999,-1,-999,-1,-999,-1,-999,-1,-999,-1,15,PM25
bkp83t,2026-07-02,00:00,12,7.2,-999,-1,-999,-1,-999,-1,-999,-1,-999,-1,12,PM25
bkp84t,2026-07-02,00:00,35,18.9,-999,-1,-999,-1,-999,-1,-999,-1,-999,-1,35,PM25
bkp85t,2026-07-02,00:00,24,14.6,-999,-1,-999,-1,-999,-1,-999,-1,-999,-1,24,PM25
bkp86t,2026-07-02,00:00,21,12.8,13,26,-999,-1,-999,-1,-999,-1,-999,-1,21,PM25
bkp87t,2026-07-02,00:00,20,12.2,12,23,-999,-1,-999,-1,-999,-1,-999,-1,20,PM25
bkp88t,2026-07-02,00:00,15,8.8,-999,-1,-999,-1,-999,-1,-999,-1,-999,-1,15,PM25
bkp89t,2026-07-02,00:00,27,15.5,22,44,-999,-1,-999,-1,-999,-1,-999,-1,27,PM25
bkp90t,2026-07-02,00:00,22,13.4,20,40,-999,-1,-999,-1,-999,-1,-999,-1,22,PM25
bkp91t,2026-07-02,00:00,14,8.6,17,34,-999,-1,-999,-1,-999,-1,-999,-1,17,PM10
bkp92t,2026-07-02,00:00,23,13.9,-999,-1,-999,-1,-999,-1,-999,-1,-999,-1,23,PM25
bkp93t,2026-07-02,00:00,12,6.9,12,24,-999,-1,-999,-1,-999,-1,-999,-1,12,PM25
bkp94t,2026-07-02,00:00,22,13.1,-999,-1,-999,-1,-999,-1,-999,-1,-999,-1,22,PM25
bkp95t,2026-07-02,00:00,23,13.7,-999,-1,-999,-1,-999,-1,-999,-1,-999,-1,23,PM25
bkp96t,2026-07-02,00:00,20,12.2,10,19,-999,-1,-999,-1,-999,-1,-999,-1,20,PM25
bkp97t,2026-07-02,00:00,24,14.4,-999,-1,-999,-1,-999,-1,-999,-1,-999,-1,24,PM25
bkp98t,2026-07-02,00:00,32,17.5,-999,-1,-999,-1,-999,-1,-999,-1,-999,-1,32,PM25
bkp99t,2026-07-02,00:00,14,8.5,8,16,-999,-1,-999,-1,-999,-1,-999,-1,14,PM25
o10,2026-07-02,00:00,19,11.6,-999,-1,-999,-1,-999,-1,-999,-1,-999,-1,19,PM25
o28,2026-07-02,00:00,14,8.3,-999,-1,-999,-1,-999,-1,-999,-1,-999,-1,14,PM25
o38,2026-07-02,00:00,13,7.5,-1,-1,-999,-1,-999,-1,-999,-1,-999,-1,13,PM25
o72,2026-07-02,00:00,14,8.5,-999,-1,-999,-1,-999,-1,-999,-1,-999,-1,14,PM25
bkp125t,2026-07-02,01:00,20,12.2,-999,-1,-999,-1,-999,-1,-999,-1,-999,-1,20,PM25
02t,2026-07-02,02:00,20,11.8,-1,-1,-1,-1,-1,-1,-1,-1,-1,-1,20,PM25
08t,2026-07-02,02:00,24,14.4,-1,-1,-1,-1,-1,-1,-1,-1,-1,-1,24,PM25
100t,2026-07-02,02:00,11,6.8,12,23,5,7,1,0.10,2,4,0,0,12,PM10
101t,2026-07-02,02:00,10,6.2,7,14,24,33,14,2.40,1,2,0,0,24,O3
102t,2026-07-02,02:00,20,11.9,12,23,-1,-1,-1,-1,-1,-1,0,1,20,PM25
103t,2026-07-02,02:00,18,10.9,14,27,-1,-1,1,0.20,2,5,0,0,18,PM25
104t,2026-07-02,02:00,16,9.4,-1,-1,14,20,1,0.10,2,5,1,2,16,PM25
105t,2026-07-02,02:00,14,8.1,-999,-1,9,12,2,0.30,1,2,0,1,14,PM25
106t,2026-07-02,02:00,14,8.6,-999,-1,1,2,2,0.30,0,1,0,0,14,PM25
107t,2026-07-02,02:00,16,9.5,-1,-1,21,29,1,0.20,1,3,0,1,21,O3
108t,2026-07-02,02:00,17,10.2,-1,-1,16,23,10,1.70,0,1,0,1,17,PM25
109t,2026-07-02,02:00,11,6.6,-1,-1,15,21,1,0.20,1,2,1,2,15,O3
110t,2026-07-02,02:00,12,7.3,-999,-1,14,20,1,0.20,1,2,0,1,14,O3
111t,2026-07-02,02:00,9,5.2,-999,-1,15,21,1,0.20,0,1,0,0,15,O3
112t,2026-07-02,02:00,9,5.4,-999,-1,11,15,0,0.00,0,0,12,49,12,SO2
113t,2026-07-02,02:00,14,8.5,9,17,28,37,1,0.10,0,0,0,1,28,O3
114t,2026-07-02,02:00,16,9.3,9,17,19,27,2,0.30,1,3,0,1,19,O3
115t,2026-07-02,02:00,13,8.0,9,18,7,10,1,0.20,0,1,0,1,13,PM25
116t,2026-07-02,02:00,13,7.6,9,18,16,22,1,0.10,4,9,0,1,16,O3
117t,2026-07-02,02:00,20,11.9,-999,-1,9,12,1,0.20,1,2,0,1,20,PM25
118t,2026-07-02,02:00,8,4.5,-1,-1,9,13,-1,-1,2,4,0,0,9,O3
119t,2026-07-02,02:00,10,6.2,-1,-1,10,14,5,0.90,0,0,1,2,10,PM25
120t,2026-07-02,02:00,10,6.2,-1,-1,15,21,3,0.50,0,1,0,0,15,O3
121t,2026-07-02,02:00,11,6.3,-1,-1,6,8,2,0.30,1,2,1,3,11,PM25
13t,2026-07-02,02:00,13,7.7,10,19,8,11,1,0.20,3,7,0,1,13,PM25
14t,2026-07-02,02:00,20,11.9,-1,-1,4,6,2,0.30,6,15,1,2,20,PM25
16t,2026-07-02,02:00,9,5.6,9,17,-1,-1,-1,-1,-1,-1,-1,-1,9,PM10
17t,2026-07-02,02:00,11,6.4,-1,-1,-1,-1,-1,-1,-1,-1,-1,-1,11,PM25
18t,2026-07-02,02:00,31,17.2,-1,-1,-1,-1,-1,-1,-1,-1,-1,-1,31,PM25
19t,2026-07-02,02:00,17,9.9,-1,-1,-1,-1,-1,-1,-1,-1,-1,-1,17,PM25
20t,2026-07-02,02:00,23,13.7,12,24,-1,-1,-1,-1,-1,-1,-1,-1,23,PM25
21t,2026-07-02,02:00,13,7.9,-1,-1,-1,-1,-1,-1,-1,-1,-1,-1,13,PM25
22t,2026-07-02,02:00,13,7.9,9,18,-1,-1,-1,-1,-1,-1,-1,-1,13,PM25
24t,2026-07-02,02:00,27,15.4,22,43,-1,-1,-1,-1,-1,-1,-1,-1,27,PM25
25t,2026-07-02,02:00,18,10.5,10,19,-1,-1,-999,-1,-1,-1,-999,-1,18,PM25
26t,2026-07-02,02:00,22,12.9,-1,-1,-1,-1,-1,-1,-1,-1,-1,-1,22,PM25
28t,2026-07-02,02:00,17,10.3,-1,-1,-1,-1,-1,-1,-1,-1,-1,-1,17,PM25
29t,2026-07-02,02:00,19,11.3,18,36,-1,-1,-1,-1,-1,-1,-1,-1,19,PM25
30t,2026-07-02,02:00,17,10.4,15,29,11,15,1,0.10,0,0,0,0,17,PM25
31t,2026-07-02,02:00,16,9.6,-1,-1,-1,-1,-1,-1,-1,-1,-1,-1,16,PM25
32t,2026-07-02,02:00,17,10.2,-1,-1,-1,-1,-999,-1,-1,-1,-1,-1,17,PM25
33t,2026-07-02,02:00,21,12.3,-1,-1,-1,-1,-999,-1,-1,-1,-999,-1,21,PM25
34t,2026-07-02,02:00,29,16.2,-1,-1,-1,-1,-1,-1,-1,-1,-999,-1,29,PM25
35t,2026-07-02,02:00,24,14.6,-1,-1,-1,-1,-1,-1,-1,-1,-1,-1,24,PM25
36t,2026-07-02,02:00,14,8.4,-1,-1,-999,-1,-1,-1,-1,-1,-1,-1,14,PM25
40t,2026-07-02,02:00,18,10.8,-1,-1,-1,-1,-999,-1,-1,-1,-1,-1,18,PM25
46t,2026-07-02,02:00,27,15.5,-1,-1,-1,-1,-1,-1,-1,-1,-1,-1,27,PM25
47t,2026-07-02,02:00,21,12.8,-1,-1,-1,-1,-1,-1,-1,-1,-1,-1,21,PM25
50t,2026-07-02,02:00,23,14.0,-1,-1,-999,-1,-1,-1,-1,-1,-999,-1,23,PM25
52t,2026-07-02,02:00,23,13.6,-1,-1,-1,-1,-1,-1,-1,-1,-1,-1,23,PM25
53t,2026-07-02,02:00,21,12.7,-1,-1,-999,-1,-1,-1,-1,-1,-999,-1,21,PM25
57t,2026-07-02,02:00,10,6.1,13,25,-1,-1,-1,-1,-1,-1,-999,-1,13,PM10
58t,2026-07-02,02:00,13,7.9,8,15,-1,-1,-1,-1,-1,-1,-999,-1,13,PM25
59t,2026-07-02,02:00,19,11.4,12,24,9,13,3,0.50,5,11,-999,-1,19,PM25
60t,2026-07-02,02:00,23,13.9,-1,-1,-1,-1,-999,-1,-1,-1,-1,-1,23,PM25
61t,2026-07-02,02:00,20,11.9,-1,-1,-1,-1,-999,-1,-1,-1,-1,-1,20,PM25
67t,2026-07-02,02:00,36,19.4,-1,-1,-1,-1,-1,-1,-1,-1,-1,-1,36,PM25
68t,2026-07-02,02:00,23,13.5,-1,-1,-1,-1,-1,-1,-1,-1,-1,-1,23,PM25
69t,2026-07-02,02:00,18,10.5,-1,-1,-1,-1,-1,-1,-1,-1,-1,-1,18,PM25
70t,2026-07-02,02:00,17,10.4,-1,-1,-1,-1,-1,-1,-1,-1,-999,-1,17,PM25
71t,2026-07-02,02:00,13,7.7,6,12,9,12,0,0.00,2,5,2,9,13,PM25
73t,2026-07-02,02:00,20,12.1,-1,-1,-1,-1,-1,-1,-1,-1,0,0,20,PM25
74t,2026-07-02,02:00,14,8.1,-1,-1,-1,-1,-1,-1,-1,-1,-1,-1,14,PM25
75t,2026-07-02,02:00,12,7.4,-1,-1,-1,-1,-1,-1,0,1,2,7,12,PM25
77t,2026-07-02,02:00,22,13.1,13,25,-1,-1,-999,-1,-1,-1,-1,-1,22,PM25
78t,2026-07-02,02:00,10,5.8,-1,-1,-999,-1,-999,-1,-999,-1,-999,-1,10,PM25
79t,2026-07-02,02:00,31,17.0,-1,-1,-1,-1,-1,-1,-1,-1,-1,-1,31,PM25
81t,2026-07-02,02:00,22,13.4,-1,-1,-1,-1,-1,-1,-1,-1,-1,-1,22,PM25
82t,2026-07-02,02:00,21,12.7,21,42,-1,-1,2,0.30,1,3,-1,-1,21,PM10
83t,2026-07-02,02:00,10,6.0,7,13,-1,-1,-1,-1,-1,-1,-1,-1,10,PM25
84t,2026-07-02,02:00,14,8.1,10,19,5,7,-1,-1,-1,-1,-1,-1,14,PM25
85t,2026-07-02,02:00,14,8.4,-1,-1,-1,-1,-1,-1,-1,-1,-1,-1,14,PM25
86t,2026-07-02,02:00,13,7.7,9,17,-1,-1,5,0.80,5,11,-1,-1,13,PM25
87t,2026-07-02,02:00,17,10.0,-1,-1,-1,-1,-1,-1,0,0,-1,-1,17,PM25
88t,2026-07-02,02:00,13,7.5,10,20,-1,-1,-1,-1,1,2,-1,-1,13,PM25
90t,2026-07-02,02:00,15,8.9,7,14,-1,-1,-1,-1,-1,-1,-1,-1,15,PM25
91t,2026-07-02,02:00,16,9.4,-1,-1,-1,-1,-1,-1,-1,-1,-1,-1,16,PM25
92t,2026-07-02,02:00,17,10.3,11,22,-1,-1,-1,-1,-1,-1,-1,-1,17,PM25
93t,2026-07-02,02:00,10,6.1,7,13,-1,-1,1,0.10,0,0,0,0,10,PM25
94t,2026-07-02,02:00,14,8.5,8,15,-1,-1,-1,-1,-1,-1,-1,-1,14,PM25
95t,2026-07-02,02:00,12,7.2,8,16,-1,-1,-1,-1,-1,-1,-1,-1,12,PM25
96t,2026-07-02,02:00,10,5.8,8,15,-1,-1,0,0.00,1,2,0,1,10,PM25
97t,2026-07-02,02:00,18,10.6,-1,-1,11,15,1,0.10,1,2,1,3,18,PM25
98t,2026-07-02,02:00,19,11.2,11,22,11,16,1,0.20,-1,-1,0,0,19,PM25
99t,2026-07-02,02:00,20,11.8,8,16,15,21,1,0.20,3,6,1,3,20,PM25
bkp100t,2026-07-02,02:00,10,6.2,-999,-1,-999,-1,-999,-1,-999,-1,-999,-1,10,PM25
bkp101t,2026-07-02,02:00,21,12.6,10,20,-999,-1,-999,-1,-999,-1,-999,-1,21,PM25
bkp102t,2026-07-02,02:00,13,7.5,13,25,-999,-1,-999,-1,-999,-1,-999,-1,13,PM25
bkp103t,2026-07-02,02:00,23,13.7,-999,-1,-999,-1,-999,-1,-999,-1,-999,-1,23,PM25
bkp104t,2026-07-02,02:00,18,10.8,13,25,-999,-1,-999,-1,-999,-1,-999,-1,18,PM25
bkp105t,2026-07-02,02:00,25,15.0,-999,-1,-999,-1,-999,-1,-999,-1,-999,-1,25,PM25
bkp115t,2026-07-02,02:00,15,9.0,-999,-1,-999,-1,-999,-1,-999,-1,-999,-1,15,PM25
bkp116t,2026-07-02,02:00,15,8.8,-999,-1,-999,-1,-999,-1,-999,-1,-999,-1,15,PM25
bkp117t,2026-07-02,02:00,11,6.6,-999,-1,-999,-1,-999,-1,-999,-1,-999,-1,11,PM25
bkp118t,2026-07-02,02:00,21,12.4,-999,-1,-999,-1,-999,-1,-999,-1,-999,-1,21,PM25
bkp119t,2026-07-02,02:00,15,8.9,-999,-1,-999,-1,-999,-1,-999,-1,-999,-1,15,PM25
bkp120t,2026-07-02,02:00,17,10.0,-999,-1,-999,-1,-999,-1,-999,-1,-999,-1,17,PM25
bkp121t,2026-07-02,02:00,13,7.5,-999,-1,-999,-1,-999,-1,-999,-1,-999,-1,13,PM25
bkp122t,2026-07-02,02:00,12,7.2,-999,-1,-999,-1,-999,-1,-999,-1,-999,-1,12,PM25
bkp123t,2026-07-02,02:00,12,7.4,-999,-1,-999,-1,-999,-1,-999,-1,-999,-1,12,PM25
bkp124t,2026-07-02,02:00,21,12.6,-999,-1,-999,-1,-999,-1,-999,-1,-999,-1,21,PM25
bkp126t,2026-07-02,02:00,19,11.5,-999,-1,-999,-1,-999,-1,-999,-1,-999,-1,19,PM25
bkp127t,2026-07-02,02:00,19,11.3,-999,-1,-999,-1,-999,-1,-999,-1,-999,-1,19,PM25
bkp128t,2026-07-02,02:00,12,6.9,-999,-1,-999,-1,-999,-1,-999,-1,-999,-1,12,PM25
bkp129t,2026-07-02,02:00,15,9.1,-999,-1,-999,-1,-999,-1,-999,-1,-999,-1,15,PM25
bkp130t,2026-07-02,02:00,12,7.0,-999,-1,-999,-1,-999,-1,-999,-1,-999,-1,12,PM25
bkp131t,2026-07-02,02:00,14,8.4,-999,-1,-999,-1,-999,-1,-999,-1,-999,-1,14,PM25
bkp133t,2026-07-02,02:00,18,10.8,-999,-1,-999,-1,-999,-1,-999,-1,-999,-1,18,PM25
bkp56t,2026-07-02,02:00,17,10.2,21,41,-999,-1,-999,-1,-999,-1,-999,-1,21,PM10
bkp57t,2026-07-02,02:00,20,12.0,17,33,-999,-1,-999,-1,-999,-1,-999,-1,20,PM25
bkp58t,2026-07-02,02:00,25,15.0,20,40,-999,-1,-999,-1,-999,-1,-999,-1,25,PM25
bkp59t,2026-07-02,02:00,13,7.5,18,36,-999,-1,-999,-1,-999,-1,-999,-1,18,PM10
bkp60t,2026-07-02,02:00,17,10.1,16,32,-999,-1,-999,-1,-999,-1,-999,-1,17,PM25
bkp61t,2026-07-02,02:00,19,11.2,13,26,-999,-1,-999,-1,-999,-1,-999,-1,19,PM25
bkp62t,2026-07-02,02:00,28,16.0,-999,-1,-999,-1,-999,-1,-999,-1,-999,-1,28,PM25
bkp63t,2026-07-02,02:00,19,11.6,-999,-1,-999,-1,-999,-1,-999,-1,-999,-1,19,PM25
bkp64t,2026-07-02,02:00,31,17.0,-999,-1,-999,-1,-999,-1,-999,-1,-999,-1,31,PM25
bkp65t,2026-07-02,02:00,25,14.7,-999,-1,-999,-1,-999,-1,-999,-1,-999,-1,25,PM25
bkp66t,2026-07-02,02:00,24,14.3,-999,-1,-999,-1,-999,-1,-999,-1,-999,-1,24,PM25
bkp67t,2026-07-02,02:00,22,12.9,-999,-1,-999,-1,-999,-1,-999,-1,-999,-1,22,PM25
bkp69t,2026-07-02,02:00,18,10.5,-999,-1,-999,-1,-999,-1,-999,-1,-999,-1,18,PM25
bkp70t,2026-07-02,02:00,13,7.8,12,23,-999,-1,-999,-1,-999,-1,-999,-1,13,PM25
bkp71t,2026-07-02,02:00,15,8.7,15,30,-999,-1,-999,-1,-999,-1,-999,-1,15,PM25
bkp72t,2026-07-02,02:00,36,19.4,29,55,-999,-1,-999,-1,-999,-1,-999,-1,36,PM25
bkp73t,2026-07-02,02:00,20,11.8,-999,-1,-999,-1,-999,-1,-999,-1,-999,-1,20,PM25
bkp74t,2026-07-02,02:00,15,8.7,11,21,-999,-1,-999,-1,-999,-1,-999,-1,15,PM25
bkp75t,2026-07-02,02:00,24,14.5,17,33,-999,-1,-999,-1,-999,-1,-999,-1,24,PM25
bkp76t,2026-07-02,02:00,13,8.0,-999,-1,-999,-1,-999,-1,-999,-1,-999,-1,13,PM25
bkp77t,2026-07-02,02:00,14,8.2,12,24,-999,-1,-999,-1,-999,-1,-999,-1,14,PM25
bkp78t,2026-07-02,02:00,30,16.6,-999,-1,-999,-1,-999,-1,-999,-1,-999,-1,30,PM25
bkp79t,2026-07-02,02:00,24,14.6,15,29,-999,-1,-999,-1,-999,-1,-999,-1,24,PM25
bkp80t,2026-07-02,02:00,28,16.1,27,52,-999,-1,-999,-1,-999,-1,-999,-1,28,PM25
bkp81t,2026-07-02,02:00,32,17.7,31,57,-999,-1,-999,-1,-999,-1,-999,-1,32,PM25
bkp82t,2026-07-02,02:00,15,9.0,-999,-1,-999,-1,-999,-1,-999,-1,-999,-1,15,PM25
bkp83t,2026-07-02,02:00,12,7.4,-999,-1,-999,-1,-999,-1,-999,-1,-999,-1,12,PM25
bkp84t,2026-07-02,02:00,35,18.9,-999,-1,-999,-1,-999,-1,-999,-1,-999,-1,35,PM25
bkp85t,2026-07-02,02:00,23,14.0,-999,-1,-999,-1,-999,-1,-999,-1,-999,-1,23,PM25
bkp86t,2026-07-02,02:00,22,12.9,13,25,-999,-1,-999,-1,-999,-1,-999,-1,22,PM25
bkp87t,2026-07-02,02:00,21,12.3,12,23,-999,-1,-999,-1,-999,-1,-999,-1,21,PM25
bkp88t,2026-07-02,02:00,15,8.8,-999,-1,-999,-1,-999,-1,-999,-1,-999,-1,15,PM25
bkp89t,2026-07-02,02:00,28,15.8,22,43,-999,-1,-999,-1,-999,-1,-999,-1,28,PM25
bkp90t,2026-07-02,02:00,22,13.1,20,40,-999,-1,-999,-1,-999,-1,-999,-1,22,PM25
bkp91t,2026-07-02,02:00,13,8.0,17,34,-999,-1,-999,-1,-999,-1,-999,-1,17,PM10
bkp92t,2026-07-02,02:00,23,13.6,-999,-1,-999,-1,-999,-1,-999,-1,-999,-1,23,PM25
bkp93t,2026-07-02,02:00,12,6.9,12,24,-999,-1,-999,-1,-999,-1,-999,-1,12,PM25
bkp94t,2026-07-02,02:00,22,13.0,-999,-1,-999,-1,-999,-1,-999,-1,-999,-1,22,PM25
bkp95t,2026-07-02,02:00,22,13.0,-999,-1,-999,-1,-999,-1,-999,-1,-999,-1,22,PM25
bkp96t,2026-07-02,02:00,20,12.2,10,19,-999,-1,-999,-1,-999,-1,-999,-1,20,PM25
bkp97t,2026-07-02,02:00,23,13.5,-999,-1,-999,-1,-999,-1,-999,-1,-999,-1,23,PM25
bkp98t,2026-07-02,02:00,31,17.3,-999,-1,-999,-1,-999,-1,-999,-1,-999,-1,31,PM25
bkp99t,2026-07-02,02:00,14,8.3,8,15,-999,-1,-999,-1,-999,-1,-999,-1,14,PM25
o10,2026-07-02,02:00,19,11.5,-999,-1,-999,-1,-999,-1,-999,-1,-999,-1,19,PM25
o28,2026-07-02,02:00,13,7.9,-999,-1,-999,-1,-999,-1,-999,-1,-999,-1,13,PM25
o38,2026-07-02,02:00,13,7.6,-1,-1,-999,-1,-999,-1,-999,-1,-999,-1,13,PM25
o72,2026-07-02,02:00,15,9.0,-999,-1,-999,-1,-999,-1,-999,-1,-999,-1,15,PM25
02t,2026-07-02,04:00,20,12.0,-1,-1,-1,-1,-1,-1,-1,-1,-1,-1,20,PM25
08t,2026-07-02,04:00,24,14.1,-1,-1,-1,-1,-1,-1,-1,-1,-1,-1,24,PM25
100t,2026-07-02,04:00,11,6.8,12,23,6,8,0,0.00,2,5,0,0,12,PM10
101t,2026-07-02,04:00,11,6.3,7,14,21,30,14,2.40,1,2,0,0,21,O3
102t,2026-07-02,04:00,20,12.2,12,23,-1,-1,-1,-1,-1,-1,0,1,20,PM25
103t,2026-07-02,04:00,17,10.4,13,26,-1,-1,1,0.10,2,5,0,0,17,PM25
104t,2026-07-02,04:00,16,9.4,-1,-1,11,16,1,0.10,2,5,1,2,16,PM25
105t,2026-07-02,04:00,13,7.8,-999,-1,7,10,1,0.20,3,6,-1,-1,13,PM25
106t,2026-07-02,04:00,14,8.6,-999,-1,1,2,2,0.30,0,1,0,0,14,PM25
107t,2026-07-02,04:00,16,9.6,-1,-1,21,30,1,0.20,1,3,0,1,21,O3
108t,2026-07-02,04:00,17,10.1,-1,-1,16,23,10,1.70,1,2,0,1,17,PM25
109t,2026-07-02,04:00,12,6.9,-1,-1,16,22,1,0.20,1,3,1,2,16,O3
110t,2026-07-02,04:00,13,7.6,-999,-1,14,20,1,0.20,0,1,0,1,14,O3
111t,2026-07-02,04:00,9,5.3,-999,-1,16,23,1,0.10,1,2,0,0,16,O3
112t,2026-07-02,04:00,9,5.5,-999,-1,11,15,0,0.00,0,0,11,44,11,O3
113t,2026-07-02,04:00,14,8.4,9,17,26,36,1,0.10,0,0,0,1,26,O3
114t,2026-07-02,04:00,16,9.5,9,17,19,26,2,0.30,1,2,0,1,19,O3
115t,2026-07-02,04:00,13,7.8,9,17,7,10,1,0.20,0,1,0,1,13,PM25
116t,2026-07-02,04:00,13,7.6,9,18,12,17,1,0.10,4,10,0,1,13,PM25
117t,2026-07-02,04:00,20,11.7,-999,-1,8,11,1,0.10,1,2,0,1,20,PM25
118t,2026-07-02,04:00,8,4.5,-1,-1,9,13,-1,-1,0,1,0,0,9,O3
119t,2026-07-02,04:00,10,5.9,-1,-1,11,15,5,0.90,0,0,1,2,11,O3
120t,2026-07-02,04:00,10,5.9,-1,-1,15,21,3,0.50,0,1,0,0,15,O3
121t,2026-07-02,04:00,10,6.1,-1,-1,6,9,1,0.20,1,2,1,3,10,PM25
13t,2026-07-02,04:00,12,7.3,9,18,5,7,1,0.20,4,9,0,1,12,PM25
14t,2026-07-02,04:00,22,12.9,-1,-1,4,5,2,0.30,5,11,0,1,22,PM25
16t,2026-07-02,04:00,12,6.9,9,18,-1,-1,-1,-1,-1,-1,-1,-1,12,PM25
17t,2026-07-02,04:00,11,6.4,-1,-1,-1,-1,-1,-1,-1,-1,-1,-1,11,PM25
18t,2026-07-02,04:00,32,17.7,-1,-1,-1,-1,-1,-1,-1,-1,-1,-1,32,PM25
19t,2026-07-02,04:00,16,9.8,-1,-1,-1,-1,-1,-1,-1,-1,-1,-1,16,PM25
20t,2026-07-02,04:00,22,13.4,12,23,-1,-1,-1,-1,-1,-1,-1,-1,22,PM25
21t,2026-07-02,04:00,12,7.2,-1,-1,-1,-1,-1,-1,-1,-1,-1,-1,12,PM25
22t,2026-07-02,04:00,13,7.7,9,17,-1,-1,-1,-1,-1,-1,-1,-1,13,PM25
24t,2026-07-02,04:00,25,14.9,21,42,-1,-1,-1,-1,-1,-1,-1,-1,25,PM25
25t,2026-07-02,04:00,16,9.7,9,18,-1,-1,-999,-1,-1,-1,-999,-1,16,PM25
26t,2026-07-02,04:00,21,12.8,-1,-1,-1,-1,-1,-1,-1,-1,-1,-1,21,PM25
28t,2026-07-02,04:00,17,9.9,-1,-1,-1,-1,-1,-1,-1,-1,-1,-1,17,PM25
29t,2026-07-02,04:00,19,11.3,18,36,-1,-1,-1,-1,-1,-1,-1,-1,19,PM25
30t,2026-07-02,04:00,17,10.4,15,30,11,16,1,0.10,0,1,0,1,17,PM25
31t,2026-07-02,04:00,15,9.2,-1,-1,-1,-1,-1,-1,-1,-1,-1,-1,15,PM25
32t,2026-07-02,04:00,16,9.8,-1,-1,-1,-1,-999,-1,-1,-1,-1,-1,16,PM25
33t,2026-07-02,04:00,21,12.6,-1,-1,-1,-1,-999,-1,-1,-1,-999,-1,21,PM25
34t,2026-07-02,04:00,33,18.0,-1,-1,-1,-1,-1,-1,-1,-1,-999,-1,33,PM25
35t,2026-07-02,04:00,24,14.5,-1,-1,-1,-1,-1,-1,-1,-1,-1,-1,24,PM25
36t,2026-07-02,04:00,14,8.5,-1,-1,-999,-1,-1,-1,-1,-1,-1,-1,14,PM25
37t,2026-07-02,04:00,18,10.9,-1,-1,-1,-1,-1,-1,-1,-1,-1,-1,18,PM25
38t,2026-07-02,04:00,18,10.5,-1,-1,9,12,2,0.30,0,1,0,1,18,PM25
39t,2026-07-02,04:00,17,10.3,-1,-1,-1,-1,-999,-1,-1,-1,-1,-1,17,PM25
40t,2026-07-02,04:00,18,10.6,-1,-1,-1,-1,-999,-1,-1,-1,-1,-1,18,PM25
41t,2026-07-02,04:00,15,9.0,-1,-1,-1,-1,-1,-1,-1,-1,-1,-1,15,PM25
46t,2026-07-02,04:00,26,15.2,-1,-1,-1,-1,-1,-1,-1,-1,-1,-1,26,PM25
47t,2026-07-02,04:00,21,12.8,-1,-1,-1,-1,-1,-1,-1,-1,-1,-1,21,PM25
50t,2026-07-02,04:00,24,14.4,-1,-1,-999,-1,-1,-1,-1,-1,-999,-1,24,PM25
52t,2026-07-02,04:00,23,13.6,-1,-1,-1,-1,-1,-1,-1,-1,-1,-1,23,PM25
53t,2026-07-02,04:00,20,12.0,-1,-1,-999,-1,-1,-1,-1,-1,-999,-1,20,PM25
57t,2026-07-02,04:00,10,6.2,12,24,-1,-1,-1,-1,-1,-1,-999,-1,12,PM10
58t,2026-07-02,04:00,13,7.7,8,15,-1,-1,-1,-1,-1,-1,-999,-1,13,PM25
59t,2026-07-02,04:00,18,10.9,12,24,12,17,3,0.50,5,13,-999,-1,18,PM25
60t,2026-07-02,04:00,24,14.1,-1,-1,-1,-1,-999,-1,-1,-1,-1,-1,24,PM25
61t,2026-07-02,04:00,20,11.8,-1,-1,-1,-1,-999,-1,-1,-1,-1,-1,20,PM25
67t,2026-07-02,04:00,37,19.7,-1,-1,-1,-1,-1,-1,-1,-1,-1,-1,37,PM25
68t,2026-07-02,04:00,22,13.3,-1,-1,-1,-1,-1,-1,-1,-1,-1,-1,22,PM25
69t,2026-07-02,04:00,17,10.4,-1,-1,-1,-1,-1,-1,-1,-1,-1,-1,17,PM25
70t,2026-07-02,04:00,17,10.4,-1,-1,-1,-1,-1,-1,-1,-1,-999,-1,17,PM25
71t,2026-07-02,04:00,13,7.9,7,13,9,12,0,0.00,1,3,2,9,13,PM25
73t,2026-07-02,04:00,20,12.0,-1,-1,-1,-1,-1,-1,-1,-1,0,0,20,PM25
74t,2026-07-02,04:00,13,8.0,-1,-1,-1,-1,-1,-1,-1,-1,-1,-1,13,PM25
75t,2026-07-02,04:00,12,7.4,-1,-1,-1,-1,-1,-1,0,1,2,7,12,PM25
76t,2026-07-02,04:00,16,9.6,-1,-1,-1,-1,-1,-1,-1,-1,-999,-1,16,PM25
77t,2026-07-02,04:00,22,13.0,13,25,-1,-1,-999,-1,-1,-1,-1,-1,22,PM25
78t,2026-07-02,04:00,10,5.7,-1,-1,-999,-1,-999,-1,-999,-1,-999,-1,10,PM25
79t,2026-07-02,04:00,29,16.4,-1,-1,-1,-1,-1,-1,-1,-1,-1,-1,29,PM25
81t,2026-07-02,04:00,19,11.5,-1,-1,-1,-1,-1,-1,-1,-1,-1,-1,19,PM25
82t,2026-07-02,04:00,22,12.9,20,40,-1,-1,2,0.30,1,2,-1,-1,22,PM25
83t,2026-07-02,04:00,10,6.2,7,13,-1,-1,-1,-1,-1,-1,-1,-1,10,PM25
84t,2026-07-02,04:00,14,8.3,10,19,5,7,-1,-1,-1,-1,-1,-1,14,PM25
85t,2026-07-02,04:00,14,8.2,-1,-1,-1,-1,-1,-1,-1,-1,-1,-1,14,PM25
86t,2026-07-02,04:00,12,7.3,8,16,-1,-1,5,0.80,5,12,-1,-1,12,PM25
87t,2026-07-02,04:00,17,9.9,-1,-1,-1,-1,-1,-1,0,0,-1,-1,17,PM25
88t,2026-07-02,04:00,13,7.7,11,21,-1,-1,-1,-1,0,1,-1,-1,13,PM25
90t,2026-07-02,04:00,14,8.1,7,13,-1,-1,-1,-1,-1,-1,-1,-1,14,PM25
91t,2026-07-02,04:00,16,9.4,-1,-1,-1,-1,-1,-1,-1,-1,-1,-1,16,PM25
92t,2026-07-02,04:00,17,10.2,11,21,-1,-1,-1,-1,-1,-1,-1,-1,17,PM25
93t,2026-07-02,04:00,10,6.2,7,13,-1,-1,0,0.00,1,2,0,0,10,PM25
94t,2026-07-02,04:00,14,8.5,8,16,-1,-1,-1,-1,-1,-1,-1,-1,14,PM25
95t,2026-07-02,04:00,12,7.3,8,16,-1,-1,-1,-1,-1,-1,-1,-1,12,PM25
96t,2026-07-02,04:00,9,5.5,7,14,-1,-1,0,0.00,0,1,0,1,9,PM25
97t,2026-07-02,04:00,18,11.0,-1,-1,11,16,0,0.00,0,1,1,3,18,PM25
98t,2026-07-02,04:00,18,10.9,11,21,7,10,1,0.20,-1,-1,0,0,18,PM25
99t,2026-07-02,04:00,18,11.0,8,15,13,18,1,0.10,1,3,1,3,18,PM25
bkp100t,2026-07-02,04:00,10,6.0,-999,-1,-999,-1,-999,-1,-999,-1,-999,-1,10,PM25
bkp101t,2026-07-02,04:00,21,12.6,10,20,-999,-1,-999,-1,-999,-1,-999,-1,21,PM25
bkp102t,2026-07-02,04:00,12,7.3,12,24,-999,-1,-999,-1,-999,-1,-999,-1,12,PM25
bkp103t,2026-07-02,04:00,23,13.7,-999,-1,-999,-1,-999,-1,-999,-1,-999,-1,23,PM25
bkp104t,2026-07-02,04:00,18,10.7,13,25,-999,-1,-999,-1,-999,-1,-999,-1,18,PM25
bkp105t,2026-07-02,04:00,27,15.5,-999,-1,-999,-1,-999,-1,-999,-1,-999,-1,27,PM25
bkp114t,2026-07-02,04:00,12,7.0,-999,-1,-999,-1,-999,-1,-999,-1,-999,-1,12,PM25
bkp115t,2026-07-02,04:00,15,8.9,-999,-1,-999,-1,-999,-1,-999,-1,-999,-1,15,PM25
bkp116t,2026-07-02,04:00,15,8.7,-999,-1,-999,-1,-999,-1,-999,-1,-999,-1,15,PM25
bkp117t,2026-07-02,04:00,11,6.3,-999,-1,-999,-1,-999,-1,-999,-1,-999,-1,11,PM25
bkp118t,2026-07-02,04:00,20,12.0,-999,-1,-999,-1,-999,-1,-999,-1,-999,-1,20,PM25
bkp119t,2026-07-02,04:00,15,8.8,-999,-1,-999,-1,-999,-1,-999,-1,-999,-1,15,PM25
bkp120t,2026-07-02,04:00,17,10.1,-999,-1,-999,-1,-999,-1,-999,-1,-999,-1,17,PM25
bkp121t,2026-07-02,04:00,13,7.9,-999,-1,-999,-1,-999,-1,-999,-1,-999,-1,13,PM25
bkp122t,2026-07-02,04:00,12,7.2,-999,-1,-999,-1,-999,-1,-999,-1,-999,-1,12,PM25
bkp123t,2026-07-02,04:00,13,7.5,-999,-1,-999,-1,-999,-1,-999,-1,-999,-1,13,PM25
bkp124t,2026-07-02,04:00,21,12.3,-999,-1,-999,-1,-999,-1,-999,-1,-999,-1,21,PM25
bkp125t,2026-07-02,04:00,20,11.9,-999,-1,-999,-1,-999,-1,-999,-1,-999,-1,20,PM25
bkp126t,2026-07-02,04:00,19,11.2,-999,-1,-999,-1,-999,-1,-999,-1,-999,-1,19,PM25
bkp127t,2026-07-02,04:00,19,11.6,-999,-1,-999,-1,-999,-1,-999,-1,-999,-1,19,PM25
bkp128t,2026-07-02,04:00,11,6.3,-999,-1,-999,-1,-999,-1,-999,-1,-999,-1,11,PM25
bkp129t,2026-07-02,04:00,15,8.9,-999,-1,-999,-1,-999,-1,-999,-1,-999,-1,15,PM25
bkp130t,2026-07-02,04:00,12,7.1,-999,-1,-999,-1,-999,-1,-999,-1,-999,-1,12,PM25
bkp131t,2026-07-02,04:00,14,8.1,-999,-1,-999,-1,-999,-1,-999,-1,-999,-1,14,PM25
bkp133t,2026-07-02,04:00,18,10.5,-999,-1,-999,-1,-999,-1,-999,-1,-999,-1,18,PM25
bkp56t,2026-07-02,04:00,17,10.1,20,40,-999,-1,-999,-1,-999,-1,-999,-1,20,PM10
bkp57t,2026-07-02,04:00,19,11.6,16,32,-999,-1,-999,-1,-999,-1,-999,-1,19,PM25
bkp58t,2026-07-02,04:00,25,14.7,20,40,-999,-1,-999,-1,-999,-1,-999,-1,25,PM25
bkp59t,2026-07-02,04:00,12,6.9,18,36,-999,-1,-999,-1,-999,-1,-999,-1,18,PM10
bkp60t,2026-07-02,04:00,17,10.3,16,32,-999,-1,-999,-1,-999,-1,-999,-1,17,PM25
bkp61t,2026-07-02,04:00,19,11.1,15,29,-999,-1,-999,-1,-999,-1,-999,-1,19,PM25
bkp62t,2026-07-02,04:00,27,15.5,-999,-1,-999,-1,-999,-1,-999,-1,-999,-1,27,PM25
bkp63t,2026-07-02,04:00,19,11.3,-999,-1,-999,-1,-999,-1,-999,-1,-999,-1,19,PM25
bkp64t,2026-07-02,04:00,30,16.6,-999,-1,-999,-1,-999,-1,-999,-1,-999,-1,30,PM25
bkp65t,2026-07-02,04:00,24,14.5,-999,-1,-999,-1,-999,-1,-999,-1,-999,-1,24,PM25
bkp66t,2026-07-02,04:00,23,13.9,-999,-1,-999,-1,-999,-1,-999,-1,-999,-1,23,PM25
bkp67t,2026-07-02,04:00,21,12.3,-999,-1,-999,-1,-999,-1,-999,-1,-999,-1,21,PM25
bkp69t,2026-07-02,04:00,17,10.1,-999,-1,-999,-1,-999,-1,-999,-1,-999,-1,17,PM25
bkp70t,2026-07-02,04:00,13,7.5,12,23,-999,-1,-999,-1,-999,-1,-999,-1,13,PM25
bkp71t,2026-07-02,04:00,14,8.2,16,31,-999,-1,-999,-1,-999,-1,-999,-1,16,PM10
bkp72t,2026-07-02,04:00,36,19.2,29,55,-999,-1,-999,-1,-999,-1,-999,-1,36,PM25
bkp73t,2026-07-02,04:00,19,11.3,-999,-1,-999,-1,-999,-1,-999,-1,-999,-1,19,PM25
bkp74t,2026-07-02,04:00,14,8.6,11,21,-999,-1,-999,-1,-999,-1,-999,-1,14,PM25
bkp75t,2026-07-02,04:00,25,14.7,16,32,-999,-1,-999,-1,-999,-1,-999,-1,25,PM25
bkp76t,2026-07-02,04:00,14,8.2,-999,-1,-999,-1,-999,-1,-999,-1,-999,-1,14,PM25
bkp77t,2026-07-02,04:00,13,7.9,12,24,-999,-1,-999,-1,-999,-1,-999,-1,13,PM25
bkp78t,2026-07-02,04:00,29,16.2,-999,-1,-999,-1,-999,-1,-999,-1,-999,-1,29,PM25
bkp79t,2026-07-02,04:00,24,14.2,15,29,-999,-1,-999,-1,-999,-1,-999,-1,24,PM25
bkp80t,2026-07-02,04:00,28,15.9,26,51,-999,-1,-999,-1,-999,-1,-999,-1,28,PM25
bkp81t,2026-07-02,04:00,33,18.1,30,56,-999,-1,-999,-1,-999,-1,-999,-1,33,PM25
bkp82t,2026-07-02,04:00,15,8.8,-999,-1,-999,-1,-999,-1,-999,-1,-999,-1,15,PM25
bkp83t,2026-07-02,04:00,12,7.2,-999,-1,-999,-1,-999,-1,-999,-1,-999,-1,12,PM25
bkp84t,2026-07-02,04:00,30,16.7,-999,-1,-999,-1,-999,-1,-999,-1,-999,-1,30,PM25
bkp85t,2026-07-02,04:00,24,14.1,-999,-1,-999,-1,-999,-1,-999,-1,-999,-1,24,PM25
bkp86t,2026-07-02,04:00,22,12.9,12,24,-999,-1,-999,-1,-999,-1,-999,-1,22,PM25
bkp87t,2026-07-02,04:00,21,12.3,12,23,-999,-1,-999,-1,-999,-1,-999,-1,21,PM25
bkp88t,2026-07-02,04:00,15,8.8,-999,-1,-999,-1,-999,-1,-999,-1,-999,-1,15,PM25
bkp89t,2026-07-02,04:00,28,16.1,22,44,-999,-1,-999,-1,-999,-1,-999,-1,28,PM25
bkp90t,2026-07-02,04:00,22,13.4,19,38,-999,-1,-999,-1,-999,-1,-999,-1,22,PM25
bkp91t,2026-07-02,04:00,14,8.3,17,33,-999,-1,-999,-1,-999,-1,-999,-1,17,PM10
bkp92t,2026-07-02,04:00,22,13.4,-999,-1,-999,-1,-999,-1,-999,-1,-999,-1,22,PM25
bkp93t,2026-07-02,04:00,12,7.2,12,24,-999,-1,-999,-1,-999,-1,-999,-1,12,PM25
bkp94t,2026-07-02,04:00,21,12.7,-999,-1,-999,-1,-999,-1,-999,-1,-999,-1,21,PM25
bkp95t,2026-07-02,04:00,22,13.0,-999,-1,-999,-1,-999,-1,-999,-1,-999,-1,22,PM25
bkp96t,2026-07-02,04:00,20,11.9,10,19,-999,-1,-999,-1,-999,-1,-999,-1,20,PM25
bkp97t,2026-07-02,04:00,23,13.5,-999,-1,-999,-1,-999,-1,-999,-1,-999,-1,23,PM25
bkp98t,2026-07-02,04:00,30,16.8,-999,-1,-999,-1,-999,-1,-999,-1,-999,-1,30,PM25
bkp99t,2026-07-02,04:00,14,8.4,8,15,-999,-1,-999,-1,-999,-1,-999,-1,14,PM25
o10,2026-07-02,04:00,19,11.4,-999,-1,-999,-1,-999,-1,-999,-1,-999,-1,19,PM25
o28,2026-07-02,04:00,13,7.5,-999,-1,-999,-1,-999,-1,-999,-1,-999,-1,13,PM25
o38,2026-07-02,04:00,13,7.6,-1,-1,-999,-1,-999,-1,-999,-1,-999,-1,13,PM25
o72,2026-07-02,04:00,15,9.2,-999,-1,-999,-1,-999,-1,-999,-1,-999,-1,15,PM25
03t,2026-07-02,09:00,25,14.7,-1,-1,-1,-1,-1,-1,-1,-1,-999,-1,25,PM25
05t,2026-07-02,09:00,21,12.6,-1,-1,-1,-1,-1,-1,-1,-1,-1,-1,21,PM25
12t,2026-07-02,09:00,21,12.5,-1,-1,-1,-1,-1,-1,-1,-1,-1,-1,21,PM25
42t,2026-07-02,09:00,9,5.5,-1,-1,-1,-1,-1,-1,-1,-1,-1,-1,9,PM25
43t,2026-07-02,09:00,10,5.7,-1,-1,-1,-1,-1,-1,2,4,0,1,10,PM25
44t,2026-07-02,09:00,10,5.9,-1,-1,-1,-1,-1,-1,-1,-1,-1,-1,10,PM25
54t,2026-07-02,09:00,25,14.8,-1,-1,-1,-1,-1,-1,-1,-1,-1,-1,25,PM25
62t,2026-07-02,09:00,9,5.5,-1,-1,-1,-1,-1,-1,-1,-1,-999,-1,9,PM25
63t,2026-07-02,09:00,9,5.4,-1,-1,-1,-1,-1,-1,-1,-1,-999,-1,9,PM25
79t,2026-07-02,09:00,26,15.3,-1,-1,-1,-1,-1,-1,-1,-1,-1,-1,26,PM25
80t,2026-07-02,09:00,9,5.6,-1,-1,-1,-1,-1,-1,-1,-1,-1,-1,9,PM25
89t,2026-07-02,09:00,9,5.5,7,13,-1,-1,-1,-1,-1,-1,-1,-1,9,PM25
bkp123t,2026-07-02,09:00,12,7.1,-999,-1,-999,-1,-999,-1,-999,-1,-999,-1,12,PM25
02t,2026-07-02,10:00,21,12.6,-1,-1,-1,-1,-1,-1,-1,-1,-1,-1,21,PM25
08t,2026-07-02,10:00,28,15.9,-1,-1,-1,-1,-1,-1,-1,-1,-1,-1,28,PM25
100t,2026-07-02,10:00,12,6.9,12,23,6,9,0,0.00,5,11,0,0,12,PM10
101t,2026-07-02,10:00,10,6.2,7,13,19,27,14,2.40,1,2,0,0,19,O3
102t,2026-07-02,10:00,21,12.6,11,21,-1,-1,-1,-1,-1,-1,0,1,21,PM25
103t,2026-07-02,10:00,15,9.1,13,25,-1,-1,1,0.10,3,8,0,0,15,PM25
104t,2026-07-02,10:00,16,9.7,-1,-1,9,12,1,0.10,0,1,1,2,16,PM25
105t,2026-07-02,10:00,11,6.5,-999,-1,4,5,2,0.40,3,8,0,1,11,PM25
106t,2026-07-02,10:00,11,6.7,-999,-1,1,2,1,0.20,0,1,0,0,11,PM25
107t,2026-07-02,10:00,17,10.0,-1,-1,20,28,1,0.20,-1,-1,-1,-1,20,O3
108t,2026-07-02,10:00,17,10.2,-1,-1,16,22,10,1.70,1,2,0,1,17,PM25
109t,2026-07-02,10:00,11,6.7,-1,-1,18,25,1,0.10,1,2,1,2,18,O3
110t,2026-07-02,10:00,13,7.6,-999,-1,16,23,1,0.20,2,4,0,1,16,O3
111t,2026-07-02,10:00,9,5.2,-999,-1,14,20,1,0.10,1,2,0,1,14,O3
112t,2026-07-02,10:00,10,5.7,-999,-1,11,15,0,0.00,0,1,14,54,14,SO2
113t,2026-07-02,10:00,14,8.6,9,17,24,33,1,0.10,0,0,0,1,24,O3
114t,2026-07-02,10:00,16,9.4,9,17,15,21,2,0.40,1,3,0,1,16,PM25
115t,2026-07-02,10:00,11,6.8,8,16,11,15,1,0.20,0,1,0,1,11,PM25
116t,2026-07-02,10:00,11,6.4,8,16,10,14,1,0.10,0,1,0,1,11,PM25
117t,2026-07-02,10:00,19,11.2,-999,-1,6,9,1,0.10,1,2,0,1,19,PM25
118t,2026-07-02,10:00,8,4.7,-1,-1,13,18,-1,-1,1,3,0,0,13,O3
119t,2026-07-02,10:00,9,5.3,-1,-1,7,10,6,1.00,1,3,1,2,9,PM25
120t,2026-07-02,10:00,9,5.5,-1,-1,12,17,3,0.50,0,1,0,0,12,O3
121t,2026-07-02,10:00,9,5.4,-1,-1,7,10,1,0.20,1,2,1,3,9,PM25
13t,2026-07-02,10:00,11,6.8,8,16,5,7,2,0.40,6,14,0,1,11,PM25
14t,2026-07-02,10:00,22,13.4,-1,-1,5,7,2,0.40,5,12,1,5,22,PM25
16t,2026-07-02,10:00,15,8.9,10,20,-1,-1,-1,-1,-1,-1,-1,-1,15,PM25
17t,2026-07-02,10:00,13,7.8,-1,-1,-1,-1,-1,-1,-1,-1,-1,-1,13,PM25
18t,2026-07-02,10:00,35,19.0,-1,-1,-1,-1,-1,-1,-1,-1,-1,-1,35,PM25
19t,2026-07-02,10:00,17,10.0,-1,-1,-1,-1,-1,-1,-1,-1,-1,-1,17,PM25
20t,2026-07-02,10:00,23,13.8,13,25,-1,-1,-1,-1,-1,-1,-1,-1,23,PM25
21t,2026-07-02,10:00,13,7.6,-1,-1,-1,-1,-1,-1,-1,-1,-1,-1,13,PM25
22t,2026-07-02,10:00,13,7.8,9,18,-1,-1,-1,-1,-1,-1,-1,-1,13,PM25
24t,2026-07-02,10:00,24,14.1,24,47,-1,-1,-1,-1,-1,-1,-1,-1,24,PM10
25t,2026-07-02,10:00,13,7.8,8,16,-1,-1,-999,-1,-1,-1,-999,-1,13,PM25
26t,2026-07-02,10:00,23,13.8,-1,-1,-1,-1,-1,-1,-1,-1,-1,-1,23,PM25
28t,2026-07-02,10:00,17,10.0,-1,-1,-1,-1,-1,-1,-1,-1,-1,-1,17,PM25
29t,2026-07-02,10:00,19,11.3,17,34,-1,-1,-1,-1,-1,-1,-1,-1,19,PM25
30t,2026-07-02,10:00,16,9.6,15,30,11,16,1,0.10,2,4,1,5,16,PM25
31t,2026-07-02,10:00,15,9.2,-1,-1,-1,-1,-1,-1,-1,-1,-1,-1,15,PM25
32t,2026-07-02,10:00,17,10.0,-1,-1,-1,-1,-999,-1,-1,-1,-1,-1,17,PM25
33t,2026-07-02,10:00,23,13.6,-1,-1,-1,-1,-999,-1,-1,-1,-999,-1,23,PM25
34t,2026-07-02,10:00,44,22.6,-1,-1,-1,-1,-1,-1,-1,-1,-999,-1,44,PM25
35t,2026-07-02,10:00,25,15.0,-1,-1,-1,-1,-1,-1,-1,-1,-1,-1,25,PM25
36t,2026-07-02,10:00,14,8.6,-1,-1,-999,-1,-1,-1,-1,-1,-1,-1,14,PM25
37t,2026-07-02,10:00,17,10.2,-1,-1,-1,-1,-1,-1,-1,-1,-1,-1,17,PM25
38t,2026-07-02,10:00,16,9.8,-1,-1,8,11,2,0.30,1,2,0,1,16,PM25
39t,2026-07-02,10:00,16,9.6,-1,-1,-1,-1,-999,-1,-1,-1,-1,-1,16,PM25
40t,2026-07-02,10:00,17,9.9,-1,-1,-1,-1,-999,-1,-1,-1,-1,-1,17,PM25
41t,2026-07-02,10:00,15,9.0,-1,-1,-1,-1,-1,-1,-1,-1,-1,-1,15,PM25
46t,2026-07-02,10:00,27,15.7,-1,-1,-1,-1,-1,-1,-1,-1,-1,-1,27,PM25
47t,2026-07-02,10:00,22,13.1,-1,-1,-1,-1,-1,-1,-1,-1,-1,-1,22,PM25
50t,2026-07-02,10:00,25,14.8,-1,-1,-999,-1,-1,-1,-1,-1,-999,-1,25,PM25
52t,2026-07-02,10:00,25,14.7,-1,-1,-1,-1,-1,-1,-1,-1,-1,-1,25,PM25
53t,2026-07-02,10:00,24,14.3,-1,-1,-999,-1,-1,-1,-1,-1,-999,-1,24,PM25
57t,2026-07-02,10:00,10,5.8,12,23,-1,-1,-1,-1,-1,-1,-999,-1,12,PM10
58t,2026-07-02,10:00,13,7.5,7,14,-1,-1,-1,-1,-1,-1,-999,-1,13,PM25
59t,2026-07-02,10:00,18,10.8,12,23,19,27,4,0.70,8,20,-999,-1,19,O3
60t,2026-07-02,10:00,22,13.3,-1,-1,-1,-1,-999,-1,-1,-1,-1,-1,22,PM25
61t,2026-07-02,10:00,21,12.3,-1,-1,-1,-1,-999,-1,-1,-1,-1,-1,21,PM25
67t,2026-07-02,10:00,35,19.0,-1,-1,-1,-1,-1,-1,-1,-1,-1,-1,35,PM25
68t,2026-07-02,10:00,22,12.9,-1,-1,-1,-1,-1,-1,-1,-1,-1,-1,22,PM25
69t,2026-07-02,10:00,16,9.7,-1,-1,-1,-1,-1,-1,-1,-1,-1,-1,16,PM25
70t,2026-07-02,10:00,17,9.9,-1,-1,-1,-1,-1,-1,-1,-1,-999,-1,17,PM25
71t,2026-07-02,10:00,14,8.4,7,13,9,12,0,0.00,1,3,2,9,14,PM25
73t,2026-07-02,10:00,20,11.9,-1,-1,-1,-1,-1,-1,-1,-1,0,0,20,PM25
74t,2026-07-02,10:00,14,8.1,-1,-1,-1,-1,-1,-1,-1,-1,-1,-1,14,PM25
75t,2026-07-02,10:00,12,6.9,-1,-1,-1,-1,-1,-1,0,1,2,7,12,PM25
76t,2026-07-02,10:00,16,9.6,-1,-1,-1,-1,-1,-1,-1,-1,-999,-1,16,PM25
77t,2026-07-02,10:00,20,12.2,13,25,-1,-1,-999,-1,-1,-1,-1,-1,20,PM25
78t,2026-07-02,10:00,9,5.2,-1,-1,-999,-1,-999,-1,-999,-1,-999,-1,9,PM25
81t,2026-07-02,10:00,14,8.2,-1,-1,-1,-1,-1,-1,-1,-1,-1,-1,14,PM25
82t,2026-07-02,10:00,22,12.9,19,37,-1,-1,1,0.20,1,2,-1,-1,22,PM25
83t,2026-07-02,10:00,11,6.7,8,15,-1,-1,-1,-1,-1,-1,-1,-1,11,PM25
84t,2026-07-02,10:00,17,10.1,11,22,5,7,-1,-1,-1,-1,-1,-1,17,PM25
85t,2026-07-02,10:00,12,7.2,-1,-1,-1,-1,-1,-1,-1,-1,-1,-1,12,PM25
86t,2026-07-02,10:00,11,6.8,8,16,-1,-1,5,0.80,5,13,-1,-1,11,PM25
87t,2026-07-02,10:00,16,9.6,-1,-1,-1,-1,-1,-1,0,0,-1,-1,16,PM25
88t,2026-07-02,10:00,14,8.2,11,22,-1,-1,-1,-1,-1,-1,-1,-1,14,PM25
90t,2026-07-02,10:00,14,8.5,7,13,-1,-1,-1,-1,-1,-1,-1,-1,14,PM25
91t,2026-07-02,10:00,15,8.7,-1,-1,-1,-1,-1,-1,-1,-1,-1,-1,15,PM25
92t,2026-07-02,10:00,15,9.2,10,20,-1,-1,-1,-1,-1,-1,-1,-1,15,PM25
93t,2026-07-02,10:00,9,5.3,6,12,-1,-1,1,0.10,4,9,0,0,9,PM25
94t,2026-07-02,10:00,14,8.1,8,16,-1,-1,-1,-1,-1,-1,-1,-1,14,PM25
95t,2026-07-02,10:00,13,7.5,8,16,-1,-1,-1,-1,-1,-1,-1,-1,13,PM25
96t,2026-07-02,10:00,9,5.4,8,15,-1,-1,0,0.00,0,1,0,1,9,PM25
97t,2026-07-02,10:00,18,10.8,-1,-1,11,15,0,0.00,1,3,1,5,18,PM25
98t,2026-07-02,10:00,18,10.6,11,21,10,14,2,0.30,-1,-1,0,1,18,PM25
99t,2026-07-02,10:00,16,9.3,-1,-1,10,14,1,0.20,1,2,1,5,16,PM25
bkp100t,2026-07-02,10:00,10,6.1,-999,-1,-999,-1,-999,-1,-999,-1,-999,-1,10,PM25
bkp101t,2026-07-02,10:00,22,13.2,10,19,-999,-1,-999,-1,-999,-1,-999,-1,22,PM25
bkp102t,2026-07-02,10:00,17,10.1,15,30,-999,-1,-999,-1,-999,-1,-999,-1,17,PM25
bkp103t,2026-07-02,10:00,25,15.0,-999,-1,-999,-1,-999,-1,-999,-1,-999,-1,25,PM25
bkp104t,2026-07-02,10:00,18,10.9,13,25,-999,-1,-999,-1,-999,-1,-999,-1,18,PM25
bkp105t,2026-07-02,10:00,34,18.5,-999,-1,-999,-1,-999,-1,-999,-1,-999,-1,34,PM25
bkp114t,2026-07-02,10:00,14,8.3,-999,-1,-999,-1,-999,-1,-999,-1,-999,-1,14,PM25
bkp115t,2026-07-02,10:00,15,8.9,-999,-1,-999,-1,-999,-1,-999,-1,-999,-1,15,PM25
bkp116t,2026-07-02,10:00,16,9.5,-999,-1,-999,-1,-999,-1,-999,-1,-999,-1,16,PM25
bkp117t,2026-07-02,10:00,12,7.1,-999,-1,-999,-1,-999,-1,-999,-1,-999,-1,12,PM25
bkp118t,2026-07-02,10:00,20,12.0,-999,-1,-999,-1,-999,-1,-999,-1,-999,-1,20,PM25
bkp119t,2026-07-02,10:00,16,9.5,-999,-1,-999,-1,-999,-1,-999,-1,-999,-1,16,PM25
bkp120t,2026-07-02,10:00,16,9.8,-999,-1,-999,-1,-999,-1,-999,-1,-999,-1,16,PM25
bkp121t,2026-07-02,10:00,18,10.5,-999,-1,-999,-1,-999,-1,-999,-1,-999,-1,18,PM25
bkp122t,2026-07-02,10:00,14,8.5,-999,-1,-999,-1,-999,-1,-999,-1,-999,-1,14,PM25
bkp124t,2026-07-02,10:00,22,13.3,-999,-1,-999,-1,-999,-1,-999,-1,-999,-1,22,PM25
bkp125t,2026-07-02,10:00,23,13.9,-999,-1,-999,-1,-999,-1,-999,-1,-999,-1,23,PM25
bkp126t,2026-07-02,10:00,19,11.6,-999,-1,-999,-1,-999,-1,-999,-1,-999,-1,19,PM25
bkp127t,2026-07-02,10:00,20,11.7,-999,-1,-999,-1,-999,-1,-999,-1,-999,-1,20,PM25
bkp128t,2026-07-02,10:00,14,8.1,-999,-1,-999,-1,-999,-1,-999,-1,-999,-1,14,PM25
bkp129t,2026-07-02,10:00,14,8.2,-999,-1,-999,-1,-999,-1,-999,-1,-999,-1,14,PM25
bkp130t,2026-07-02,10:00,14,8.1,-999,-1,-999,-1,-999,-1,-999,-1,-999,-1,14,PM25
bkp131t,2026-07-02,10:00,16,9.8,-999,-1,-999,-1,-999,-1,-999,-1,-999,-1,16,PM25
bkp133t,2026-07-02,10:00,19,11.3,-999,-1,-999,-1,-999,-1,-999,-1,-999,-1,19,PM25
bkp56t,2026-07-02,10:00,19,11.1,21,42,-999,-1,-999,-1,-999,-1,-999,-1,21,PM10
bkp57t,2026-07-02,10:00,21,12.8,18,36,-999,-1,-999,-1,-999,-1,-999,-1,21,PM25
bkp58t,2026-07-02,10:00,29,16.4,23,45,-999,-1,-999,-1,-999,-1,-999,-1,29,PM25
bkp59t,2026-07-02,10:00,16,9.4,18,36,-999,-1,-999,-1,-999,-1,-999,-1,18,PM10
bkp60t,2026-07-02,10:00,21,12.3,18,36,-999,-1,-999,-1,-999,-1,-999,-1,21,PM25
bkp61t,2026-07-02,10:00,22,12.9,16,32,-999,-1,-999,-1,-999,-1,-999,-1,22,PM25
bkp62t,2026-07-02,10:00,30,16.6,-999,-1,-999,-1,-999,-1,-999,-1,-999,-1,30,PM25
bkp63t,2026-07-02,10:00,19,11.4,-999,-1,-999,-1,-999,-1,-999,-1,-999,-1,19,PM25
bkp64t,2026-07-02,10:00,27,15.4,-999,-1,-999,-1,-999,-1,-999,-1,-999,-1,27,PM25
bkp65t,2026-07-02,10:00,28,16.1,-999,-1,-999,-1,-999,-1,-999,-1,-999,-1,28,PM25
bkp66t,2026-07-02,10:00,24,14.5,-999,-1,-999,-1,-999,-1,-999,-1,-999,-1,24,PM25
bkp67t,2026-07-02,10:00,25,14.7,-999,-1,-999,-1,-999,-1,-999,-1,-999,-1,25,PM25
bkp69t,2026-07-02,10:00,16,9.6,-999,-1,-999,-1,-999,-1,-999,-1,-999,-1,16,PM25
bkp70t,2026-07-02,10:00,14,8.3,13,26,-999,-1,-999,-1,-999,-1,-999,-1,14,PM25
bkp71t,2026-07-02,10:00,15,8.7,17,33,-999,-1,-999,-1,-999,-1,-999,-1,17,PM10
bkp72t,2026-07-02,10:00,40,20.8,33,60,-999,-1,-999,-1,-999,-1,-999,-1,40,PM25
bkp73t,2026-07-02,10:00,22,13.3,-999,-1,-999,-1,-999,-1,-999,-1,-999,-1,22,PM25
bkp74t,2026-07-02,10:00,15,9.2,12,23,-999,-1,-999,-1,-999,-1,-999,-1,15,PM25
bkp75t,2026-07-02,10:00,26,15.1,17,33,-999,-1,-999,-1,-999,-1,-999,-1,26,PM25
bkp76t,2026-07-02,10:00,15,9.2,-999,-1,-999,-1,-999,-1,-999,-1,-999,-1,15,PM25
bkp77t,2026-07-02,10:00,15,9.2,13,26,-999,-1,-999,-1,-999,-1,-999,-1,15,PM25
bkp78t,2026-07-02,10:00,29,16.5,-999,-1,-999,-1,-999,-1,-999,-1,-999,-1,29,PM25
bkp79t,2026-07-02,10:00,22,13.3,13,25,-999,-1,-999,-1,-999,-1,-999,-1,22,PM25
bkp80t,2026-07-02,10:00,27,15.6,23,46,-999,-1,-999,-1,-999,-1,-999,-1,27,PM25
bkp81t,2026-07-02,10:00,30,16.9,30,56,-999,-1,-999,-1,-999,-1,-999,-1,30,PM25
bkp82t,2026-07-02,10:00,18,10.5,-999,-1,-999,-1,-999,-1,-999,-1,-999,-1,18,PM25
bkp83t,2026-07-02,10:00,15,8.9,-999,-1,-999,-1,-999,-1,-999,-1,-999,-1,15,PM25
bkp84t,2026-07-02,10:00,29,16.5,-999,-1,-999,-1,-999,-1,-999,-1,-999,-1,29,PM25
bkp85t,2026-07-02,10:00,27,15.5,-999,-1,-999,-1,-999,-1,-999,-1,-999,-1,27,PM25
bkp86t,2026-07-02,10:00,22,13.2,12,23,-999,-1,-999,-1,-999,-1,-999,-1,22,PM25
bkp87t,2026-07-02,10:00,19,11.6,12,23,-999,-1,-999,-1,-999,-1,-999,-1,19,PM25
bkp88t,2026-07-02,10:00,18,10.9,-999,-1,-999,-1,-999,-1,-999,-1,-999,-1,18,PM25
bkp89t,2026-07-02,10:00,27,15.4,23,45,-999,-1,-999,-1,-999,-1,-999,-1,27,PM25
bkp90t,2026-07-02,10:00,23,13.8,20,39,-999,-1,-999,-1,-999,-1,-999,-1,23,PM25
bkp91t,2026-07-02,10:00,17,10.3,19,37,-999,-1,-999,-1,-999,-1,-999,-1,19,PM10
bkp92t,2026-07-02,10:00,23,13.8,-999,-1,-999,-1,-999,-1,-999,-1,-999,-1,23,PM25
bkp93t,2026-07-02,10:00,15,9.1,14,28,-999,-1,-999,-1,-999,-1,-999,-1,15,PM25
bkp94t,2026-07-02,10:00,22,13.4,-999,-1,-999,-1,-999,-1,-999,-1,-999,-1,22,PM25
bkp95t,2026-07-02,10:00,22,13.4,-999,-1,-999,-1,-999,-1,-999,-1,-999,-1,22,PM25
bkp96t,2026-07-02,10:00,20,11.9,10,20,-999,-1,-999,-1,-999,-1,-999,-1,20,PM25
bkp97t,2026-07-02,10:00,23,13.9,-999,-1,-999,-1,-999,-1,-999,-1,-999,-1,23,PM25
bkp98t,2026-07-02,10:00,22,13.4,-999,-1,-999,-1,-999,-1,-999,-1,-999,-1,22,PM25
bkp99t,2026-07-02,10:00,15,9.0,8,16,-999,-1,-999,-1,-999,-1,-999,-1,15,PM25
o10,2026-07-02,10:00,21,12.5,-999,-1,-999,-1,-999,-1,-999,-1,-999,-1,21,PM25
o28,2026-07-02,10:00,13,7.6,-999,-1,-999,-1,-999,-1,-999,-1,-999,-1,13,PM25
o38,2026-07-02,10:00,13,7.5,-1,-1,-999,-1,-999,-1,-999,-1,-999,-1,13,PM25
o72,2026-07-02,10:00,15,8.8,-999,-1,-999,-1,-999,-1,-999,-1,-999,-1,15,PM25
