station_id,date,time,pm25_aqi,pm25_value,pm10_aqi,pm10_value,o3_aqi,o3_value,co_aqi,co_value,no2_aqi,no2_value,so2_aqi,so2_value,aqi,aqi_param
92t,2026-08-12,14:00,15,9.1,-1,-1,-1,-1,-1,-1,-1,-1,-1,-1,15,PM25
03t,2026-08-12,15:00,27,15.7,-1,-1,-1,-1,-1,-1,-1,-1,-999,-1,27,PM25
05t,2026-08-12,15:00,21,12.6,-1,-1,-1,-1,-1,-1,-1,-1,-1,-1,21,PM25
12t,2026-08-12,15:00,21,12.4,-1,-1,-1,-1,-1,-1,-1,-1,-1,-1,21,PM25
42t,2026-08-12,17:00,16,9.6,-1,-1,-1,-1,-1,-1,-1,-1,-1,-1,16,PM25
43t,2026-08-12,17:00,17,10.2,-1,-1,-1,-1,-1,-1,2,5,1,2,17,PM25
44t,2026-08-12,17:00,18,10.5,-1,-1,-1,-1,-1,-1,-1,-1,-1,-1,18,PM25
62t,2026-08-12,17:00,15,9.2,-1,-1,-1,-1,-1,-1,-1,-1,-999,-1,15,PM25
63t,2026-08-12,17:00,15,9.1,-1,-1,-1,-1,-1,-1,-1,-1,-999,-1,15,PM25
80t,2026-08-12,17:00,16,9.5,-1,-1,-1,-1,-1,-1,-1,-1,-1,-1,16,PM25
89t,2026-08-12,17:00,16,9.5,10,20,-1,-1,-1,-1,4,10,-1,-1,16,PM25
37t,2026-08-12,21:00,14,8.3,-1,-1,-1,-1,-1,-1,-1,-1,-1,-1,14,PM25
38t,2026-08-12,21:00,13,7.9,-1,-1,19,27,2,0.30,0,1,0,1,19,O3
39t,2026-08-12,21:00,13,7.7,-1,-1,-1,-1,-999,-1,-1,-1,-1,-1,13,PM25
41t,2026-08-12,21:00,14,8.6,-1,-1,-1,-1,-1,-1,-1,-1,-1,-1,14,PM25
54t,2026-08-12,21:00,28,16.0,-1,-1,-1,-1,-1,-1,-1,-1,-1,-1,28,PM25
76t,2026-08-12,21:00,15,8.8,-1,-1,-1,-1,-1,-1,-1,-1,-999,-1,15,PM25
bkp66t,2026-08-12,22:00,33,18.0,-999,-1,-999,-1,-999,-1,-999,-1,-999,-1,33,PM25
19t,2026-08-12,23:00,18,10.9,-1,-1,-1,-1,-1,-1,-1,-1,-1,-1,18,PM25
95t,2026-08-12,23:00,28,16.0,14,28,-1,-1,-1,-1,-1,-1,-1,-1,28,PM25
bkp114t,2026-08-12,23:00,13,7.8,-999,-1,-999,-1,-999,-1,-999,-1,-999,-1,13,PM25
02t,2026-08-13,00:00,20,12.0,-1,-1,-1,-1,-1,-1,-1,-1,-1,-1,20,PM25
08t,2026-08-13,00:00,31,17.2,-1,-1,-1,-1,-1,-1,-1,-1,-1,-1,31,PM25
100t,2026-08-13,00:00,15,9.1,22,43,8,11,1,0.20,3,7,0,0,22,PM10
101t,2026-08-13,00:00,19,11.2,12,24,-1,-1,18,3.20,1,3,0,1,19,PM25
102t,2026-08-13,00:00,31,17.1,15,30,-1,-1,-1,-1,-1,-1,0,1,31,PM25
103t,2026-08-13,00:00,17,9.9,16,32,-1,-1,1,0.20,5,12,0,0,17,PM25
104t,2026-08-13,00:00,23,13.8,-1,-1,18,25,1,0.20,1,2,1,2,23,PM25
105t,2026-08-13,00:00,13,7.7,-999,-1,11,15,0,0.00,5,12,0,1,13,PM25
106t,2026-08-13,00:00,36,19.4,-999,-1,6,8,1,0.20,0,1,0,0,36,PM25
107t,2026-08-13,00:00,20,12.1,-1,-1,18,25,1,0.20,1,2,-1,-1,20,PM25
108t,2026-08-13,00:00,22,12.9,-1,-1,22,31,10,1.80,0,1,1,2,22,PM25
109t,2026-08-13,00:00,22,13.0,-1,-1,18,25,1,0.20,1,2,1,3,22,PM25
110t,2026-08-13,00:00,22,13.1,-999,-1,25,35,-1,-1,1,2,0,0,25,O3
111t,2026-08-13,00:00,16,9.7,-999,-1,22,31,1,0.10,0,0,0,0,22,O3
112t,2026-08-13,00:00,15,9.2,-999,-1,14,19,0,0.00,0,0,0,0,15,PM25
113t,2026-08-13,00:00,13,7.9,10,20,33,40,0,0.00,0,0,0,0,33,O3
114t,2026-08-13,00:00,18,10.6,14,28,19,27,2,0.30,2,4,0,1,19,O3
115t,2026-08-13,00:00,14,8.3,11,22,9,13,2,0.30,0,1,0,1,14,PM25
116t,2026-08-13,00:00,15,8.8,11,22,14,20,1,0.10,2,4,0,0,15,PM25
117t,2026-08-13,00:00,24,14.2,-999,-1,9,13,1,0.20,1,2,0,1,24,PM25
118t,2026-08-13,00:00,15,9.0,-1,-1,6,9,1,0.20,1,2,0,0,15,PM25
119t,2026-08-13,00:00,13,7.8,-1,-1,8,11,7,1.30,3,6,1,2,13,PM25
120t,2026-08-13,00:00,16,9.5,-1,-1,12,17,3,0.50,0,1,0,0,16,PM25
121t,2026-08-13,00:00,16,9.6,-1,-1,11,15,1,0.10,1,2,0,1,16,PM25
13t,2026-08-13,00:00,17,10.1,-1,-1,6,9,2,0.40,-1,-1,-1,-1,17,PM25
14t,2026-08-13,00:00,30,16.7,-1,-1,4,6,2,0.40,5,12,1,2,30,PM25
16t,2026-08-13,00:00,18,10.8,10,19,-1,-1,-1,-1,-1,-1,-1,-1,18,PM25
17t,2026-08-13,00:00,19,11.5,-1,-1,-1,-1,-1,-1,-1,-1,-1,-1,19,PM25
18t,2026-08-13,00:00,39,20.6,-1,-1,-1,-1,-1,-1,-1,-1,-1,-1,39,PM25
19t,2026-08-13,00:00,19,11.3,-1,-1,-1,-1,-1,-1,-1,-1,-1,-1,19,PM25
20t,2026-08-13,00:00,37,19.7,15,30,-1,-1,-1,-1,-1,-1,-1,-1,37,PM25
21t,2026-08-13,00:00,18,10.9,-1,-1,-1,-1,-1,-1,-1,-1,-1,-1,18,PM25
22t,2026-08-13,00:00,19,11.3,13,25,-1,-1,-1,-1,-1,-1,-1,-1,19,PM25
24t,2026-08-13,00:00,33,18.0,26,51,-1,-1,-1,-1,-1,-1,-1,-1,33,PM25
25t,2026-08-13,00:00,25,14.7,17,34,-1,-1,-999,-1,-1,-1,-999,-1,25,PM25
26t,2026-08-13,00:00,27,15.7,-1,-1,-1,-1,-1,-1,-1,-1,-1,-1,27,PM25
27t,2026-08-13,00:00,21,12.7,-1,-1,-1,-1,-999,-1,-1,-1,-1,-1,21,PM25
28t,2026-08-13,00:00,28,16.0,-1,-1,-1,-1,-1,-1,-1,-1,-1,-1,28,PM25
29t,2026-08-13,00:00,22,13.0,24,48,-1,-1,-1,-1,-1,-1,-1,-1,24,PM10
30t,2026-08-13,00:00,30,16.6,25,49,11,16,1,0.10,1,2,0,1,30,PM25
31t,2026-08-13,00:00,18,10.6,-1,-1,-1,-1,-1,-1,-1,-1,-1,-1,18,PM25
33t,2026-08-13,00:00,20,12.2,-1,-1,-1,-1,-999,-1,-1,-1,-999,-1,20,PM25
34t,2026-08-13,00:00,34,18.5,-1,-1,-1,-1,-1,-1,-1,-1,-999,-1,34,PM25
35t,2026-08-13,00:00,32,17.4,-1,-1,-1,-1,-1,-1,-1,-1,-1,-1,32,PM25
36t,2026-08-13,00:00,13,7.9,-1,-1,-999,-1,-1,-1,-1,-1,-1,-1,13,PM25
40t,2026-08-13,00:00,14,8.4,-1,-1,-1,-1,-999,-1,-1,-1,-1,-1,14,PM25
46t,2026-08-13,00:00,44,22.7,-1,-1,-1,-1,-1,-1,-1,-1,-1,-1,44,PM25
47t,2026-08-13,00:00,31,17.3,-1,-1,-1,-1,-1,-1,-1,-1,-1,-1,31,PM25
50t,2026-08-13,00:00,27,15.5,-1,-1,-999,-1,-1,-1,-1,-1,-999,-1,27,PM25
52t,2026-08-13,00:00,25,14.8,-1,-1,-1,-1,-1,-1,-1,-1,-1,-1,25,PM25
53t,2026-08-13,00:00,25,14.8,-1,-1,-999,-1,-1,-1,-1,-1,-999,-1,25,PM25
57t,2026-08-13,00:00,13,7.5,14,28,-1,-1,-1,-1,-1,-1,-999,-1,14,PM10
58t,2026-08-13,00:00,14,8.6,9,18,-1,-1,-1,-1,-1,-1,-999,-1,14,PM25
59t,2026-08-13,00:00,17,10.3,12,23,6,9,3,0.60,5,12,-999,-1,17,PM25
60t,2026-08-13,00:00,30,16.7,-1,-1,-1,-1,-999,-1,-1,-1,-1,-1,30,PM25
61t,2026-08-13,00:00,20,11.8,-1,-1,-1,-1,-999,-1,-1,-1,-1,-1,20,PM25
67t,2026-08-13,00:00,35,18.9,-1,-1,-1,-1,-1,-1,-1,-1,-1,-1,35,PM25
68t,2026-08-13,00:00,15,9.2,10,20,-1,-1,-1,-1,-1,-1,-1,-1,15,PM25
69t,2026-08-13,00:00,14,8.2,-1,-1,-1,-1,-1,-1,-1,-1,-1,-1,14,PM25
70t,2026-08-13,00:00,14,8.3,-1,-1,-1,-1,-1,-1,-1,-1,-999,-1,14,PM25
71t,2026-08-13,00:00,12,7.3,8,16,9,12,0,0.00,3,6,3,10,12,PM25
72t,2026-08-13,00:00,16,9.4,11,21,-1,-1,-1,-1,0,0,-1,-1,16,PM25
73t,2026-08-13,00:00,20,12.0,-1,-1,-1,-1,-1,-1,-1,-1,-1,-1,20,PM25
74t,2026-08-13,00:00,47,23.6,-1,-1,-1,-1,-1,-1,-1,-1,-1,-1,47,PM25
75t,2026-08-13,00:00,13,7.7,-1,-1,-1,-1,-1,-1,0,1,2,9,13,PM25
77t,2026-08-13,00:00,44,22.7,19,37,-1,-1,-999,-1,-1,-1,-1,-1,44,PM25
78t,2026-08-13,00:00,22,13.0,-1,-1,-999,-1,-999,-1,-999,-1,-999,-1,22,PM25
79t,2026-08-13,00:00,33,17.9,-1,-1,-1,-1,-1,-1,-1,-1,-1,-1,33,PM25
81t,2026-08-13,00:00,20,11.8,-1,-1,-1,-1,-1,-1,-1,-1,-1,-1,20,PM25
82t,2026-08-13,00:00,17,9.9,22,43,-1,-1,1,0.20,1,2,-1,-1,22,PM10
83t,2026-08-13,00:00,18,10.6,12,24,-1,-1,-1,-1,-1,-1,-1,-1,18,PM25
84t,2026-08-13,00:00,23,13.8,15,29,-1,-1,-1,-1,-1,-1,-1,-1,23,PM25
85t,2026-08-13,00:00,14,8.6,-1,-1,-1,-1,-1,-1,-1,-1,-1,-1,14,PM25
86t,2026-08-13,00:00,47,23.9,23,45,-1,-1,6,1.00,7,16,-1,-1,47,PM25
87t,2026-08-13,00:00,21,12.8,-1,-1,-1,-1,-1,-1,0,0,-1,-1,21,PM25
88t,2026-08-13,00:00,15,9.2,10,19,-1,-1,-1,-1,3,8,-1,-1,15,PM25
90t,2026-08-13,00:00,19,11.1,10,20,-1,-1,-1,-1,-1,-1,-1,-1,19,PM25
91t,2026-08-13,00:00,21,12.5,-1,-1,-1,-1,-1,-1,-1,-1,-1,-1,21,PM25
93t,2026-08-13,00:00,13,7.7,10,20,-1,-1,1,0.10,2,5,0,0,13,PM25
94t,2026-08-13,00:00,15,8.7,9,18,-1,-1,-1,-1,-1,-1,-1,-1,15,PM25
96t,2026-08-13,00:00,17,10.4,12,24,-1,-1,0,0.00,0,0,0,1,17,PM25
97t,2026-08-13,00:00,22,13.2,10,20,14,19,0,0.00,0,1,1,3,22,PM25
98t,2026-08-13,00:00,19,11.2,11,22,13,18,2,0.30,-1,-1,0,1,19,PM25
99t,2026-08-13,00:00,21,12.8,12,24,14,20,1,0.20,3,6,-1,-1,21,PM25
bkp100t,2026-08-13,00:00,16,9.3,-999,-1,-999,-1,-999,-1,-999,-1,-999,-1,16,PM25
bkp101t,2026-08-13,00:00,28,15.9,13,26,-999,-1,-999,-1,-999,-1,-999,-1,28,PM25
bkp102t,2026-08-13,00:00,17,10.3,17,34,-999,-1,-999,-1,-999,-1,-999,-1,17,PM25
bkp103t,2026-08-13,00:00,23,13.7,-999,-1,-999,-1,-999,-1,-999,-1,-999,-1,23,PM25
bkp104t,2026-08-13,00:00,22,13.0,14,27,-999,-1,-999,-1,-999,-1,-999,-1,22,PM25
bkp105t,2026-08-13,00:00,29,16.5,-999,-1,-999,-1,-999,-1,-999,-1,-999,-1,29,PM25
bkp115t,2026-08-13,00:00,19,11.3,-999,-1,-999,-1,-999,-1,-999,-1,-999,-1,19,PM25
bkp116t,2026-08-13,00:00,17,10.1,-999,-1,-999,-1,-999,-1,-999,-1,-999,-1,17,PM25
bkp117t,2026-08-13,00:00,14,8.4,-999,-1,-999,-1,-999,-1,-999,-1,-999,-1,14,PM25
bkp118t,2026-08-13,00:00,31,17.1,-999,-1,-999,-1,-999,-1,-999,-1,-999,-1,31,PM25
bkp119t,2026-08-13,00:00,17,10.4,-999,-1,-999,-1,-999,-1,-999,-1,-999,-1,17,PM25
bkp120t,2026-08-13,00:00,22,13.3,-999,-1,-999,-1,-999,-1,-999,-1,-999,-1,22,PM25
bkp121t,2026-08-13,00:00,16,9.5,-999,-1,-999,-1,-999,-1,-999,-1,-999,-1,16,PM25
bkp122t,2026-08-13,00:00,14,8.5,-999,-1,-999,-1,-999,-1,-999,-1,-999,-1,14,PM25
bkp123t,2026-08-13,00:00,19,11.4,-999,-1,-999,-1,-999,-1,-999,-1,-999,-1,19,PM25
bkp124t,2026-08-13,00:00,31,17.1,-999,-1,-999,-1,-999,-1,-999,-1,-999,-1,31,PM25
bkp125t,2026-08-13,00:00,30,16.8,-999,-1,-999,-1,-999,-1,-999,-1,-999,-1,30,PM25
bkp126t,2026-08-13,00:00,22,13.3,-999,-1,-999,-1,-999,-1,-999,-1,-999,-1,22,PM25
bkp127t,2026-08-13,00:00,30,16.9,-999,-1,-999,-1,-999,-1,-999,-1,-999,-1,30,PM25
bkp128t,2026-08-13,00:00,15,9.2,-999,-1,-999,-1,-999,-1,-999,-1,-999,-1,15,PM25
bkp129t,2026-08-13,00:00,25,14.9,-999,-1,-999,-1,-999,-1,-999,-1,-999,-1,25,PM25
bkp130t,2026-08-13,00:00,19,11.2,-999,-1,-999,-1,-999,-1,-999,-1,-999,-1,19,PM25
bkp131t,2026-08-13,00:00,18,10.6,-999,-1,-999,-1,-999,-1,-999,-1,-999,-1,18,PM25
bkp133t,2026-08-13,00:00,19,11.2,-999,-1,-999,-1,-999,-1,-999,-1,-999,-1,19,PM25
bkp56t,2026-08-13,00:00,23,13.9,24,47,-999,-1,-999,-1,-999,-1,-999,-1,24,PM10
bkp57t,2026-08-13,00:00,22,13.3,19,37,-999,-1,-999,-1,-999,-1,-999,-1,22,PM25
bkp58t,2026-08-13,00:00,30,16.6,25,49,-999,-1,-999,-1,-999,-1,-999,-1,30,PM25
bkp59t,2026-08-13,00:00,21,12.8,18,36,-999,-1,-999,-1,-999,-1,-999,-1,21,PM25
bkp60t,2026-08-13,00:00,19,11.2,18,35,-999,-1,-999,-1,-999,-1,-999,-1,19,PM25
bkp61t,2026-08-13,00:00,19,11.1,14,27,-999,-1,-999,-1,-999,-1,-999,-1,19,PM25
bkp62t,2026-08-13,00:00,36,19.4,-999,-1,-999,-1,-999,-1,-999,-1,-999,-1,36,PM25
bkp63t,2026-08-13,00:00,24,14.1,-999,-1,-999,-1,-999,-1,-999,-1,-999,-1,24,PM25
bkp64t,2026-08-13,00:00,38,20.0,-999,-1,-999,-1,-999,-1,-999,-1,-999,-1,38,PM25
bkp65t,2026-08-13,00:00,28,16.1,-999,-1,-999,-1,-999,-1,-999,-1,-999,-1,28,PM25
bkp67t,2026-08-13,00:00,27,15.6,-999,-1,-999,-1,-999,-1,-999,-1,-999,-1,27,PM25
bkp69t,2026-08-13,00:00,17,10.2,-999,-1,-999,-1,-999,-1,-999,-1,-999,-1,17,PM25
bkp70t,2026-08-13,00:00,22,13.2,17,34,-999,-1,-999,-1,-999,-1,-999,-1,22,PM25
bkp71t,2026-08-13,00:00,17,10.1,16,31,-999,-1,-999,-1,-999,-1,-999,-1,17,PM25
bkp72t,2026-08-13,00:00,42,21.5,22,44,-999,-1,-999,-1,-999,-1,-999,-1,42,PM25
bkp73t,2026-08-13,00:00,23,13.7,-999,-1,-999,-1,-999,-1,-999,-1,-999,-1,23,PM25
bkp74t,2026-08-13,00:00,17,10.3,14,27,-999,-1,-999,-1,-999,-1,-999,-1,17,PM25
bkp75t,2026-08-13,00:00,29,16.3,20,39,-999,-1,-999,-1,-999,-1,-999,-1,29,PM25
bkp76t,2026-08-13,00:00,12,7.3,-999,-1,-999,-1,-999,-1,-999,-1,-999,-1,12,PM25
bkp77t,2026-08-13,00:00,19,11.1,14,28,-999,-1,-999,-1,-999,-1,-999,-1,19,PM25
bkp78t,2026-08-13,00:00,37,19.5,-999,-1,-999,-1,-999,-1,-999,-1,-999,-1,37,PM25
bkp79t,2026-08-13,00:00,25,15.0,15,30,-999,-1,-999,-1,-999,-1,-999,-1,25,PM25
bkp80t,2026-08-13,00:00,38,20.1,32,58,-999,-1,-999,-1,-999,-1,-999,-1,38,PM25
bkp81t,2026-08-13,00:00,42,21.9,36,63,-999,-1,-999,-1,-999,-1,-999,-1,42,PM25
bkp82t,2026-08-13,00:00,18,10.6,-999,-1,-999,-1,-999,-1,-999,-1,-999,-1,18,PM25
bkp83t,2026-08-13,00:00,15,8.8,-999,-1,-999,-1,-999,-1,-999,-1,-999,-1,15,PM25
bkp84t,2026-08-13,00:00,28,15.8,17,34,-999,-1,-999,-1,-999,-1,-999,-1,28,PM25
bkp85t,2026-08-13,00:00,36,19.1,-999,-1,-999,-1,-999,-1,-999,-1,-999,-1,36,PM25
bkp86t,2026-08-13,00:00,28,15.9,13,25,-999,-1,-999,-1,-999,-1,-999,-1,28,PM25
bkp87t,2026-08-13,00:00,34,18.2,16,32,-999,-1,-999,-1,-999,-1,-999,-1,34,PM25
bkp88t,2026-08-13,00:00,29,16.4,-999,-1,-999,-1,-999,-1,-999,-1,-999,-1,29,PM25
bkp89t,2026-08-13,00:00,39,20.4,33,60,-999,-1,-999,-1,-999,-1,-999,-1,39,PM25
bkp90t,2026-08-13,00:00,25,14.9,21,41,-999,-1,-999,-1,-999,-1,-999,-1,25,PM25
bkp91t,2026-08-13,00:00,15,8.9,18,35,-999,-1,-999,-1,-999,-1,-999,-1,18,PM10
bkp92t,2026-08-13,00:00,25,14.7,-999,-1,-999,-1,-999,-1,-999,-1,-999,-1,25,PM25
bkp93t,2026-08-13,00:00,16,9.3,14,28,-999,-1,-999,-1,-999,-1,-999,-1,16,PM25
bkp94t,2026-08-13,00:00,24,14.1,-999,-1,-999,-1,-999,-1,-999,-1,-999,-1,24,PM25
bkp95t,2026-08-13,00:00,29,16.2,-999,-1,-999,-1,-999,-1,-999,-1,-999,-1,29,PM25
bkp96t,2026-08-13,00:00,22,13.2,13,26,-999,-1,-999,-1,-999,-1,-999,-1,22,PM25
bkp97t,2026-08-13,00:00,30,16.9,-999,-1,-999,-1,-999,-1,-999,-1,-999,-1,30,PM25
bkp98t,2026-08-13,00:00,42,21.5,-999,-1,-999,-1,-999,-1,-999,-1,-999,-1,42,PM25
bkp99t,2026-08-13,00:00,21,12.6,10,20,-999,-1,-999,-1,-999,-1,-999,-1,21,PM25
o10,2026-08-13,00:00,20,11.8,-999,-1,-999,-1,-999,-1,-999,-1,-999,-1,20,PM25
o61,2026-08-13,00:00,17,10.3,-999,-1,-999,-1,-999,-1,-999,-1,-999,-1,17,PM25
o63,2026-08-13,00:00,18,10.6,-999,-1,-999,-1,-999,-1,-999,-1,-999,-1,18,PM25
02t,2026-08-13,01:00,20,12.1,-1,-1,-1,-1,-1,-1,-1,-1,-1,-1,20,PM25
116t,2026-08-13,01:00,15,8.7,11,22,12,17,1,0.10,2,4,0,0,15,PM25
119t,2026-08-13,01:00,12,7.4,-1,-1,6,9,7,1.30,2,5,1,2,12,PM25
20t,2026-08-13,01:00,37,19.6,15,30,-1,-1,-1,-1,-1,-1,-1,-1,37,PM25
21t,2026-08-13,01:00,18,10.5,-1,-1,-1,-1,-1,-1,-1,-1,-1,-1,18,PM25
26t,2026-08-13,01:00,27,15.6,-1,-1,-1,-1,-1,-1,-1,-1,-1,-1,27,PM25
28t,2026-08-13,01:00,28,16.1,-1,-1,-1,-1,-1,-1,-1,-1,-1,-1,28,PM25
36t,2026-08-13,01:00,14,8.2,-1,-1,-999,-1,-1,-1,-1,-1,-1,-1,14,PM25
58t,2026-08-13,01:00,15,8.8,9,18,-1,-1,-1,-1,-1,-1,-999,-1,15,PM25
60t,2026-08-13,01:00,30,16.6,-1,-1,-1,-1,-999,-1,-1,-1,-1,-1,30,PM25
74t,2026-08-13,01:00,45,23.0,-1,-1,-1,-1,-1,-1,-1,-1,-1,-1,45,PM25
79t,2026-08-13,01:00,33,17.8,-1,-1,-1,-1,-1,-1,-1,-1,-1,-1,33,PM25
bkp103t,2026-08-13,01:00,23,13.7,-999,-1,-999,-1,-999,-1,-999,-1,-999,-1,23,PM25
bkp105t,2026-08-13,01:00,29,16.2,-999,-1,-999,-1,-999,-1,-999,-1,-999,-1,29,PM25
bkp114t,2026-08-13,01:00,13,7.9,-999,-1,-999,-1,-999,-1,-999,-1,-999,-1,13,PM25
bkp115t,2026-08-13,01:00,18,11.0,-999,-1,-999,-1,-999,-1,-999,-1,-999,-1,18,PM25
bkp116t,2026-08-13,01:00,16,9.8,-999,-1,-999,-1,-999,-1,-999,-1,-999,-1,16,PM25
bkp117t,2026-08-13,01:00,14,8.5,-999,-1,-999,-1,-999,-1,-999,-1,-999,-1,14,PM25
bkp118t,2026-08-13,01:00,31,17.2,-999,-1,-999,-1,-999,-1,-999,-1,-999,-1,31,PM25
bkp119t,2026-08-13,01:00,18,10.6,-999,-1,-999,-1,-999,-1,-999,-1,-999,-1,18,PM25
bkp120t,2026-08-13,01:00,22,13.4,-999,-1,-999,-1,-999,-1,-999,-1,-999,-1,22,PM25
bkp121t,2026-08-13,01:00,16,9.5,-999,-1,-999,-1,-999,-1,-999,-1,-999,-1,16,PM25
bkp122t,2026-08-13,01:00,15,8.7,-999,-1,-999,-1,-999,-1,-999,-1,-999,-1,15,PM25
bkp123t,2026-08-13,01:00,19,11.6,-999,-1,-999,-1,-999,-1,-999,-1,-999,-1,19,PM25
bkp124t,2026-08-13,01:00,31,17.3,-999,-1,-999,-1,-999,-1,-999,-1,-999,-1,31,PM25
bkp125t,2026-08-13,01:00,31,17.0,-999,-1,-999,-1,-999,-1,-999,-1,-999,-1,31,PM25
bkp126t,2026-08-13,01:00,22,13.2,-999,-1,-999,-1,-999,-1,-999,-1,-999,-1,22,PM25
bkp127t,2026-08-13,01:00,31,17.2,-999,-1,-999,-1,-999,-1,-999,-1,-999,-1,31,PM25
bkp128t,2026-08-13,01:00,16,9.4,-999,-1,-999,-1,-999,-1,-999,-1,-999,-1,16,PM25
bkp129t,2026-08-13,01:00,25,15.0,-999,-1,-999,-1,-999,-1,-999,-1,-999,-1,25,PM25
bkp130t,2026-08-13,01:00,19,11.1,-999,-1,-999,-1,-999,-1,-999,-1,-999,-1,19,PM25
bkp131t,2026-08-13,01:00,18,10.7,-999,-1,-999,-1,-999,-1,-999,-1,-999,-1,18,PM25
bkp133t,2026-08-13,01:00,19,11.3,-999,-1,-999,-1,-999,-1,-999,-1,-999,-1,19,PM25
bkp73t,2026-08-13,01:00,23,13.6,-999,-1,-999,-1,-999,-1,-999,-1,-999,-1,23,PM25
bkp76t,2026-08-13,01:00,12,7.4,-999,-1,-999,-1,-999,-1,-999,-1,-999,-1,12,PM25
bkp94t,2026-08-13,01:00,24,14.3,-999,-1,-999,-1,-999,-1,-999,-1,-999,-1,24,PM25
bkp96t,2026-08-13,01:00,22,12.9,14,27,-999,-1,-999,-1,-999,-1,-999,-1,22,PM25
bkp97t,2026-08-13,01:00,30,16.9,-999,-1,-999,-1,-999,-1,-999,-1,-999,-1,30,PM25
o61,2026-08-13,01:00,17,10.4,-999,-1,-999,-1,-999,-1,-999,-1,-999,-1,17,PM25
o63,2026-08-13,01:00,18,10.9,-999,-1,-999,-1,-999,-1,-999,-1,-999,-1,18,PM25
08t,2026-08-13,02:00,31,17.3,-1,-1,-1,-1,-1,-1,-1,-1,-1,-1,31,PM25
100t,2026-08-13,02:00,16,9.7,23,45,7,10,1,0.20,3,6,-1,-1,23,PM10
101t,2026-08-13,02:00,19,11.2,12,24,-1,-1,20,3.50,1,2,1,2,20,CO
102t,2026-08-13,02:00,32,17.4,15,30,-1,-1,-1,-1,-1,-1,0,1,32,PM25
103t,2026-08-13,02:00,16,9.7,16,32,-1,-1,1,0.20,3,6,0,0,16,PM10
104t,2026-08-13,02:00,23,13.6,-1,-1,12,17,1,0.10,1,2,0,1,23,PM25
105t,2026-08-13,02:00,13,7.9,-999,-1,6,9,0,0.00,3,8,0,0,13,PM25
106t,2026-08-13,02:00,36,19.2,-999,-1,4,6,1,0.20,1,2,0,0,36,PM25
107t,2026-08-13,02:00,21,12.3,-1,-1,16,23,1,0.20,-1,-1,-1,-1,21,PM25
108t,2026-08-13,02:00,20,12.2,-1,-1,21,30,10,1.80,0,1,1,2,21,O3
109t,2026-08-13,02:00,22,13.0,-1,-1,16,23,1,0.20,1,2,1,3,22,PM25
110t,2026-08-13,02:00,22,13.4,-999,-1,22,31,-1,-1,0,1,-1,-1,22,PM25
111t,2026-08-13,02:00,16,9.7,-999,-1,19,27,1,0.10,0,0,0,0,19,O3
112t,2026-08-13,02:00,15,9.2,-999,-1,14,20,0,0.00,0,0,0,0,15,PM25
113t,2026-08-13,02:00,13,7.9,10,20,31,39,0,0.00,0,0,0,0,31,O3
114t,2026-08-13,02:00,18,10.8,14,27,19,26,2,0.40,1,3,0,1,19,O3
115t,2026-08-13,02:00,14,8.2,11,22,8,11,2,0.30,0,1,0,1,14,PM25
117t,2026-08-13,02:00,24,14.4,-999,-1,7,10,1,0.20,1,2,0,1,24,PM25
118t,2026-08-13,02:00,15,8.9,-1,-1,5,7,1,0.20,2,4,0,0,15,PM25
120t,2026-08-13,02:00,15,9.1,-1,-1,10,14,3,0.50,1,2,0,0,15,PM25
121t,2026-08-13,02:00,15,9.1,-1,-1,9,13,1,0.20,1,3,0,1,15,PM25
13t,2026-08-13,02:00,16,9.6,-1,-1,3,4,2,0.40,-1,-1,-1,-1,16,PM25
14t,2026-08-13,02:00,30,16.9,-1,-1,3,4,2,0.40,5,11,1,2,30,PM25
16t,2026-08-13,02:00,19,11.1,10,20,-1,-1,-1,-1,-1,-1,-1,-1,19,PM25
17t,2026-08-13,02:00,19,11.6,-1,-1,-1,-1,-1,-1,-1,-1,-1,-1,19,PM25
18t,2026-08-13,02:00,42,21.5,-1,-1,-1,-1,-1,-1,-1,-1,-1,-1,42,PM25
19t,2026-08-13,02:00,19,11.6,-1,-1,-1,-1,-1,-1,-1,-1,-1,-1,19,PM25
22t,2026-08-13,02:00,18,10.9,12,24,-1,-1,-1,-1,-1,-1,-1,-1,18,PM25
24t,2026-08-13,02:00,30,16.9,25,49,-1,-1,-1,-1,-1,-1,-1,-1,30,PM25
25t,2026-08-13,02:00,24,14.5,17,33,-1,-1,-999,-1,-1,-1,-999,-1,24,PM25
27t,2026-08-13,02:00,23,13.7,-1,-1,-1,-1,-999,-1,-1,-1,-1,-1,23,PM25
29t,2026-08-13,02:00,22,13.4,25,49,-1,-1,-1,-1,-1,-1,-1,-1,25,PM10
30t,2026-08-13,02:00,30,16.9,25,49,10,14,1,0.10,0,1,0,1,30,PM25
31t,2026-08-13,02:00,19,11.1,-1,-1,-1,-1,-1,-1,-1,-1,-1,-1,19,PM25
33t,2026-08-13,02:00,21,12.8,-1,-1,-1,-1,-999,-1,-1,-1,-999,-1,21,PM25
34t,2026-08-13,02:00,34,18.4,-1,-1,-1,-1,-1,-1,-1,-1,-999,-1,34,PM25
35t,2026-08-13,02:00,31,17.3,-1,-1,-1,-1,-1,-1,-1,-1,-1,-1,31,PM25
40t,2026-08-13,02:00,15,8.7,-1,-1,-1,-1,-999,-1,-1,-1,-1,-1,15,PM25
46t,2026-08-13,02:00,44,22.5,-1,-1,-1,-1,-1,-1,-1,-1,-1,-1,44,PM25
47t,2026-08-13,02:00,32,17.4,-1,-1,-1,-1,-1,-1,-1,-1,-1,-1,32,PM25
50t,2026-08-13,02:00,27,15.5,-1,-1,-999,-1,-1,-1,-1,-1,-999,-1,27,PM25
52t,2026-08-13,02:00,24,14.4,-1,-1,-1,-1,-1,-1,-1,-1,-1,-1,24,PM25
53t,2026-08-13,02:00,24,14.1,-1,-1,-999,-1,-1,-1,-1,-1,-999,-1,24,PM25
57t,2026-08-13,02:00,13,7.9,14,28,-1,-1,-1,-1,-1,-1,-999,-1,14,PM10
59t,2026-08-13,02:00,16,9.7,11,22,2,3,3,0.60,5,12,-999,-1,16,PM25
61t,2026-08-13,02:00,20,11.7,-1,-1,-1,-1,-999,-1,-1,-1,-1,-1,20,PM25
67t,2026-08-13,02:00,36,19.4,-1,-1,-1,-1,-1,-1,-1,-1,-1,-1,36,PM25
68t,2026-08-13,02:00,17,9.9,10,20,-1,-1,-1,-1,-1,-1,-1,-1,17,PM25
69t,2026-08-13,02:00,14,8.1,-1,-1,-1,-1,-1,-1,-1,-1,-1,-1,14,PM25
70t,2026-08-13,02:00,14,8.4,-1,-1,-1,-1,-1,-1,-1,-1,-999,-1,14,PM25
71t,2026-08-13,02:00,12,7.3,8,16,9,12,0,0.00,2,5,3,10,12,PM25
72t,2026-08-13,02:00,16,9.8,11,22,-1,-1,-1,-1,0,0,-1,-1,16,PM25
73t,2026-08-13,02:00,20,12.2,-1,-1,-1,-1,-1,-1,-1,-1,-1,-1,20,PM25
75t,2026-08-13,02:00,13,7.7,-1,-1,-1,-1,-1,-1,0,1,2,9,13,PM25
77t,2026-08-13,02:00,43,22.3,19,37,-1,-1,-999,-1,-1,-1,-1,-1,43,PM25
78t,2026-08-13,02:00,25,14.8,-1,-1,-999,-1,-999,-1,-999,-1,-999,-1,25,PM25
81t,2026-08-13,02:00,19,11.5,-1,-1,-1,-1,-1,-1,-1,-1,-1,-1,19,PM25
82t,2026-08-13,02:00,17,10.0,22,43,-1,-1,1,0.20,0,1,-1,-1,22,PM10
83t,2026-08-13,02:00,18,10.8,12,24,-1,-1,-1,-1,-1,-1,-1,-1,18,PM25
84t,2026-08-13,02:00,24,14.2,15,30,-1,-1,-1,-1,-1,-1,-1,-1,24,PM25
85t,2026-08-13,02:00,14,8.3,-1,-1,-1,-1,-1,-1,-1,-1,-1,-1,14,PM25
86t,2026-08-13,02:00,45,22.9,22,43,-1,-1,6,1.00,7,17,-1,-1,45,PM25
87t,2026-08-13,02:00,22,13.1,-1,-1,-1,-1,-1,-1,0,0,-1,-1,22,PM25
88t,2026-08-13,02:00,17,10.2,11,21,-1,-1,-1,-1,2,5,-1,-1,17,PM25
90t,2026-08-13,02:00,20,11.9,10,20,-1,-1,-1,-1,-1,-1,-1,-1,20,PM25
91t,2026-08-13,02:00,20,12.0,-1,-1,-1,-1,-1,-1,-1,-1,-1,-1,20,PM25
93t,2026-08-13,02:00,12,7.3,10,20,-1,-1,1,0.10,2,5,0,0,12,PM25
94t,2026-08-13,02:00,14,8.5,9,17,-1,-1,-1,-1,-1,-1,-1,-1,14,PM25
95t,2026-08-13,02:00,25,14.7,13,26,-1,-1,-1,-1,-1,-1,-1,-1,25,PM25
96t,2026-08-13,02:00,16,9.7,11,22,-1,-1,0,0.00,0,1,0,1,16,PM25
97t,2026-08-13,02:00,22,13.2,10,20,13,18,0,0.00,0,1,1,3,22,PM25
98t,2026-08-13,02:00,19,11.3,11,22,11,16,2,0.30,-1,-1,0,0,19,PM25
99t,2026-08-13,02:00,22,13.2,12,24,11,15,1,0.20,1,3,1,4,22,PM25
bkp100t,2026-08-13,02:00,15,9.2,-999,-1,-999,-1,-999,-1,-999,-1,-999,-1,15,PM25
bkp101t,2026-08-13,02:00,28,15.9,13,26,-999,-1,-999,-1,-999,-1,-999,-1,28,PM25
bkp102t,2026-08-13,02:00,17,10.4,17,34,-999,-1,-999,-1,-999,-1,-999,-1,17,PM25
bkp104t,2026-08-13,02:00,22,13.1,13,26,-999,-1,-999,-1,-999,-1,-999,-1,22,PM25
bkp56t,2026-08-13,02:00,23,13.7,24,47,-999,-1,-999,-1,-999,-1,-999,-1,24,PM10
bkp57t,2026-08-13,02:00,22,13.1,19,37,-999,-1,-999,-1,-999,-1,-999,-1,22,PM25
bkp58t,2026-08-13,02:00,30,16.7,25,49,-999,-1,-999,-1,-999,-1,-999,-1,30,PM25
bkp59t,2026-08-13,02:00,20,12.1,18,35,-999,-1,-999,-1,-999,-1,-999,-1,20,PM25
bkp60t,2026-08-13,02:00,19,11.3,18,35,-999,-1,-999,-1,-999,-1,-999,-1,19,PM25
bkp61t,2026-08-13,02:00,19,11.2,14,27,-999,-1,-999,-1,-999,-1,-999,-1,19,PM25
bkp62t,2026-08-13,02:00,36,19.4,-999,-1,-999,-1,-999,-1,-999,-1,-999,-1,36,PM25
bkp63t,2026-08-13,02:00,23,13.9,-999,-1,-999,-1,-999,-1,-999,-1,-999,-1,23,PM25
bkp64t,2026-08-13,02:00,37,19.7,-999,-1,-999,-1,-999,-1,-999,-1,-999,-1,37,PM25
bkp65t,2026-08-13,02:00,27,15.6,-999,-1,-999,-1,-999,-1,-999,-1,-999,-1,27,PM25
bkp67t,2026-08-13,02:00,27,15.4,-999,-1,-999,-1,-999,-1,-999,-1,-999,-1,27,PM25
bkp69t,2026-08-13,02:00,17,10.2,-999,-1,-999,-1,-999,-1,-999,-1,-999,-1,17,PM25
bkp70t,2026-08-13,02:00,23,13.6,18,36,-999,-1,-999,-1,-999,-1,-999,-1,23,PM25
bkp71t,2026-08-13,02:00,17,10.2,16,31,-999,-1,-999,-1,-999,-1,-999,-1,17,PM25
bkp72t,2026-08-13,02:00,42,21.9,22,44,-999,-1,-999,-1,-999,-1,-999,-1,42,PM25
bkp74t,2026-08-13,02:00,17,10.2,13,26,-999,-1,-999,-1,-999,-1,-999,-1,17,PM25
bkp75t,2026-08-13,02:00,28,16.0,20,39,-999,-1,-999,-1,-999,-1,-999,-1,28,PM25
bkp77t,2026-08-13,02:00,18,11.0,14,28,-999,-1,-999,-1,-999,-1,-999,-1,18,PM25
bkp78t,2026-08-13,02:00,37,19.6,-999,-1,-999,-1,-999,-1,-999,-1,-999,-1,37,PM25
bkp79t,2026-08-13,02:00,27,15.7,15,30,-999,-1,-999,-1,-999,-1,-999,-1,27,PM25
bkp80t,2026-08-13,02:00,39,20.3,34,61,-999,-1,-999,-1,-999,-1,-999,-1,39,PM25
bkp81t,2026-08-13,02:00,42,21.7,35,62,-999,-1,-999,-1,-999,-1,-999,-1,42,PM25
bkp82t,2026-08-13,02:00,18,10.9,-999,-1,-999,-1,-999,-1,-999,-1,-999,-1,18,PM25
bkp83t,2026-08-13,02:00,14,8.6,-999,-1,-999,-1,-999,-1,-999,-1,-999,-1,14,PM25
bkp84t,2026-08-13,02:00,28,15.9,17,33,-999,-1,-999,-1,-999,-1,-999,-1,28,PM25
bkp85t,2026-08-13,02:00,34,18.6,-999,-1,-999,-1,-999,-1,-999,-1,-999,-1,34,PM25
bkp86t,2026-08-13,02:00,28,16.0,12,24,-999,-1,-999,-1,-999,-1,-999,-1,28,PM25
bkp87t,2026-08-13,02:00,31,17.1,16,32,-999,-1,-999,-1,-999,-1,-999,-1,31,PM25
bkp88t,2026-08-13,02:00,28,16.0,-999,-1,-999,-1,-999,-1,-999,-1,-999,-1,28,PM25
bkp89t,2026-08-13,02:00,40,20.7,33,60,-999,-1,-999,-1,-999,-1,-999,-1,40,PM25
bkp90t,2026-08-13,02:00,26,15.2,21,42,-999,-1,-999,-1,-999,-1,-999,-1,26,PM25
bkp91t,2026-08-13,02:00,15,9.2,18,36,-999,-1,-999,-1,-999,-1,-999,-1,18,PM10
bkp92t,2026-08-13,02:00,24,14.5,-999,-1,-999,-1,-999,-1,-999,-1,-999,-1,24,PM25
bkp93t,2026-08-13,02:00,16,9.4,14,28,-999,-1,-999,-1,-999,-1,-999,-1,16,PM25
bkp95t,2026-08-13,02:00,28,15.9,-999,-1,-999,-1,-999,-1,-999,-1,-999,-1,28,PM25
bkp98t,2026-08-13,02:00,42,21.5,-999,-1,-999,-1,-999,-1,-999,-1,-999,-1,42,PM25
bkp99t,2026-08-13,02:00,22,12.9,10,20,-999,-1,-999,-1,-999,-1,-999,-1,22,PM25
o10,2026-08-13,02:00,19,11.4,-999,-1,-999,-1,-999,-1,-999,-1,-999,-1,19,PM25
02t,2026-08-13,03:00,20,12.2,-1,-1,-1,-1,-1,-1,-1,-1,-1,-1,20,PM25
08t,2026-08-13,03:00,31,17.3,-1,-1,-1,-1,-1,-1,-1,-1,-1,-1,31,PM25
100t,2026-08-13,03:00,17,9.9,23,45,6,9,1,0.20,-1,-1,0,0,23,PM10
101t,2026-08-13,03:00,19,11.1,12,24,-1,-1,21,3.70,1,2,0,1,21,CO
102t,2026-08-13,03:00,32,17.5,16,31,-1,-1,-1,-1,-1,-1,0,1,32,PM25
103t,2026-08-13,03:00,16,9.6,16,32,-1,-1,1,0.20,3,6,0,0,16,PM10
104t,2026-08-13,03:00,22,13.4,-1,-1,11,15,1,0.10,1,2,0,1,22,PM25
105t,2026-08-13,03:00,14,8.2,-999,-1,6,8,1,0.10,3,6,0,0,14,PM25
106t,2026-08-13,03:00,35,18.9,-999,-1,4,5,1,0.20,0,1,0,0,35,PM25
107t,2026-08-13,03:00,20,12.2,-1,-1,16,23,1,0.20,0,1,-1,-1,20,PM25
108t,2026-08-13,03:00,20,11.9,-1,-1,20,28,10,1.80,1,2,1,2,20,PM25
109t,2026-08-13,03:00,22,12.9,-1,-1,16,22,1,0.20,1,3,1,3,22,PM25
110t,2026-08-13,03:00,23,13.6,-999,-1,21,30,-1,-1,0,1,0,0,23,PM25
111t,2026-08-13,03:00,16,9.8,-999,-1,18,25,1,0.10,0,0,0,0,18,O3
112t,2026-08-13,03:00,16,9.3,-999,-1,14,20,0,0.00,0,0,0,0,16,PM25
113t,2026-08-13,03:00,13,8.0,10,20,29,38,0,0.00,-1,-1,-1,-1,29,O3
114t,2026-08-13,03:00,18,10.8,14,27,19,27,2,0.40,1,3,0,1,19,O3
115t,2026-08-13,03:00,14,8.5,11,22,8,11,2,0.30,0,1,0,1,14,PM25
116t,2026-08-13,03:00,14,8.6,11,21,10,14,1,0.10,1,3,0,0,14,PM25
117t,2026-08-13,03:00,23,14.0,-999,-1,6,8,1,0.20,1,2,0,1,23,PM25
118t,2026-08-13,03:00,15,8.8,-1,-1,4,6,2,0.30,2,5,0,0,15,PM25
119t,2026-08-13,03:00,12,6.9,-1,-1,4,6,7,1.30,1,3,1,2,12,PM25
120t,2026-08-13,03:00,15,9.1,-1,-1,9,13,3,0.50,1,3,0,0,15,PM25
121t,2026-08-13,03:00,15,9.1,-1,-1,9,13,1,0.20,1,3,0,1,15,PM25
14t,2026-08-13,03:00,29,16.4,-1,-1,3,4,2,0.40,4,9,0,1,29,PM25
16t,2026-08-13,03:00,19,11.1,10,19,-1,-1,-1,-1,-1,-1,-1,-1,19,PM25
17t,2026-08-13,03:00,20,11.7,-1,-1,-1,-1,-1,-1,-1,-1,-1,-1,20,PM25
18t,2026-08-13,03:00,42,21.8,-1,-1,-1,-1,-1,-1,-1,-1,-1,-1,42,PM25
19t,2026-08-13,03:00,20,11.8,-1,-1,-1,-1,-1,-1,-1,-1,-1,-1,20,PM25
20t,2026-08-13,03:00,36,19.4,15,29,-1,-1,-1,-1,-1,-1,-1,-1,36,PM25
21t,2026-08-13,03:00,16,9.6,-1,-1,-1,-1,-1,-1,-1,-1,-1,-1,16,PM25
22t,2026-08-13,03:00,18,10.7,12,24,-1,-1,-1,-1,-1,-1,-1,-1,18,PM25
24t,2026-08-13,03:00,30,16.9,24,48,-1,-1,-1,-1,-1,-1,-1,-1,30,PM25
25t,2026-08-13,03:00,24,14.5,17,33,-1,-1,-999,-1,-1,-1,-999,-1,24,PM25
26t,2026-08-13,03:00,26,15.2,-1,-1,-1,-1,-1,-1,-1,-1,-1,-1,26,PM25
27t,2026-08-13,03:00,24,14.4,-1,-1,-1,-1,-999,-1,-1,-1,-1,-1,24,PM25
28t,2026-08-13,03:00,30,16.8,-1,-1,-1,-1,-1,-1,-1,-1,-1,-1,30,PM25
29t,2026-08-13,03:00,23,13.5,25,49,-1,-1,-1,-1,-1,-1,-1,-1,25,PM10
30t,2026-08-13,03:00,31,17.2,25,49,9,13,1,0.10,0,1,0,0,31,PM25
31t,2026-08-13,03:00,19,11.5,-1,-1,-1,-1,-1,-1,-1,-1,-1,-1,19,PM25
33t,2026-08-13,03:00,22,12.9,-1,-1,-1,-1,-999,-1,-1,-1,-999,-1,22,PM25
34t,2026-08-13,03:00,34,18.4,-1,-1,-1,-1,-1,-1,-1,-1,-999,-1,34,PM25
35t,2026-08-13,03:00,31,17.2,-1,-1,-1,-1,-1,-1,-1,-1,-1,-1,31,PM25
36t,2026-08-13,03:00,14,8.2,-1,-1,-999,-1,-1,-1,-1,-1,-1,-1,14,PM25
40t,2026-08-13,03:00,15,8.8,-1,-1,-1,-1,-999,-1,-1,-1,-1,-1,15,PM25
46t,2026-08-13,03:00,43,22.2,-1,-1,-1,-1,-1,-1,-1,-1,-1,-1,43,PM25
47t,2026-08-13,03:00,31,17.2,-1,-1,-1,-1,-1,-1,-1,-1,-1,-1,31,PM25
50t,2026-08-13,03:00,27,15.5,-1,-1,-999,-1,-1,-1,-1,-1,-999,-1,27,PM25
52t,2026-08-13,03:00,24,14.4,-1,-1,-1,-1,-1,-1,-1,-1,-1,-1,24,PM25
53t,2026-08-13,03:00,23,13.9,-1,-1,-999,-1,-1,-1,-1,-1,-999,-1,23,PM25
57t,2026-08-13,03:00,14,8.1,14,28,-1,-1,-1,-1,-1,-1,-999,-1,14,PM10
58t,2026-08-13,03:00,15,8.8,9,18,-1,-1,-1,-1,-1,-1,-999,-1,15,PM25
59t,2026-08-13,03:00,16,9.7,11,22,1,1,3,0.60,5,12,-999,-1,16,PM25
60t,2026-08-13,03:00,29,16.5,-1,-1,-1,-1,-999,-1,-1,-1,-1,-1,29,PM25
61t,2026-08-13,03:00,20,11.8,-1,-1,-1,-1,-999,-1,-1,-1,-1,-1,20,PM25
67t,2026-08-13,03:00,37,19.6,-1,-1,-1,-1,-1,-1,-1,-1,-1,-1,37,PM25
68t,2026-08-13,03:00,17,10.2,10,20,-1,-1,-1,-1,-1,-1,-1,-1,17,PM25
69t,2026-08-13,03:00,13,8.0,-1,-1,-1,-1,-1,-1,-1,-1,-1,-1,13,PM25
70t,2026-08-13,03:00,15,8.7,-1,-1,-1,-1,-1,-1,-1,-1,-999,-1,15,PM25
71t,2026-08-13,03:00,12,7.4,9,17,9,12,0,0.00,2,4,3,10,12,PM25
72t,2026-08-13,03:00,16,9.8,11,22,-1,-1,-1,-1,0,0,-1,-1,16,PM25
73t,2026-08-13,03:00,21,12.4,-1,-1,-1,-1,-1,-1,-1,-1,-1,-1,21,PM25
74t,2026-08-13,03:00,37,19.8,-1,-1,-1,-1,-1,-1,-1,-1,-1,-1,37,PM25
75t,2026-08-13,03:00,13,7.9,-1,-1,-1,-1,-1,-1,0,0,2,9,13,PM25
77t,2026-08-13,03:00,43,22.0,18,36,-1,-1,-999,-1,-1,-1,-1,-1,43,PM25
78t,2026-08-13,03:00,28,15.9,-1,-1,-999,-1,-999,-1,-999,-1,-999,-1,28,PM25
79t,2026-08-13,03:00,30,16.8,-1,-1,-1,-1,-1,-1,-1,-1,-1,-1,30,PM25
81t,2026-08-13,03:00,19,11.5,-1,-1,-1,-1,-1,-1,-1,-1,-1,-1,19,PM25
82t,2026-08-13,03:00,17,10.0,22,43,-1,-1,1,0.20,0,1,-1,-1,22,PM10
83t,2026-08-13,03:00,18,10.9,12,24,-1,-1,-1,-1,-1,-1,-1,-1,18,PM25
84t,2026-08-13,03:00,24,14.3,15,30,-1,-1,-1,-1,-1,-1,-1,-1,24,PM25
85t,2026-08-13,03:00,14,8.3,-1,-1,-1,-1,-1,-1,-1,-1,-1,-1,14,PM25
86t,2026-08-13,03:00,44,22.4,21,42,-1,-1,5,0.90,7,17,-1,-1,44,PM25
87t,2026-08-13,03:00,22,13.3,-1,-1,-1,-1,-1,-1,0,0,-1,-1,22,PM25
88t,2026-08-13,03:00,18,10.9,11,22,-1,-1,-1,-1,3,6,-1,-1,18,PM25
90t,2026-08-13,03:00,20,12.1,11,21,-1,-1,-1,-1,-1,-1,-1,-1,20,PM25
91t,2026-08-13,03:00,20,11.7,-1,-1,-1,-1,-1,-1,-1,-1,-1,-1,20,PM25
93t,2026-08-13,03:00,12,7.1,10,20,-1,-1,1,0.10,2,5,0,0,12,PM25
94t,2026-08-13,03:00,14,8.3,9,17,-1,-1,-1,-1,-1,-1,-1,-1,14,PM25
95t,2026-08-13,03:00,24,14.2,13,25,-1,-1,-1,-1,-1,-1,-1,-1,24,PM25
96t,2026-08-13,03:00,16,9.5,11,21,-1,-1,0,0.00,0,0,0,1,16,PM25
97t,2026-08-13,03:00,22,13.0,10,19,13,18,0,0.00,0,1,1,3,22,PM25
98t,2026-08-13,03:00,19,11.2,12,23,11,16,2,0.30,-1,-1,0,0,19,PM25
99t,2026-08-13,03:00,22,13.1,12,24,10,14,1,0.20,1,3,1,3,22,PM25
bkp100t,2026-08-13,03:00,15,9.1,-999,-1,-999,-1,-999,-1,-999,-1,-999,-1,15,PM25
bkp101t,2026-08-13,03:00,28,15.9,13,26,-999,-1,-999,-1,-999,-1,-999,-1,28,PM25
bkp102t,2026-08-13,03:00,18,10.5,18,35,-999,-1,-999,-1,-999,-1,-999,-1,18,PM25
bkp103t,2026-08-13,03:00,22,13.1,-999,-1,-999,-1,-999,-1,-999,-1,-999,-1,22,PM25
bkp104t,2026-08-13,03:00,21,12.8,13,26,-999,-1,-999,-1,-999,-1,-999,-1,21,PM25
bkp105t,2026-08-13,03:00,28,16.1,-999,-1,-999,-1,-999,-1,-999,-1,-999,-1,28,PM25
bkp114t,2026-08-13,03:00,13,8.0,-999,-1,-999,-1,-999,-1,-999,-1,-999,-1,13,PM25
bkp115t,2026-08-13,03:00,18,10.7,-999,-1,-999,-1,-999,-1,-999,-1,-999,-1,18,PM25
bkp116t,2026-08-13,03:00,16,9.8,-999,-1,-999,-1,-999,-1,-999,-1,-999,-1,16,PM25
bkp117t,2026-08-13,03:00,14,8.6,-999,-1,-999,-1,-999,-1,-999,-1,-999,-1,14,PM25
bkp118t,2026-08-13,03:00,30,16.9,-999,-1,-999,-1,-999,-1,-999,-1,-999,-1,30,PM25
bkp119t,2026-08-13,03:00,18,10.8,-999,-1,-999,-1,-999,-1,-999,-1,-999,-1,18,PM25
bkp120t,2026-08-13,03:00,22,13.0,-999,-1,-999,-1,-999,-1,-999,-1,-999,-1,22,PM25
bkp121t,2026-08-13,03:00,17,10.1,-999,-1,-999,-1,-999,-1,-999,-1,-999,-1,17,PM25
bkp122t,2026-08-13,03:00,14,8.3,-999,-1,-999,-1,-999,-1,-999,-1,-999,-1,14,PM25
bkp123t,2026-08-13,03:00,18,10.9,-999,-1,-999,-1,-999,-1,-999,-1,-999,-1,18,PM25
bkp124t,2026-08-13,03:00,30,16.9,-999,-1,-999,-1,-999,-1,-999,-1,-999,-1,30,PM25
bkp125t,2026-08-13,03:00,30,16.8,-999,-1,-999,-1,-999,-1,-999,-1,-999,-1,30,PM25
bkp126t,2026-08-13,03:00,22,13.3,-999,-1,-999,-1,-999,-1,-999,-1,-999,-1,22,PM25
bkp127t,2026-08-13,03:00,32,17.6,-999,-1,-999,-1,-999,-1,-999,-1,-999,-1,32,PM25
bkp128t,2026-08-13,03:00,16,9.4,-999,-1,-999,-1,-999,-1,-999,-1,-999,-1,16,PM25
bkp129t,2026-08-13,03:00,24,14.6,-999,-1,-999,-1,-999,-1,-999,-1,-999,-1,24,PM25
bkp130t,2026-08-13,03:00,18,10.8,-999,-1,-999,-1,-999,-1,-999,-1,-999,-1,18,PM25
bkp131t,2026-08-13,03:00,19,11.1,-999,-1,-999,-1,-999,-1,-999,-1,-999,-1,19,PM25
bkp133t,2026-08-13,03:00,19,11.2,-999,-1,-999,-1,-999,-1,-999,-1,-999,-1,19,PM25
bkp56t,2026-08-13,03:00,23,13.9,24,48,-999,-1,-999,-1,-999,-1,-999,-1,24,PM10
bkp57t,2026-08-13,03:00,22,13.1,19,38,-999,-1,-999,-1,-999,-1,-999,-1,22,PM25
bkp58t,2026-08-13,03:00,30,16.9,25,49,-999,-1,-999,-1,-999,-1,-999,-1,30,PM25
bkp59t,2026-08-13,03:00,20,12.2,18,36,-999,-1,-999,-1,-999,-1,-999,-1,20,PM25
bkp60t,2026-08-13,03:00,19,11.3,18,35,-999,-1,-999,-1,-999,-1,-999,-1,19,PM25
bkp61t,2026-08-13,03:00,19,11.5,14,28,-999,-1,-999,-1,-999,-1,-999,-1,19,PM25
bkp62t,2026-08-13,03:00,36,19.1,-999,-1,-999,-1,-999,-1,-999,-1,-999,-1,36,PM25
bkp63t,2026-08-13,03:00,23,13.8,-999,-1,-999,-1,-999,-1,-999,-1,-999,-1,23,PM25
bkp64t,2026-08-13,03:00,37,19.5,-999,-1,-999,-1,-999,-1,-999,-1,-999,-1,37,PM25
bkp65t,2026-08-13,03:00,27,15.7,-999,-1,-999,-1,-999,-1,-999,-1,-999,-1,27,PM25
bkp67t,2026-08-13,03:00,27,15.6,-999,-1,-999,-1,-999,-1,-999,-1,-999,-1,27,PM25
bkp69t,2026-08-13,03:00,17,10.4,-999,-1,-999,-1,-999,-1,-999,-1,-999,-1,17,PM25
bkp70t,2026-08-13,03:00,22,13.1,18,36,-999,-1,-999,-1,-999,-1,-999,-1,22,PM25
bkp71t,2026-08-13,03:00,17,10.3,16,31,-999,-1,-999,-1,-999,-1,-999,-1,17,PM25
bkp72t,2026-08-13,03:00,43,22.1,23,45,-999,-1,-999,-1,-999,-1,-999,-1,43,PM25
bkp73t,2026-08-13,03:00,22,13.1,-999,-1,-999,-1,-999,-1,-999,-1,-999,-1,22,PM25
bkp74t,2026-08-13,03:00,16,9.4,13,26,-999,-1,-999,-1,-999,-1,-999,-1,16,PM25
bkp75t,2026-08-13,03:00,29,16.3,19,38,-999,-1,-999,-1,-999,-1,-999,-1,29,PM25
bkp76t,2026-08-13,03:00,12,7.3,-999,-1,-999,-1,-999,-1,-999,-1,-999,-1,12,PM25
bkp77t,2026-08-13,03:00,18,11.0,14,27,-999,-1,-999,-1,-999,-1,-999,-1,18,PM25
bkp78t,2026-08-13,03:00,37,19.7,-999,-1,-999,-1,-999,-1,-999,-1,-999,-1,37,PM25
bkp79t,2026-08-13,03:00,28,16.1,15,30,-999,-1,-999,-1,-999,-1,-999,-1,28,PM25
bkp80t,2026-08-13,03:00,37,19.6,34,61,-999,-1,-999,-1,-999,-1,-999,-1,37,PM25
bkp81t,2026-08-13,03:00,42,21.8,35,62,-999,-1,-999,-1,-999,-1,-999,-1,42,PM25
bkp82t,2026-08-13,03:00,18,11.0,-999,-1,-999,-1,-999,-1,-999,-1,-999,-1,18,PM25
bkp83t,2026-08-13,03:00,15,8.8,-999,-1,-999,-1,-999,-1,-999,-1,-999,-1,15,PM25
bkp84t,2026-08-13,03:00,27,15.5,17,33,-999,-1,-999,-1,-999,-1,-999,-1,27,PM25
bkp85t,2026-08-13,03:00,34,18.5,-999,-1,-999,-1,-999,-1,-999,-1,-999,-1,34,PM25
bkp86t,2026-08-13,03:00,26,15.3,12,24,-999,-1,-999,-1,-999,-1,-999,-1,26,PM25
bkp87t,2026-08-13,03:00,31,17.0,16,32,-999,-1,-999,-1,-999,-1,-999,-1,31,PM25
bkp88t,2026-08-13,03:00,27,15.7,-999,-1,-999,-1,-999,-1,-999,-1,-999,-1,27,PM25
bkp89t,2026-08-13,03:00,40,20.9,34,61,-999,-1,-999,-1,-999,-1,-999,-1,40,PM25
bkp90t,2026-08-13,03:00,28,16.0,21,42,-999,-1,-999,-1,-999,-1,-999,-1,28,PM25
bkp91t,2026-08-13,03:00,17,9.9,18,36,-999,-1,-999,-1,-999,-1,-999,-1,18,PM10
bkp92t,2026-08-13,03:00,24,14.6,-999,-1,-999,-1,-999,-1,-999,-1,-999,-1,24,PM25
bkp93t,2026-08-13,03:00,15,9.2,14,28,-999,-1,-999,-1,-999,-1,-999,-1,15,PM25
bkp94t,2026-08-13,03:00,24,14.2,-999,-1,-999,-1,-999,-1,-999,-1,-999,-1,24,PM25
bkp95t,2026-08-13,03:00,27,15.6,-999,-1,-999,-1,-999,-1,-999,-1,-999,-1,27,PM25
bkp96t,2026-08-13,03:00,21,12.8,13,26,-999,-1,-999,-1,-999,-1,-999,-1,21,PM25
bkp97t,2026-08-13,03:00,29,16.3,-999,-1,-999,-1,-999,-1,-999,-1,-999,-1,29,PM25
bkp98t,2026-08-13,03:00,41,21.2,-999,-1,-999,-1,-999,-1,-999,-1,-999,-1,41,PM25
bkp99t,2026-08-13,03:00,21,12.7,10,20,-999,-1,-999,-1,-999,-1,-999,-1,21,PM25
o10,2026-08-13,03:00,19,11.4,-999,-1,-999,-1,-999,-1,-999,-1,-999,-1,19,PM25
o61,2026-08-13,03:00,17,10.4,-999,-1,-999,-1,-999,-1,-999,-1,-999,-1,17,PM25
o63,2026-08-13,03:00,19,11.1,-999,-1,-999,-1,-999,-1,-999,-1,-999,-1,19,PM25
02t,2026-08-13,04:00,21,12.4,-1,-1,-1,-1,-1,-1,-1,-1,-1,-1,21,PM25
08t,2026-08-13,04:00,32,17.4,-1,-1,-1,-1,-1,-1,-1,-1,-1,-1,32,PM25
100t,2026-08-13,04:00,17,9.9,23,45,6,9,1,0.10,3,6,0,0,23,PM10
101t,2026-08-13,04:00,18,11.0,12,24,-1,-1,22,3.80,1,2,0,1,22,CO
102t,2026-08-13,04:00,32,17.7,16,31,-1,-1,-1,-1,-1,-1,0,1,32,PM25
103t,2026-08-13,04:00,16,9.5,16,32,-1,-1,1,0.20,3,8,0,0,16,PM10
104t,2026-08-13,04:00,22,13.3,-1,-1,10,14,1,0.10,1,2,1,2,22,PM25
105t,2026-08-13,04:00,14,8.4,-999,-1,4,6,1,0.10,3,6,0,0,14,PM25
106t,2026-08-13,04:00,35,18.8,-999,-1,3,4,1,0.20,0,1,0,0,35,PM25
107t,2026-08-13,04:00,20,12.2,-1,-1,17,24,1,0.20,0,1,-1,-1,20,PM25
108t,2026-08-13,04:00,20,11.7,-1,-1,19,26,10,1.80,1,2,1,2,20,PM25
109t,2026-08-13,04:00,22,12.9,-1,-1,15,21,1,0.20,1,3,1,3,22,PM25
110t,2026-08-13,04:00,23,13.6,-999,-1,21,29,-1,-1,0,1,0,0,23,PM25
111t,2026-08-13,04:00,16,9.8,-999,-1,16,23,1,0.10,0,0,0,0,16,PM25
112t,2026-08-13,04:00,16,9.3,-999,-1,14,20,0,0.00,-1,-1,-1,-1,16,PM25
113t,2026-08-13,04:00,13,8.0,10,20,29,38,0,0.00,0,0,0,0,29,O3
114t,2026-08-13,04:00,18,10.6,14,27,19,27,2,0.40,2,4,0,1,19,O3
115t,2026-08-13,04:00,15,8.7,11,22,9,12,2,0.30,0,0,0,1,15,PM25
116t,2026-08-13,04:00,14,8.4,11,21,10,14,1,0.10,1,2,0,0,14,PM25
117t,2026-08-13,04:00,23,14.0,-999,-1,5,7,1,0.10,1,2,0,1,23,PM25
118t,2026-08-13,04:00,15,8.7,-1,-1,4,6,2,0.30,2,4,0,0,15,PM25
119t,2026-08-13,04:00,11,6.6,-1,-1,4,5,7,1.30,1,2,1,2,11,PM25
120t,2026-08-13,04:00,15,9.1,-1,-1,9,12,3,0.50,2,5,0,1,15,PM25
121t,2026-08-13,04:00,16,9.3,-1,-1,8,11,1,0.20,1,3,0,1,16,PM25
13t,2026-08-13,04:00,15,8.9,-1,-1,2,3,2,0.30,-1,-1,-1,-1,15,PM25
14t,2026-08-13,04:00,28,16.0,-1,-1,2,3,2,0.40,4,9,0,1,28,PM25
16t,2026-08-13,04:00,18,10.9,10,19,-1,-1,-1,-1,-1,-1,-1,-1,18,PM25
17t,2026-08-13,04:00,20,11.9,-1,-1,-1,-1,-1,-1,-1,-1,-1,-1,20,PM25
18t,2026-08-13,04:00,43,22.0,-1,-1,-1,-1,-1,-1,-1,-1,-1,-1,43,PM25
19t,2026-08-13,04:00,20,12.1,-1,-1,-1,-1,-1,-1,-1,-1,-1,-1,20,PM25
20t,2026-08-13,04:00,36,19.2,15,29,-1,-1,-1,-1,-1,-1,-1,-1,36,PM25
21t,2026-08-13,04:00,16,9.4,-1,-1,-1,-1,-1,-1,-1,-1,-1,-1,16,PM25
22t,2026-08-13,04:00,17,10.3,12,23,-1,-1,-1,-1,-1,-1,-1,-1,17,PM25
24t,2026-08-13,04:00,30,16.9,24,48,-1,-1,-1,-1,-1,-1,-1,-1,30,PM25
25t,2026-08-13,04:00,24,14.2,17,33,-1,-1,-999,-1,-1,-1,-999,-1,24,PM25
26t,2026-08-13,04:00,26,15.1,-1,-1,-1,-1,-1,-1,-1,-1,-1,-1,26,PM25
27t,2026-08-13,04:00,25,14.9,-1,-1,-1,-1,-999,-1,-1,-1,-1,-1,25,PM25
28t,2026-08-13,04:00,30,16.8,-1,-1,-1,-1,-1,-1,-1,-1,-1,-1,30,PM25
29t,2026-08-13,04:00,23,13.8,25,49,-1,-1,-1,-1,-1,-1,-1,-1,25,PM10
30t,2026-08-13,04:00,32,17.5,25,49,9,13,1,0.10,0,1,0,0,32,PM25
31t,2026-08-13,04:00,20,11.8,-1,-1,-1,-1,-1,-1,-1,-1,-1,-1,20,PM25
33t,2026-08-13,04:00,22,12.9,-1,-1,-1,-1,-999,-1,-1,-1,-999,-1,22,PM25
34t,2026-08-13,04:00,34,18.4,-1,-1,-1,-1,-1,-1,-1,-1,-999,-1,34,PM25
35t,2026-08-13,04:00,31,17.1,-1,-1,-1,-1,-1,-1,-1,-1,-1,-1,31,PM25
36t,2026-08-13,04:00,14,8.3,-1,-1,-999,-1,-1,-1,-1,-1,-1,-1,14,PM25
37t,2026-08-13,04:00,15,8.8,-1,-1,-1,-1,-1,-1,-1,-1,-1,-1,15,PM25
38t,2026-08-13,04:00,14,8.4,-1,-1,10,14,1,0.20,0,1,0,1,14,PM25
39t,2026-08-13,04:00,14,8.3,-1,-1,-1,-1,-999,-1,-1,-1,-1,-1,14,PM25
40t,2026-08-13,04:00,14,8.5,-1,-1,-1,-1,-999,-1,-1,-1,-1,-1,14,PM25
41t,2026-08-13,04:00,14,8.5,-1,-1,-1,-1,-1,-1,-1,-1,-1,-1,14,PM25
46t,2026-08-13,04:00,44,22.4,-1,-1,-1,-1,-1,-1,-1,-1,-1,-1,44,PM25
47t,2026-08-13,04:00,31,17.0,-1,-1,-1,-1,-1,-1,-1,-1,-1,-1,31,PM25
50t,2026-08-13,04:00,27,15.6,-1,-1,-999,-1,-1,-1,-1,-1,-999,-1,27,PM25
52t,2026-08-13,04:00,24,14.4,-1,-1,-1,-1,-1,-1,-1,-1,-1,-1,24,PM25
53t,2026-08-13,04:00,23,13.8,-1,-1,-999,-1,-1,-1,-1,-1,-999,-1,23,PM25
57t,2026-08-13,04:00,14,8.3,14,28,-1,-1,-1,-1,-1,-1,-999,-1,14,PM10
58t,2026-08-13,04:00,15,8.8,9,18,-1,-1,-1,-1,-1,-1,-999,-1,15,PM25
59t,2026-08-13,04:00,16,9.7,11,22,1,1,3,0.60,6,14,-999,-1,16,PM25
60t,2026-08-13,04:00,30,16.6,-1,-1,-1,-1,-999,-1,-1,-1,-1,-1,30,PM25
61t,2026-08-13,04:00,20,11.9,-1,-1,-1,-1,-999,-1,-1,-1,-1,-1,20,PM25
67t,2026-08-13,04:00,37,19.7,-1,-1,-1,-1,-1,-1,-1,-1,-1,-1,37,PM25
68t,2026-08-13,04:00,16,9.4,10,19,-1,-1,-1,-1,-1,-1,-1,-1,16,PM25
69t,2026-08-13,04:00,15,8.7,-1,-1,-1,-1,-1,-1,-1,-1,-1,-1,15,PM25
70t,2026-08-13,04:00,15,8.8,-1,-1,-1,-1,-1,-1,-1,-1,-999,-1,15,PM25
71t,2026-08-13,04:00,13,7.6,9,17,9,12,0,0.00,1,3,3,10,13,PM25
72t,2026-08-13,04:00,16,9.8,11,22,-1,-1,-1,-1,0,0,-1,-1,16,PM25
73t,2026-08-13,04:00,21,12.5,-1,-1,-1,-1,-1,-1,-1,-1,-1,-1,21,PM25
74t,2026-08-13,04:00,34,18.2,-1,-1,-1,-1,-1,-1,-1,-1,-1,-1,34,PM25
75t,2026-08-13,04:00,14,8.1,-1,-1,-1,-1,-1,-1,0,1,2,9,14,PM25
76t,2026-08-13,04:00,15,8.8,-1,-1,-1,-1,-1,-1,-1,-1,-999,-1,15,PM25
77t,2026-08-13,04:00,42,21.8,18,36,-1,-1,-999,-1,-1,-1,-1,-1,42,PM25
78t,2026-08-13,04:00,12,7.2,-1,-1,-999,-1,-999,-1,-999,-1,-999,-1,12,PM25
79t,2026-08-13,04:00,29,16.4,-1,-1,-1,-1,-1,-1,-1,-1,-1,-1,29,PM25
81t,2026-08-13,04:00,19,11.3,-1,-1,-1,-1,-1,-1,-1,-1,-1,-1,19,PM25
82t,2026-08-13,04:00,17,10.1,22,43,-1,-1,1,0.20,0,1,-1,-1,22,PM10
83t,2026-08-13,04:00,18,10.9,12,24,-1,-1,-1,-1,-1,-1,-1,-1,18,PM25
84t,2026-08-13,04:00,24,14.3,16,31,-1,-1,-1,-1,-1,-1,-1,-1,24,PM25
85t,2026-08-13,04:00,14,8.5,-1,-1,-1,-1,-1,-1,-1,-1,-1,-1,14,PM25
86t,2026-08-13,04:00,43,22.0,21,41,-1,-1,5,0.90,8,18,-1,-1,43,PM25
87t,2026-08-13,04:00,23,13.5,-1,-1,-1,-1,-1,-1,0,0,-1,-1,23,PM25
88t,2026-08-13,04:00,19,11.3,12,23,-1,-1,-1,-1,1,2,-1,-1,19,PM25
90t,2026-08-13,04:00,20,12.2,11,21,-1,-1,-1,-1,-1,-1,-1,-1,20,PM25
91t,2026-08-13,04:00,20,11.7,-1,-1,-1,-1,-1,-1,-1,-1,-1,-1,20,PM25
93t,2026-08-13,04:00,12,7.0,10,20,-1,-1,1,0.10,2,4,0,0,12,PM25
94t,2026-08-13,04:00,14,8.6,9,18,-1,-1,-1,-1,-1,-1,-1,-1,14,PM25
95t,2026-08-13,04:00,23,13.8,12,24,-1,-1,-1,-1,-1,-1,-1,-1,23,PM25
96t,2026-08-13,04:00,16,9.3,11,21,-1,-1,0,0.00,0,0,0,1,16,PM25
97t,2026-08-13,04:00,22,12.9,10,19,12,17,0,0.00,0,1,1,3,22,PM25
98t,2026-08-13,04:00,16,9.5,10,20,11,16,1,0.20,-1,-1,0,0,16,PM25
99t,2026-08-13,04:00,22,13.0,12,23,9,13,1,0.10,2,5,1,4,22,PM25
bkp100t,2026-08-13,04:00,15,8.9,-999,-1,-999,-1,-999,-1,-999,-1,-999,-1,15,PM25
bkp101t,2026-08-13,04:00,27,15.6,13,26,-999,-1,-999,-1,-999,-1,-999,-1,27,PM25
bkp102t,2026-08-13,04:00,18,10.7,18,36,-999,-1,-999,-1,-999,-1,-999,-1,18,PM25
bkp103t,2026-08-13,04:00,22,13.0,-999,-1,-999,-1,-999,-1,-999,-1,-999,-1,22,PM25
bkp104t,2026-08-13,04:00,21,12.7,14,27,-999,-1,-999,-1,-999,-1,-999,-1,21,PM25
bkp105t,2026-08-13,04:00,29,16.4,-999,-1,-999,-1,-999,-1,-999,-1,-999,-1,29,PM25
bkp115t,2026-08-13,04:00,18,10.7,-999,-1,-999,-1,-999,-1,-999,-1,-999,-1,18,PM25
bkp116t,2026-08-13,04:00,17,10.0,-999,-1,-999,-1,-999,-1,-999,-1,-999,-1,17,PM25
bkp117t,2026-08-13,04:00,15,8.8,-999,-1,-999,-1,-999,-1,-999,-1,-999,-1,15,PM25
bkp118t,2026-08-13,04:00,30,16.7,-999,-1,-999,-1,-999,-1,-999,-1,-999,-1,30,PM25
bkp119t,2026-08-13,04:00,18,10.9,-999,-1,-999,-1,-999,-1,-999,-1,-999,-1,18,PM25
bkp120t,2026-08-13,04:00,22,12.9,-999,-1,-999,-1,-999,-1,-999,-1,-999,-1,22,PM25
bkp121t,2026-08-13,04:00,18,10.8,-999,-1,-999,-1,-999,-1,-999,-1,-999,-1,18,PM25
bkp122t,2026-08-13,04:00,14,8.4,-999,-1,-999,-1,-999,-1,-999,-1,-999,-1,14,PM25
bkp123t,2026-08-13,04:00,18,10.9,-999,-1,-999,-1,-999,-1,-999,-1,-999,-1,18,PM25
bkp124t,2026-08-13,04:00,31,17.0,-999,-1,-999,-1,-999,-1,-999,-1,-999,-1,31,PM25
bkp125t,2026-08-13,04:00,30,16.8,-999,-1,-999,-1,-999,-1,-999,-1,-999,-1,30,PM25
bkp126t,2026-08-13,04:00,22,13.4,-999,-1,-999,-1,-999,-1,-999,-1,-999,-1,22,PM25
bkp127t,2026-08-13,04:00,33,17.9,-999,-1,-999,-1,-999,-1,-999,-1,-999,-1,33,PM25
bkp128t,2026-08-13,04:00,16,9.4,-999,-1,-999,-1,-999,-1,-999,-1,-999,-1,16,PM25
bkp129t,2026-08-13,04:00,24,14.4,-999,-1,-999,-1,-999,-1,-999,-1,-999,-1,24,PM25
bkp130t,2026-08-13,04:00,18,10.6,-999,-1,-999,-1,-999,-1,-999,-1,-999,-1,18,PM25
bkp131t,2026-08-13,04:00,19,11.1,-999,-1,-999,-1,-999,-1,-999,-1,-999,-1,19,PM25
bkp133t,2026-08-13,04:00,19,11.1,-999,-1,-999,-1,-999,-1,-999,-1,-999,-1,19,PM25
bkp56t,2026-08-13,04:00,23,14.0,24,47,-999,-1,-999,-1,-999,-1,-999,-1,24,PM10
bkp57t,2026-08-13,04:00,22,13.0,19,38,-999,-1,-999,-1,-999,-1,-999,-1,22,PM25
bkp58t,2026-08-13,04:00,31,17.1,25,50,-999,-1,-999,-1,-999,-1,-999,-1,31,PM25
bkp59t,2026-08-13,04:00,21,12.5,18,36,-999,-1,-999,-1,-999,-1,-999,-1,21,PM25
bkp60t,2026-08-13,04:00,19,11.1,18,35,-999,-1,-999,-1,-999,-1,-999,-1,19,PM25
bkp61t,2026-08-13,04:00,19,11.6,14,28,-999,-1,-999,-1,-999,-1,-999,-1,19,PM25
bkp62t,2026-08-13,04:00,37,19.5,-999,-1,-999,-1,-999,-1,-999,-1,-999,-1,37,PM25
bkp63t,2026-08-13,04:00,23,13.9,-999,-1,-999,-1,-999,-1,-999,-1,-999,-1,23,PM25
bkp64t,2026-08-13,04:00,37,19.6,-999,-1,-999,-1,-999,-1,-999,-1,-999,-1,37,PM25
bkp65t,2026-08-13,04:00,27,15.5,-999,-1,-999,-1,-999,-1,-999,-1,-999,-1,27,PM25
bkp67t,2026-08-13,04:00,27,15.6,-999,-1,-999,-1,-999,-1,-999,-1,-999,-1,27,PM25
bkp69t,2026-08-13,04:00,17,10.2,-999,-1,-999,-1,-999,-1,-999,-1,-999,-1,17,PM25
bkp70t,2026-08-13,04:00,22,13.3,18,36,-999,-1,-999,-1,-999,-1,-999,-1,22,PM25
bkp71t,2026-08-13,04:00,17,10.2,16,31,-999,-1,-999,-1,-999,-1,-999,-1,17,PM25
bkp72t,2026-08-13,04:00,43,22.0,23,45,-999,-1,-999,-1,-999,-1,-999,-1,43,PM25
bkp73t,2026-08-13,04:00,21,12.7,-999,-1,-999,-1,-999,-1,-999,-1,-999,-1,21,PM25
bkp74t,2026-08-13,04:00,15,9.1,13,25,-999,-1,-999,-1,-999,-1,-999,-1,15,PM25
bkp75t,2026-08-13,04:00,29,16.3,19,38,-999,-1,-999,-1,-999,-1,-999,-1,29,PM25
bkp76t,2026-08-13,04:00,12,7.1,-999,-1,-999,-1,-999,-1,-999,-1,-999,-1,12,PM25
bkp77t,2026-08-13,04:00,18,10.8,14,28,-999,-1,-999,-1,-999,-1,-999,-1,18,PM25
bkp78t,2026-08-13,04:00,37,19.7,-999,-1,-999,-1,-999,-1,-999,-1,-999,-1,37,PM25
bkp79t,2026-08-13,04:00,30,16.8,16,31,-999,-1,-999,-1,-999,-1,-999,-1,30,PM25
bkp80t,2026-08-13,04:00,36,19.4,33,60,-999,-1,-999,-1,-999,-1,-999,-1,36,PM25
bkp81t,2026-08-13,04:00,42,21.8,35,62,-999,-1,-999,-1,-999,-1,-999,-1,42,PM25
bkp82t,2026-08-13,04:00,19,11.2,-999,-1,-999,-1,-999,-1,-999,-1,-999,-1,19,PM25
bkp83t,2026-08-13,04:00,15,8.9,-999,-1,-999,-1,-999,-1,-999,-1,-999,-1,15,PM25
bkp84t,2026-08-13,04:00,29,16.5,17,34,-999,-1,-999,-1,-999,-1,-999,-1,29,PM25
bkp85t,2026-08-13,04:00,34,18.6,-999,-1,-999,-1,-999,-1,-999,-1,-999,-1,34,PM25
bkp86t,2026-08-13,04:00,24,14.6,12,23,-999,-1,-999,-1,-999,-1,-999,-1,24,PM25
bkp87t,2026-08-13,04:00,30,16.6,16,31,-999,-1,-999,-1,-999,-1,-999,-1,30,PM25
bkp88t,2026-08-13,04:00,27,15.4,-999,-1,-999,-1,-999,-1,-999,-1,-999,-1,27,PM25
bkp89t,2026-08-13,04:00,39,20.3,33,60,-999,-1,-999,-1,-999,-1,-999,-1,39,PM25
bkp90t,2026-08-13,04:00,28,15.9,21,42,-999,-1,-999,-1,-999,-1,-999,-1,28,PM25
bkp91t,2026-08-13,04:00,18,10.5,19,37,-999,-1,-999,-1,-999,-1,-999,-1,19,PM10
bkp92t,2026-08-13,04:00,25,14.7,-999,-1,-999,-1,-999,-1,-999,-1,-999,-1,25,PM25
bkp93t,2026-08-13,04:00,16,9.4,14,28,-999,-1,-999,-1,-999,-1,-999,-1,16,PM25
bkp94t,2026-08-13,04:00,23,14.0,-999,-1,-999,-1,-999,-1,-999,-1,-999,-1,23,PM25
bkp95t,2026-08-13,04:00,27,15.4,-999,-1,-999,-1,-999,-1,-999,-1,-999,-1,27,PM25
bkp96t,2026-08-13,04:00,21,12.7,13,26,-999,-1,-999,-1,-999,-1,-999,-1,21,PM25
bkp97t,2026-08-13,04:00,28,16.1,-999,-1,-999,-1,-999,-1,-999,-1,-999,-1,28,PM25
bkp98t,2026-08-13,04:00,41,21.1,-999,-1,-999,-1,-999,-1,-999,-1,-999,-1,41,PM25
bkp99t,2026-08-13,04:00,21,12.7,11,21,-999,-1,-999,-1,-999,-1,-999,-1,21,PM25
o10,2026-08-13,04:00,19,11.2,-999,-1,-999,-1,-999,-1,-999,-1,-999,-1,19,PM25
o61,2026-08-13,04:00,18,10.5,-999,-1,-999,-1,-999,-1,-999,-1,-999,-1,18,PM25
o63,2026-08-13,04:00,19,11.3,-999,-1,-999,-1,-999,-1,-999,-1,-999,-1,19,PM25
02t,2026-08-13,05:00,19,11.4,-1,-1,-1,-1,-1,-1,-1,-1,-1,-1,19,PM25
03t,2026-08-13,05:00,27,15.7,-1,-1,-1,-1,-1,-1,-1,-1,-999,-1,27,PM25
08t,2026-08-13,05:00,32,17.7,-1,-1,-1,-1,-1,-1,-1,-1,-1,-1,32,PM25
100t,2026-08-13,05:00,17,9.9,23,46,6,9,1,0.10,2,4,0,0,23,PM10
101t,2026-08-13,05:00,18,10.9,12,23,-1,-1,22,3.90,1,2,0,1,22,CO
102t,2026-08-13,05:00,32,17.7,16,31,-1,-1,-1,-1,-1,-1,0,1,32,PM25
103t,2026-08-13,05:00,16,9.5,16,32,-1,-1,1,0.20,3,6,0,0,16,PM10
104t,2026-08-13,05:00,22,13.2,-1,-1,9,13,1,0.10,1,3,1,2,22,PM25
105t,2026-08-13,05:00,14,8.5,-999,-1,3,4,1,0.10,3,8,0,0,14,PM25
106t,2026-08-13,05:00,35,18.7,-999,-1,2,3,1,0.20,1,2,0,0,35,PM25
107t,2026-08-13,05:00,20,12.1,-1,-1,18,25,1,0.20,1,2,-1,-1,20,PM25
108t,2026-08-13,05:00,20,11.7,-1,-1,17,24,10,1.80,1,2,1,2,20,PM25
109t,2026-08-13,05:00,22,13.1,-1,-1,15,21,1,0.20,1,3,1,3,22,PM25
110t,2026-08-13,05:00,23,13.7,-999,-1,20,28,-1,-1,1,2,0,0,23,PM25
111t,2026-08-13,05:00,16,9.8,-999,-1,15,21,0,0.00,0,0,0,0,16,PM25
112t,2026-08-13,05:00,16,9.3,-999,-1,14,20,0,0.00,0,0,0,0,16,PM25
113t,2026-08-13,05:00,13,8.0,10,20,29,38,0,0.00,0,0,0,0,29,O3
114t,2026-08-13,05:00,18,10.8,14,27,19,26,2,0.40,2,4,0,1,19,O3
115t,2026-08-13,05:00,15,9.1,11,22,9,12,2,0.30,0,0,0,1,15,PM25
116t,2026-08-13,05:00,14,8.4,11,21,9,13,1,0.10,1,3,0,0,14,PM25
117t,2026-08-13,05:00,23,14.0,-999,-1,5,7,1,0.10,1,3,0,1,23,PM25
118t,2026-08-13,05:00,14,8.6,-1,-1,4,6,2,0.30,2,4,0,0,14,PM25
119t,2026-08-13,05:00,11,6.5,-1,-1,4,5,7,1.30,0,1,1,2,11,PM25
120t,2026-08-13,05:00,15,9.1,-1,-1,8,11,3,0.50,1,2,0,0,15,PM25
121t,2026-08-13,05:00,16,9.6,-1,-1,8,11,1,0.20,2,5,0,1,16,PM25
13t,2026-08-13,05:00,14,8.6,-1,-1,1,2,2,0.30,-1,-1,-1,-1,14,PM25
14t,2026-08-13,05:00,27,15.6,-1,-1,2,3,2,0.40,4,10,0,1,27,PM25
16t,2026-08-13,05:00,18,10.8,10,20,-1,-1,-1,-1,-1,-1,-1,-1,18,PM25
17t,2026-08-13,05:00,21,12.3,-1,-1,-1,-1,-1,-1,-1,-1,-1,-1,21,PM25
18t,2026-08-13,05:00,44,22.4,-1,-1,-1,-1,-1,-1,-1,-1,-1,-1,44,PM25
19t,2026-08-13,05:00,21,12.5,-1,-1,-1,-1,-1,-1,-1,-1,-1,-1,21,PM25
20t,2026-08-13,05:00,35,18.9,14,28,-1,-1,-1,-1,-1,-1,-1,-1,35,PM25
21t,2026-08-13,05:00,16,9.5,-1,-1,-1,-1,-1,-1,-1,-1,-1,-1,16,PM25
22t,2026-08-13,05:00,17,10.1,11,22,-1,-1,-1,-1,-1,-1,-1,-1,17,PM25
24t,2026-08-13,05:00,30,16.8,24,48,-1,-1,-1,-1,-1,-1,-1,-1,30,PM25
25t,2026-08-13,05:00,23,14.0,16,32,-1,-1,-999,-1,-1,-1,-999,-1,23,PM25
26t,2026-08-13,05:00,25,15.0,-1,-1,-1,-1,-1,-1,-1,-1,-1,-1,25,PM25
27t,2026-08-13,05:00,26,15.2,-1,-1,-1,-1,-999,-1,-1,-1,-1,-1,26,PM25
28t,2026-08-13,05:00,30,16.9,-1,-1,-1,-1,-1,-1,-1,-1,-1,-1,30,PM25
29t,2026-08-13,05:00,24,14.2,25,49,-1,-1,-1,-1,-1,-1,-1,-1,25,PM10
30t,2026-08-13,05:00,33,17.8,25,50,9,12,1,0.10,2,5,-1,-1,33,PM25
31t,2026-08-13,05:00,20,12.1,-1,-1,-1,-1,-1,-1,-1,-1,-1,-1,20,PM25
33t,2026-08-13,05:00,21,12.7,-1,-1,-1,-1,-999,-1,-1,-1,-999,-1,21,PM25
34t,2026-08-13,05:00,34,18.4,-1,-1,-1,-1,-1,-1,-1,-1,-999,-1,34,PM25
35t,2026-08-13,05:00,31,17.2,-1,-1,-1,-1,-1,-1,-1,-1,-1,-1,31,PM25
36t,2026-08-13,05:00,14,8.6,-1,-1,-999,-1,-1,-1,-1,-1,-1,-1,14,PM25
37t,2026-08-13,05:00,15,8.9,-1,-1,-1,-1,-1,-1,-1,-1,-1,-1,15,PM25
38t,2026-08-13,05:00,14,8.5,-1,-1,8,11,1,0.20,0,1,0,1,14,PM25
39t,2026-08-13,05:00,14,8.3,-1,-1,-1,-1,-999,-1,-1,-1,-1,-1,14,PM25
40t,2026-08-13,05:00,14,8.6,-1,-1,-1,-1,-999,-1,-1,-1,-1,-1,14,PM25
41t,2026-08-13,05:00,14,8.4,-1,-1,-1,-1,-1,-1,-1,-1,-1,-1,14,PM25
46t,2026-08-13,05:00,44,22.4,-1,-1,-1,-1,-1,-1,-1,-1,-1,-1,44,PM25
47t,2026-08-13,05:00,30,16.8,-1,-1,-1,-1,-1,-1,-1,-1,-1,-1,30,PM25
50t,2026-08-13,05:00,26,15.3,-1,-1,-999,-1,-1,-1,-1,-1,-999,-1,26,PM25
52t,2026-08-13,05:00,26,15.2,-1,-1,-1,-1,-1,-1,-1,-1,-1,-1,26,PM25
53t,2026-08-13,05:00,26,15.1,-1,-1,-999,-1,-1,-1,-1,-1,-999,-1,26,PM25
54t,2026-08-13,05:00,28,15.8,-1,-1,-1,-1,-1,-1,-1,-1,-1,-1,28,PM25
57t,2026-08-13,05:00,14,8.5,14,28,-1,-1,-1,-1,-1,-1,-999,-1,14,PM10
58t,2026-08-13,05:00,15,8.8,9,17,-1,-1,-1,-1,-1,-1,-999,-1,15,PM25
59t,2026-08-13,05:00,18,10.6,11,22,1,1,3,0.60,5,13,-999,-1,18,PM25
60t,2026-08-13,05:00,30,16.9,-1,-1,-1,-1,-999,-1,-1,-1,-1,-1,30,PM25
61t,2026-08-13,05:00,20,11.9,-1,-1,-1,-1,-999,-1,-1,-1,-1,-1,20,PM25
67t,2026-08-13,05:00,37,19.7,-1,-1,-1,-1,-1,-1,-1,-1,-1,-1,37,PM25
68t,2026-08-13,05:00,16,9.5,10,19,-1,-1,-1,-1,-1,-1,-1,-1,16,PM25
69t,2026-08-13,05:00,15,8.8,-1,-1,-1,-1,-1,-1,-1,-1,-1,-1,15,PM25
70t,2026-08-13,05:00,15,8.9,-1,-1,-1,-1,-1,-1,-1,-1,-999,-1,15,PM25
71t,2026-08-13,05:00,13,7.9,9,17,9,12,0,0.00,2,4,3,10,13,PM25
72t,2026-08-13,05:00,17,10.0,11,22,-1,-1,-1,-1,0,0,-1,-1,17,PM25
73t,2026-08-13,05:00,21,12.6,-1,-1,-1,-1,-1,-1,-1,-1,-1,-1,21,PM25
74t,2026-08-13,05:00,30,16.9,-1,-1,-1,-1,-1,-1,-1,-1,-1,-1,30,PM25
75t,2026-08-13,05:00,14,8.2,-1,-1,-1,-1,-1,-1,0,0,2,9,14,PM25
76t,2026-08-13,05:00,15,8.7,-1,-1,-1,-1,-1,-1,-1,-1,-999,-1,15,PM25
77t,2026-08-13,05:00,40,20.8,18,35,-1,-1,-999,-1,-1,-1,-1,-1,40,PM25
78t,2026-08-13,05:00,12,7.0,-1,-1,-999,-1,-999,-1,-999,-1,-999,-1,12,PM25
79t,2026-08-13,05:00,28,15.9,-1,-1,-1,-1,-1,-1,-1,-1,-1,-1,28,PM25
81t,2026-08-13,05:00,18,10.8,-1,-1,-1,-1,-1,-1,-1,-1,-1,-1,18,PM25
82t,2026-08-13,05:00,17,10.2,22,43,-1,-1,1,0.20,-1,-1,-1,-1,22,PM10
83t,2026-08-13,05:00,18,10.9,12,24,-1,-1,-1,-1,-1,-1,-1,-1,18,PM25
84t,2026-08-13,05:00,24,14.4,16,31,-1,-1,-1,-1,-1,-1,-1,-1,24,PM25
85t,2026-08-13,05:00,15,8.7,-1,-1,-1,-1,-1,-1,-1,-1,-1,-1,15,PM25
86t,2026-08-13,05:00,42,21.6,20,40,-1,-1,5,0.90,8,18,-1,-1,42,PM25
87t,2026-08-13,05:00,23,13.5,-1,-1,-1,-1,-1,-1,0,0,-1,-1,23,PM25
88t,2026-08-13,05:00,20,11.7,12,24,-1,-1,-1,-1,2,4,-1,-1,20,PM25
90t,2026-08-13,05:00,21,12.4,11,22,-1,-1,-1,-1,-1,-1,-1,-1,21,PM25
91t,2026-08-13,05:00,20,12.1,-1,-1,-1,-1,-1,-1,-1,-1,-1,-1,20,PM25
93t,2026-08-13,05:00,11,6.8,10,20,-1,-1,1,0.10,2,4,0,0,11,PM25
94t,2026-08-13,05:00,14,8.5,9,18,-1,-1,-1,-1,-1,-1,-1,-1,14,PM25
95t,2026-08-13,05:00,23,13.5,12,24,-1,-1,-1,-1,-1,-1,-1,-1,23,PM25
96t,2026-08-13,05:00,15,9.0,10,20,-1,-1,0,0.00,0,1,0,1,15,PM25
97t,2026-08-13,05:00,21,12.8,10,20,12,17,0,0.00,1,2,1,3,21,PM25
98t,2026-08-13,05:00,16,9.5,10,20,10,14,1,0.20,-1,-1,0,0,16,PM25
99t,2026-08-13,05:00,22,12.9,12,23,9,13,1,0.10,1,3,1,3,22,PM25
bkp100t,2026-08-13,05:00,15,8.7,-999,-1,-999,-1,-999,-1,-999,-1,-999,-1,15,PM25
bkp101t,2026-08-13,05:00,28,15.8,13,25,-999,-1,-999,-1,-999,-1,-999,-1,28,PM25
bkp102t,2026-08-13,05:00,19,11.2,18,36,-999,-1,-999,-1,-999,-1,-999,-1,19,PM25
bkp103t,2026-08-13,05:00,22,13.2,-999,-1,-999,-1,-999,-1,-999,-1,-999,-1,22,PM25
bkp104t,2026-08-13,05:00,21,12.7,14,27,-999,-1,-999,-1,-999,-1,-999,-1,21,PM25
bkp105t,2026-08-13,05:00,30,16.8,-999,-1,-999,-1,-999,-1,-999,-1,-999,-1,30,PM25
bkp114t,2026-08-13,05:00,14,8.2,-999,-1,-999,-1,-999,-1,-999,-1,-999,-1,14,PM25
bkp115t,2026-08-13,05:00,18,10.6,-999,-1,-999,-1,-999,-1,-999,-1,-999,-1,18,PM25
bkp116t,2026-08-13,05:00,16,9.7,-999,-1,-999,-1,-999,-1,-999,-1,-999,-1,16,PM25
bkp117t,2026-08-13,05:00,15,8.8,-999,-1,-999,-1,-999,-1,-999,-1,-999,-1,15,PM25
bkp118t,2026-08-13,05:00,30,16.9,-999,-1,-999,-1,-999,-1,-999,-1,-999,-1,30,PM25
bkp119t,2026-08-13,05:00,18,11.0,-999,-1,-999,-1,-999,-1,-999,-1,-999,-1,18,PM25
bkp120t,2026-08-13,05:00,21,12.5,-999,-1,-999,-1,-999,-1,-999,-1,-999,-1,21,PM25
bkp121t,2026-08-13,05:00,19,11.3,-999,-1,-999,-1,-999,-1,-999,-1,-999,-1,19,PM25
bkp122t,2026-08-13,05:00,14,8.2,-999,-1,-999,-1,-999,-1,-999,-1,-999,-1,14,PM25
bkp123t,2026-08-13,05:00,17,10.4,-999,-1,-999,-1,-999,-1,-999,-1,-999,-1,17,PM25
bkp124t,2026-08-13,05:00,30,16.8,-999,-1,-999,-1,-999,-1,-999,-1,-999,-1,30,PM25
bkp125t,2026-08-13,05:00,30,16.7,-999,-1,-999,-1,-999,-1,-999,-1,-999,-1,30,PM25
bkp126t,2026-08-13,05:00,22,13.3,-999,-1,-999,-1,-999,-1,-999,-1,-999,-1,22,PM25
bkp127t,2026-08-13,05:00,33,18.0,-999,-1,-999,-1,-999,-1,-999,-1,-999,-1,33,PM25
bkp128t,2026-08-13,05:00,16,9.6,-999,-1,-999,-1,-999,-1,-999,-1,-999,-1,16,PM25
bkp129t,2026-08-13,05:00,24,14.1,-999,-1,-999,-1,-999,-1,-999,-1,-999,-1,24,PM25
bkp130t,2026-08-13,05:00,18,10.6,-999,-1,-999,-1,-999,-1,-999,-1,-999,-1,18,PM25
bkp131t,2026-08-13,05:00,19,11.4,-999,-1,-999,-1,-999,-1,-999,-1,-999,-1,19,PM25
bkp133t,2026-08-13,05:00,18,10.8,-999,-1,-999,-1,-999,-1,-999,-1,-999,-1,18,PM25
bkp56t,2026-08-13,05:00,23,14.0,24,48,-999,-1,-999,-1,-999,-1,-999,-1,24,PM10
bkp57t,2026-08-13,05:00,22,13.1,19,38,-999,-1,-999,-1,-999,-1,-999,-1,22,PM25
bkp58t,2026-08-13,05:00,32,17.4,25,50,-999,-1,-999,-1,-999,-1,-999,-1,32,PM25
bkp59t,2026-08-13,05:00,20,12.1,18,36,-999,-1,-999,-1,-999,-1,-999,-1,20,PM25
bkp60t,2026-08-13,05:00,18,11.0,18,35,-999,-1,-999,-1,-999,-1,-999,-1,18,PM25
bkp61t,2026-08-13,05:00,19,11.6,14,28,-999,-1,-999,-1,-999,-1,-999,-1,19,PM25
bkp62t,2026-08-13,05:00,37,19.6,-999,-1,-999,-1,-999,-1,-999,-1,-999,-1,37,PM25
bkp63t,2026-08-13,05:00,24,14.1,-999,-1,-999,-1,-999,-1,-999,-1,-999,-1,24,PM25
bkp64t,2026-08-13,05:00,37,19.7,-999,-1,-999,-1,-999,-1,-999,-1,-999,-1,37,PM25
bkp65t,2026-08-13,05:00,27,15.5,-999,-1,-999,-1,-999,-1,-999,-1,-999,-1,27,PM25
bkp66t,2026-08-13,05:00,34,18.4,-999,-1,-999,-1,-999,-1,-999,-1,-999,-1,34,PM25
bkp67t,2026-08-13,05:00,28,15.8,-999,-1,-999,-1,-999,-1,-999,-1,-999,-1,28,PM25
bkp69t,2026-08-13,05:00,17,10.1,-999,-1,-999,-1,-999,-1,-999,-1,-999,-1,17,PM25
bkp70t,2026-08-13,05:00,22,13.3,18,35,-999,-1,-999,-1,-999,-1,-999,-1,22,PM25
bkp71t,2026-08-13,05:00,17,10.4,16,31,-999,-1,-999,-1,-999,-1,-999,-1,17,PM25
bkp72t,2026-08-13,05:00,42,21.9,23,46,-999,-1,-999,-1,-999,-1,-999,-1,42,PM25
bkp73t,2026-08-13,05:00,21,12.7,-999,-1,-999,-1,-999,-1,-999,-1,-999,-1,21,PM25
bkp74t,2026-08-13,05:00,14,8.5,13,25,-999,-1,-999,-1,-999,-1,-999,-1,14,PM25
bkp75t,2026-08-13,05:00,30,16.7,20,39,-999,-1,-999,-1,-999,-1,-999,-1,30,PM25
bkp76t,2026-08-13,05:00,12,7.1,-999,-1,-999,-1,-999,-1,-999,-1,-999,-1,12,PM25
bkp77t,2026-08-13,05:00,18,10.9,14,28,-999,-1,-999,-1,-999,-1,-999,-1,18,PM25
bkp78t,2026-08-13,05:00,37,19.6,-999,-1,-999,-1,-999,-1,-999,-1,-999,-1,37,PM25
bkp79t,2026-08-13,05:00,32,17.7,16,31,-999,-1,-999,-1,-999,-1,-999,-1,32,PM25
bkp80t,2026-08-13,05:00,36,19.2,33,60,-999,-1,-999,-1,-999,-1,-999,-1,36,PM25
bkp81t,2026-08-13,05:00,42,21.8,35,62,-999,-1,-999,-1,-999,-1,-999,-1,42,PM25
bkp82t,2026-08-13,05:00,19,11.5,-999,-1,-999,-1,-999,-1,-999,-1,-999,-1,19,PM25
bkp83t,2026-08-13,05:00,15,9.0,-999,-1,-999,-1,-999,-1,-999,-1,-999,-1,15,PM25
bkp84t,2026-08-13,05:00,31,17.1,18,35,-999,-1,-999,-1,-999,-1,-999,-1,31,PM25
bkp85t,2026-08-13,05:00,34,18.6,-999,-1,-999,-1,-999,-1,-999,-1,-999,-1,34,PM25
bkp86t,2026-08-13,05:00,25,14.8,12,23,-999,-1,-999,-1,-999,-1,-999,-1,25,PM25
bkp87t,2026-08-13,05:00,29,16.5,16,31,-999,-1,-999,-1,-999,-1,-999,-1,29,PM25
bkp88t,2026-08-13,05:00,27,15.5,-999,-1,-999,-1,-999,-1,-999,-1,-999,-1,27,PM25
bkp89t,2026-08-13,05:00,37,19.8,33,59,-999,-1,-999,-1,-999,-1,-999,-1,37,PM25
bkp90t,2026-08-13,05:00,29,16.2,22,43,-999,-1,-999,-1,-999,-1,-999,-1,29,PM25
bkp91t,2026-08-13,05:00,19,11.1,19,38,-999,-1,-999,-1,-999,-1,-999,-1,19,PM25
bkp92t,2026-08-13,05:00,25,14.7,-999,-1,-999,-1,-999,-1,-999,-1,-999,-1,25,PM25
bkp93t,2026-08-13,05:00,16,9.3,14,28,-999,-1,-999,-1,-999,-1,-999,-1,16,PM25
bkp94t,2026-08-13,05:00,23,13.9,-999,-1,-999,-1,-999,-1,-999,-1,-999,-1,23,PM25
bkp95t,2026-08-13,05:00,27,15.4,-999,-1,-999,-1,-999,-1,-999,-1,-999,-1,27,PM25
bkp96t,2026-08-13,05:00,21,12.8,13,26,-999,-1,-999,-1,-999,-1,-999,-1,21,PM25
bkp97t,2026-08-13,05:00,27,15.6,-999,-1,-999,-1,-999,-1,-999,-1,-999,-1,27,PM25
bkp98t,2026-08-13,05:00,40,20.7,-999,-1,-999,-1,-999,-1,-999,-1,-999,-1,40,PM25
bkp99t,2026-08-13,05:00,22,12.9,11,21,-999,-1,-999,-1,-999,-1,-999,-1,22,PM25
o10,2026-08-13,05:00,19,11.1,-999,-1,-999,-1,-999,-1,-999,-1,-999,-1,19,PM25
o61,2026-08-13,05:00,17,10.4,-999,-1,-999,-1,-999,-1,-999,-1,-999,-1,17,PM25
o63,2026-08-13,05:00,19,11.5,-999,-1,-999,-1,-999,-1,-999,-1,-999,-1,19,PM25
02t,2026-08-13,06:00,19,11.5,-1,-1,-1,-1,-1,-1,-1,-1,-1,-1,19,PM25
05t,2026-08-13,06:00,21,12.3,-1,-1,-1,-1,-1,-1,-1,-1,-1,-1,21,PM25
08t,2026-08-13,06:00,33,18.0,-1,-1,-1,-1,-1,-1,-1,-1,-1,-1,33,PM25
100t,2026-08-13,06:00,17,10.0,23,46,6,9,1,0.10,3,7,0,0,23,PM10
101t,2026-08-13,06:00,18,10.8,12,23,-1,-1,22,3.90,1,2,0,1,22,CO
102t,2026-08-13,06:00,33,17.9,16,31,-1,-1,-1,-1,-1,-1,0,1,33,PM25
103t,2026-08-13,06:00,16,9.5,16,32,-1,-1,1,0.10,3,7,0,0,16,PM10
104t,2026-08-13,06:00,22,13.1,-1,-1,9,13,1,0.10,1,3,1,2,22,PM25
105t,2026-08-13,06:00,14,8.5,-999,-1,2,3,1,0.20,5,11,0,0,14,PM25
106t,2026-08-13,06:00,34,18.6,-999,-1,1,2,1,0.20,0,1,0,0,34,PM25
107t,2026-08-13,06:00,20,12.2,-1,-1,18,25,1,0.20,1,3,-1,-1,20,PM25
108t,2026-08-13,06:00,19,11.5,-1,-1,16,22,10,1.80,0,1,1,2,19,PM25
109t,2026-08-13,06:00,22,13.3,-1,-1,15,21,1,0.20,1,2,1,3,22,PM25
110t,2026-08-13,06:00,23,13.8,-999,-1,19,27,-1,-1,1,2,0,0,23,PM25
111t,2026-08-13,06:00,16,9.8,-999,-1,13,18,0,0.00,0,0,0,0,16,PM25
112t,2026-08-13,06:00,16,9.3,-999,-1,15,21,0,0.00,0,0,0,0,16,PM25
113t,2026-08-13,06:00,14,8.1,10,20,28,37,0,0.00,0,0,0,0,28,O3
114t,2026-08-13,06:00,18,10.7,14,27,18,25,2,0.40,2,5,0,1,18,PM25
115t,2026-08-13,06:00,15,9.0,11,22,8,11,2,0.30,0,1,0,1,15,PM25
116t,2026-08-13,06:00,14,8.4,11,21,9,12,1,0.10,2,5,0,0,14,PM25
117t,2026-08-13,06:00,23,13.8,-999,-1,5,7,1,0.10,1,3,0,1,23,PM25
118t,2026-08-13,06:00,14,8.5,-1,-1,4,5,2,0.30,2,4,0,0,14,PM25
119t,2026-08-13,06:00,12,7.1,-1,-1,3,4,7,1.30,0,1,1,2,12,PM25
120t,2026-08-13,06:00,13,7.5,-1,-1,7,10,3,0.50,2,4,0,0,13,PM25
121t,2026-08-13,06:00,13,7.7,-1,-1,7,10,1,0.20,2,4,0,0,13,PM25
12t,2026-08-13,06:00,20,12.1,-1,-1,-1,-1,-1,-1,-1,-1,-1,-1,20,PM25
13t,2026-08-13,06:00,14,8.3,-1,-1,1,2,2,0.30,-1,-1,-1,-1,14,PM25
14t,2026-08-13,06:00,27,15.4,-1,-1,2,3,2,0.30,5,11,0,1,27,PM25
16t,2026-08-13,06:00,18,10.9,10,20,-1,-1,-1,-1,-1,-1,-1,-1,18,PM25
17t,2026-08-13,06:00,21,12.6,-1,-1,-1,-1,-1,-1,-1,-1,-1,-1,21,PM25
18t,2026-08-13,06:00,44,22.6,-1,-1,-1,-1,-1,-1,-1,-1,-1,-1,44,PM25
19t,2026-08-13,06:00,21,12.5,-1,-1,-1,-1,-1,-1,-1,-1,-1,-1,21,PM25
20t,2026-08-13,06:00,35,18.7,14,28,-1,-1,-1,-1,-1,-1,-1,-1,35,PM25
21t,2026-08-13,06:00,16,9.5,-1,-1,-1,-1,-1,-1,-1,-1,-1,-1,16,PM25
22t,2026-08-13,06:00,16,9.5,11,22,-1,-1,-1,-1,-1,-1,-1,-1,16,PM25
24t,2026-08-13,06:00,30,16.8,25,49,-1,-1,-1,-1,-1,-1,-1,-1,30,PM25
25t,2026-08-13,06:00,23,13.9,16,32,-1,-1,-999,-1,-1,-1,-999,-1,23,PM25
26t,2026-08-13,06:00,26,15.1,-1,-1,-1,-1,-1,-1,-1,-1,-1,-1,26,PM25
27t,2026-08-13,06:00,28,16.0,-1,-1,-1,-1,-999,-1,-1,-1,-1,-1,28,PM25
28t,2026-08-13,06:00,31,17.0,-1,-1,-1,-1,-1,-1,-1,-1,-1,-1,31,PM25
29t,2026-08-13,06:00,24,14.4,25,49,-1,-1,-1,-1,-1,-1,-1,-1,25,PM10
30t,2026-08-13,06:00,33,18.0,25,50,9,12,1,0.10,0,1,0,0,33,PM25
31t,2026-08-13,06:00,21,12.5,-1,-1,-1,-1,-1,-1,-1,-1,-1,-1,21,PM25
33t,2026-08-13,06:00,21,12.8,-1,-1,-1,-1,-999,-1,-1,-1,-999,-1,21,PM25
34t,2026-08-13,06:00,34,18.4,-1,-1,-1,-1,-1,-1,-1,-1,-999,-1,34,PM25
35t,2026-08-13,06:00,31,17.0,-1,-1,-1,-1,-1,-1,-1,-1,-1,-1,31,PM25
36t,2026-08-13,06:00,15,8.7,-1,-1,-999,-1,-1,-1,-1,-1,-1,-1,15,PM25
37t,2026-08-13,06:00,15,9.0,-1,-1,-1,-1,-1,-1,-1,-1,-1,-1,15,PM25
38t,2026-08-13,06:00,14,8.5,-1,-1,6,9,2,0.30,0,1,0,1,14,PM25
39t,2026-08-13,06:00,14,8.4,-1,-1,-1,-1,-999,-1,-1,-1,-1,-1,14,PM25
40t,2026-08-13,06:00,15,8.7,-1,-1,-1,-1,-999,-1,-1,-1,-1,-1,15,PM25
41t,2026-08-13,06:00,14,8.4,-1,-1,-1,-1,-1,-1,-1,-1,-1,-1,14,PM25
42t,2026-08-13,06:00,13,7.8,-1,-1,-1,-1,-1,-1,-1,-1,-1,-1,13,PM25
43t,2026-08-13,06:00,14,8.4,-1,-1,-1,-1,-1,-1,1,3,0,1,14,PM25
44t,2026-08-13,06:00,14,8.6,-1,-1,-1,-1,-1,-1,-1,-1,-1,-1,14,PM25
46t,2026-08-13,06:00,44,22.6,-1,-1,-1,-1,-1,-1,-1,-1,-1,-1,44,PM25
47t,2026-08-13,06:00,31,17.0,-1,-1,-1,-1,-1,-1,-1,-1,-1,-1,31,PM25
50t,2026-08-13,06:00,27,15.4,-1,-1,-999,-1,-1,-1,-1,-1,-999,-1,27,PM25
52t,2026-08-13,06:00,26,15.3,-1,-1,-1,-1,-1,-1,-1,-1,-1,-1,26,PM25
53t,2026-08-13,06:00,26,15.2,-1,-1,-999,-1,-1,-1,-1,-1,-999,-1,26,PM25
57t,2026-08-13,06:00,14,8.5,14,28,-1,-1,-1,-1,-1,-1,-999,-1,14,PM10
58t,2026-08-13,06:00,15,8.8,9,17,-1,-1,-1,-1,-1,-1,-999,-1,15,PM25
59t,2026-08-13,06:00,18,10.8,11,22,1,1,3,0.60,5,13,-999,-1,18,PM25
60t,2026-08-13,06:00,30,16.9,-1,-1,-1,-1,-999,-1,-1,-1,-1,-1,30,PM25
61t,2026-08-13,06:00,19,11.6,-1,-1,-1,-1,-999,-1,-1,-1,-1,-1,19,PM25
67t,2026-08-13,06:00,37,19.7,-1,-1,-1,-1,-1,-1,-1,-1,-1,-1,37,PM25
68t,2026-08-13,06:00,16,9.6,10,20,-1,-1,-1,-1,-1,-1,-1,-1,16,PM25
69t,2026-08-13,06:00,15,8.9,-1,-1,-1,-1,-1,-1,-1,-1,-1,-1,15,PM25
70t,2026-08-13,06:00,15,9.0,-1,-1,-1,-1,-1,-1,-1,-1,-999,-1,15,PM25
71t,2026-08-13,06:00,14,8.1,9,18,9,12,0,0.00,2,5,3,10,14,PM25
72t,2026-08-13,06:00,17,10.1,11,22,-1,-1,-1,-1,0,0,-1,-1,17,PM25
73t,2026-08-13,06:00,21,12.6,-1,-1,-1,-1,-1,-1,-1,-1,-1,-1,21,PM25
74t,2026-08-13,06:00,28,16.0,-1,-1,-1,-1,-1,-1,-1,-1,-1,-1,28,PM25
75t,2026-08-13,06:00,14,8.4,-1,-1,-1,-1,-1,-1,0,0,2,9,14,PM25
76t,2026-08-13,06:00,15,8.7,-1,-1,-1,-1,-1,-1,-1,-1,-999,-1,15,PM25
77t,2026-08-13,06:00,37,19.7,18,35,-1,-1,-999,-1,-1,-1,-1,-1,37,PM25
78t,2026-08-13,06:00,12,7.1,-1,-1,-999,-1,-999,-1,-999,-1,-999,-1,12,PM25
79t,2026-08-13,06:00,27,15.7,-1,-1,-1,-1,-1,-1,-1,-1,-1,-1,27,PM25
80t,2026-08-13,06:00,13,7.7,-1,-1,-1,-1,-1,-1,-1,-1,-1,-1,13,PM25
81t,2026-08-13,06:00,17,10.1,-1,-1,-1,-1,-1,-1,-1,-1,-1,-1,17,PM25
82t,2026-08-13,06:00,17,10.3,22,43,-1,-1,1,0.20,0,1,-1,-1,22,PM10
83t,2026-08-13,06:00,18,11.0,12,24,-1,-1,-1,-1,-1,-1,-1,-1,18,PM25
84t,2026-08-13,06:00,24,14.5,16,31,-1,-1,-1,-1,-1,-1,-1,-1,24,PM25
85t,2026-08-13,06:00,15,9.0,-1,-1,-1,-1,-1,-1,-1,-1,-1,-1,15,PM25
86t,2026-08-13,06:00,41,21.1,20,40,-1,-1,5,0.90,8,19,-1,-1,41,PM25
87t,2026-08-13,06:00,22,13.3,-1,-1,-1,-1,-1,-1,0,0,-1,-1,22,PM25
88t,2026-08-13,06:00,20,12.1,13,25,-1,-1,-1,-1,1,3,-1,-1,20,PM25
90t,2026-08-13,06:00,21,12.7,11,22,-1,-1,-1,-1,-1,-1,-1,-1,21,PM25
91t,2026-08-13,06:00,21,12.6,-1,-1,-1,-1,-1,-1,-1,-1,-1,-1,21,PM25
93t,2026-08-13,06:00,12,7.2,8,15,-1,-1,1,0.10,2,4,0,0,12,PM25
94t,2026-08-13,06:00,14,8.5,9,18,-1,-1,-1,-1,-1,-1,-1,-1,14,PM25
95t,2026-08-13,06:00,22,13.2,12,23,-1,-1,-1,-1,-1,-1,-1,-1,22,PM25
96t,2026-08-13,06:00,15,8.9,10,20,-1,-1,0,0.00,0,1,0,1,15,PM25
97t,2026-08-13,06:00,22,13.1,10,20,11,16,0,0.00,1,3,1,3,22,PM25
98t,2026-08-13,06:00,16,9.5,10,19,9,12,1,0.20,-1,-1,0,1,16,PM25
99t,2026-08-13,06:00,21,12.7,12,23,9,12,1,0.10,2,5,1,4,21,PM25
bkp100t,2026-08-13,06:00,15,9.0,-999,-1,-999,-1,-999,-1,-999,-1,-999,-1,15,PM25
bkp101t,2026-08-13,06:00,27,15.4,13,25,-999,-1,-999,-1,-999,-1,-999,-1,27,PM25
bkp102t,2026-08-13,06:00,20,11.7,19,37,-999,-1,-999,-1,-999,-1,-999,-1,20,PM25
bkp103t,2026-08-13,06:00,22,13.0,-999,-1,-999,-1,-999,-1,-999,-1,-999,-1,22,PM25
bkp104t,2026-08-13,06:00,21,12.8,14,27,-999,-1,-999,-1,-999,-1,-999,-1,21,PM25
bkp105t,2026-08-13,06:00,31,17.0,-999,-1,-999,-1,-999,-1,-999,-1,-999,-1,31,PM25
bkp114t,2026-08-13,06:00,14,8.5,-999,-1,-999,-1,-999,-1,-999,-1,-999,-1,14,PM25
bkp115t,2026-08-13,06:00,18,10.5,-999,-1,-999,-1,-999,-1,-999,-1,-999,-1,18,PM25
bkp116t,2026-08-13,06:00,16,9.6,-999,-1,-999,-1,-999,-1,-999,-1,-999,-1,16,PM25
bkp117t,2026-08-13,06:00,15,9.0,-999,-1,-999,-1,-999,-1,-999,-1,-999,-1,15,PM25
bkp118t,2026-08-13,06:00,30,16.9,-999,-1,-999,-1,-999,-1,-999,-1,-999,-1,30,PM25
bkp119t,2026-08-13,06:00,18,11.0,-999,-1,-999,-1,-999,-1,-999,-1,-999,-1,18,PM25
bkp120t,2026-08-13,06:00,20,12.1,-999,-1,-999,-1,-999,-1,-999,-1,-999,-1,20,PM25
bkp121t,2026-08-13,06:00,20,11.8,-999,-1,-999,-1,-999,-1,-999,-1,-999,-1,20,PM25
bkp122t,2026-08-13,06:00,14,8.4,-999,-1,-999,-1,-999,-1,-999,-1,-999,-1,14,PM25
bkp123t,2026-08-13,06:00,17,10.0,-999,-1,-999,-1,-999,-1,-999,-1,-999,-1,17,PM25
bkp124t,2026-08-13,06:00,30,16.8,-999,-1,-999,-1,-999,-1,-999,-1,-999,-1,30,PM25
bkp125t,2026-08-13,06:00,31,17.1,-999,-1,-999,-1,-999,-1,-999,-1,-999,-1,31,PM25
bkp126t,2026-08-13,06:00,21,12.7,-999,-1,-999,-1,-999,-1,-999,-1,-999,-1,21,PM25
bkp127t,2026-08-13,06:00,32,17.4,-999,-1,-999,-1,-999,-1,-999,-1,-999,-1,32,PM25
bkp128t,2026-08-13,06:00,16,9.6,-999,-1,-999,-1,-999,-1,-999,-1,-999,-1,16,PM25
bkp129t,2026-08-13,06:00,23,13.5,-999,-1,-999,-1,-999,-1,-999,-1,-999,-1,23,PM25
bkp130t,2026-08-13,06:00,17,10.2,-999,-1,-999,-1,-999,-1,-999,-1,-999,-1,17,PM25
bkp131t,2026-08-13,06:00,19,11.6,-999,-1,-999,-1,-999,-1,-999,-1,-999,-1,19,PM25
bkp133t,2026-08-13,06:00,18,10.8,-999,-1,-999,-1,-999,-1,-999,-1,-999,-1,18,PM25
bkp56t,2026-08-13,06:00,23,13.9,24,48,-999,-1,-999,-1,-999,-1,-999,-1,24,PM10
bkp57t,2026-08-13,06:00,22,13.4,20,39,-999,-1,-999,-1,-999,-1,-999,-1,22,PM25
bkp58t,2026-08-13,06:00,32,17.6,26,51,-999,-1,-999,-1,-999,-1,-999,-1,32,PM25
bkp59t,2026-08-13,06:00,21,12.4,18,36,-999,-1,-999,-1,-999,-1,-999,-1,21,PM25
bkp60t,2026-08-13,06:00,18,11.0,18,35,-999,-1,-999,-1,-999,-1,-999,-1,18,PM25
bkp61t,2026-08-13,06:00,19,11.5,14,28,-999,-1,-999,-1,-999,-1,-999,-1,19,PM25
bkp62t,2026-08-13,06:00,36,19.4,-999,-1,-999,-1,-999,-1,-999,-1,-999,-1,36,PM25
bkp63t,2026-08-13,06:00,24,14.1,-999,-1,-999,-1,-999,-1,-999,-1,-999,-1,24,PM25
bkp64t,2026-08-13,06:00,37,19.8,-999,-1,-999,-1,-999,-1,-999,-1,-999,-1,37,PM25
bkp65t,2026-08-13,06:00,27,15.5,-999,-1,-999,-1,-999,-1,-999,-1,-999,-1,27,PM25
bkp66t,2026-08-13,06:00,34,18.5,-999,-1,-999,-1,-999,-1,-999,-1,-999,-1,34,PM25
bkp67t,2026-08-13,06:00,29,16.2,-999,-1,-999,-1,-999,-1,-999,-1,-999,-1,29,PM25
bkp69t,2026-08-13,06:00,16,9.8,-999,-1,-999,-1,-999,-1,-999,-1,-999,-1,16,PM25
bkp70t,2026-08-13,06:00,23,13.5,18,36,-999,-1,-999,-1,-999,-1,-999,-1,23,PM25
bkp71t,2026-08-13,06:00,17,10.4,16,32,-999,-1,-999,-1,-999,-1,-999,-1,17,PM25
bkp72t,2026-08-13,06:00,44,22.7,23,46,-999,-1,-999,-1,-999,-1,-999,-1,44,PM25
bkp73t,2026-08-13,06:00,21,12.7,-999,-1,-999,-1,-999,-1,-999,-1,-999,-1,21,PM25
bkp74t,2026-08-13,06:00,14,8.5,12,24,-999,-1,-999,-1,-999,-1,-999,-1,14,PM25
bkp75t,2026-08-13,06:00,30,16.9,20,39,-999,-1,-999,-1,-999,-1,-999,-1,30,PM25
bkp76t,2026-08-13,06:00,13,7.5,-999,-1,-999,-1,-999,-1,-999,-1,-999,-1,13,PM25
bkp77t,2026-08-13,06:00,18,10.8,14,28,-999,-1,-999,-1,-999,-1,-999,-1,18,PM25
bkp78t,2026-08-13,06:00,38,19.9,-999,-1,-999,-1,-999,-1,-999,-1,-999,-1,38,PM25
bkp79t,2026-08-13,06:00,31,17.0,16,32,-999,-1,-999,-1,-999,-1,-999,-1,31,PM25
bkp80t,2026-08-13,06:00,37,19.7,34,61,-999,-1,-999,-1,-999,-1,-999,-1,37,PM25
bkp81t,2026-08-13,06:00,42,21.8,34,61,-999,-1,-999,-1,-999,-1,-999,-1,42,PM25
bkp82t,2026-08-13,06:00,20,11.9,-999,-1,-999,-1,-999,-1,-999,-1,-999,-1,20,PM25
bkp83t,2026-08-13,06:00,15,9.1,-999,-1,-999,-1,-999,-1,-999,-1,-999,-1,15,PM25
bkp84t,2026-08-13,06:00,32,17.4,18,36,-999,-1,-999,-1,-999,-1,-999,-1,32,PM25
bkp85t,2026-08-13,06:00,34,18.3,-999,-1,-999,-1,-999,-1,-999,-1,-999,-1,34,PM25
bkp86t,2026-08-13,06:00,25,14.9,12,23,-999,-1,-999,-1,-999,-1,-999,-1,25,PM25
bkp87t,2026-08-13,06:00,29,16.4,15,30,-999,-1,-999,-1,-999,-1,-999,-1,29,PM25
bkp88t,2026-08-13,06:00,27,15.6,-999,-1,-999,-1,-999,-1,-999,-1,-999,-1,27,PM25
bkp89t,2026-08-13,06:00,36,19.3,31,57,-999,-1,-999,-1,-999,-1,-999,-1,36,PM25
bkp90t,2026-08-13,06:00,30,16.9,22,44,-999,-1,-999,-1,-999,-1,-999,-1,30,PM25
bkp91t,2026-08-13,06:00,20,11.7,20,39,-999,-1,-999,-1,-999,-1,-999,-1,20,PM25
bkp92t,2026-08-13,06:00,24,14.5,-999,-1,-999,-1,-999,-1,-999,-1,-999,-1,24,PM25
bkp93t,2026-08-13,06:00,16,9.4,14,28,-999,-1,-999,-1,-999,-1,-999,-1,16,PM25
bkp94t,2026-08-13,06:00,24,14.2,-999,-1,-999,-1,-999,-1,-999,-1,-999,-1,24,PM25
bkp95t,2026-08-13,06:00,27,15.4,-999,-1,-999,-1,-999,-1,-999,-1,-999,-1,27,PM25
bkp96t,2026-08-13,06:00,21,12.6,13,26,-999,-1,-999,-1,-999,-1,-999,-1,21,PM25
bkp97t,2026-08-13,06:00,26,15.2,-999,-1,-999,-1,-999,-1,-999,-1,-999,-1,26,PM25
bkp98t,2026-08-13,06:00,39,20.5,-999,-1,-999,-1,-999,-1,-999,-1,-999,-1,39,PM25
bkp99t,2026-08-13,06:00,22,13.4,11,21,-999,-1,-999,-1,-999,-1,-999,-1,22,PM25
o10,2026-08-13,06:00,20,11.7,-999,-1,-999,-1,-999,-1,-999,-1,-999,-1,20,PM25
o61,2026-08-13,06:00,17,10.4,-999,-1,-999,-1,-999,-1,-999,-1,-999,-1,17,PM25
o63,2026-08-13,06:00,19,11.6,-999,-1,-999,-1,-999,-1,-999,-1,-999,-1,19,PM25
02t,2026-08-13,08:00,20,11.9,-1,-1,-1,-1,-1,-1,-1,-1,-1,-1,20,PM25
03t,2026-08-13,08:00,29,16.3,-1,-1,-1,-1,-1,-1,-1,-1,-999,-1,29,PM25
05t,2026-08-13,08:00,21,12.7,-1,-1,-1,-1,-1,-1,-1,-1,-1,-1,21,PM25
08t,2026-08-13,08:00,36,19.1,-1,-1,-1,-1,-1,-1,-1,-1,-1,-1,36,PM25
100t,2026-08-13,08:00,18,10.5,23,46,5,7,1,0.10,6,14,0,0,23,PM10
101t,2026-08-13,08:00,18,10.7,12,23,-1,-1,23,4.00,1,2,0,1,23,CO
102t,2026-08-13,08:00,33,17.9,16,32,-1,-1,-1,-1,-1,-1,0,1,33,PM25
103t,2026-08-13,08:00,16,9.5,17,33,-1,-1,1,0.10,4,10,0,0,17,PM10
104t,2026-08-13,08:00,22,13.4,-1,-1,9,12,1,0.10,-1,-1,-1,-1,22,PM25
105t,2026-08-13,08:00,14,8.5,-999,-1,2,3,2,0.30,4,10,-1,-1,14,PM25
106t,2026-08-13,08:00,34,18.4,-999,-1,1,1,1,0.20,1,2,0,1,34,PM25
107t,2026-08-13,08:00,21,12.4,-1,-1,16,23,1,0.20,1,3,-1,-1,21,PM25
108t,2026-08-13,08:00,19,11.5,-1,-1,14,19,10,1.80,0,1,1,2,19,PM25
109t,2026-08-13,08:00,23,13.5,-1,-1,14,20,1,0.10,1,2,1,3,23,PM25
110t,2026-08-13,08:00,24,14.2,-999,-1,19,26,-1,-1,2,4,0,0,24,PM25
111t,2026-08-13,08:00,16,9.6,-999,-1,11,16,0,0.00,0,0,0,0,16,PM25
112t,2026-08-13,08:00,15,9.2,-999,-1,14,19,0,0.00,0,0,0,0,15,PM25
113t,2026-08-13,08:00,14,8.1,10,20,25,35,0,0.00,0,0,0,0,25,O3
114t,2026-08-13,08:00,18,10.6,14,27,16,23,2,0.40,2,4,0,1,18,PM25
115t,2026-08-13,08:00,15,9.2,11,22,8,11,2,0.30,1,2,0,1,15,PM25
116t,2026-08-13,08:00,14,8.3,11,21,9,12,1,0.10,2,4,0,1,14,PM25
117t,2026-08-13,08:00,23,13.8,-999,-1,4,6,1,0.10,1,3,0,1,23,PM25
118t,2026-08-13,08:00,14,8.2,-1,-1,4,5,2,0.40,4,9,0,0,14,PM25
119t,2026-08-13,08:00,12,6.9,-1,-1,3,4,7,1.30,1,2,1,2,12,PM25
120t,2026-08-13,08:00,12,7.3,-1,-1,5,7,3,0.50,3,6,0,1,12,PM25
121t,2026-08-13,08:00,13,7.5,-1,-1,6,9,1,0.20,2,5,0,1,13,PM25
12t,2026-08-13,08:00,21,12.5,-1,-1,-1,-1,-1,-1,-1,-1,-1,-1,21,PM25
13t,2026-08-13,08:00,13,7.5,-1,-1,2,3,2,0.30,-1,-1,-1,-1,13,PM25
14t,2026-08-13,08:00,27,15.7,-1,-1,2,3,2,0.40,7,17,1,2,27,PM25
16t,2026-08-13,08:00,19,11.2,11,21,-1,-1,-1,-1,-1,-1,-1,-1,19,PM25
17t,2026-08-13,08:00,22,13.3,-1,-1,-1,-1,-1,-1,-1,-1,-1,-1,22,PM25
18t,2026-08-13,08:00,44,22.5,-1,-1,-1,-1,-1,-1,-1,-1,-1,-1,44,PM25
19t,2026-08-13,08:00,20,12.1,-1,-1,-1,-1,-1,-1,-1,-1,-1,-1,20,PM25
20t,2026-08-13,08:00,34,18.3,14,27,-1,-1,-1,-1,-1,-1,-1,-1,34,PM25
21t,2026-08-13,08:00,17,10.2,-1,-1,-1,-1,-1,-1,-1,-1,-1,-1,17,PM25
22t,2026-08-13,08:00,15,9.2,11,21,-1,-1,-1,-1,-1,-1,-1,-1,15,PM25
24t,2026-08-13,08:00,28,15.8,24,47,-1,-1,-1,-1,-1,-1,-1,-1,28,PM25
25t,2026-08-13,08:00,23,13.9,16,32,-1,-1,-999,-1,-1,-1,-999,-1,23,PM25
26t,2026-08-13,08:00,26,15.2,-1,-1,-1,-1,-1,-1,-1,-1,-1,-1,26,PM25
27t,2026-08-13,08:00,31,17.0,-1,-1,-1,-1,-999,-1,-1,-1,-1,-1,31,PM25
28t,2026-08-13,08:00,31,17.1,-1,-1,-1,-1,-1,-1,-1,-1,-1,-1,31,PM25
29t,2026-08-13,08:00,24,14.6,25,49,-1,-1,-1,-1,-1,-1,-1,-1,25,PM10
30t,2026-08-13,08:00,34,18.2,25,50,9,13,1,0.10,0,0,0,0,34,PM25
31t,2026-08-13,08:00,23,13.8,-1,-1,-1,-1,-1,-1,-1,-1,-1,-1,23,PM25
33t,2026-08-13,08:00,22,12.9,-1,-1,-1,-1,-999,-1,-1,-1,-999,-1,22,PM25
34t,2026-08-13,08:00,34,18.4,-1,-1,-1,-1,-1,-1,-1,-1,-999,-1,34,PM25
35t,2026-08-13,08:00,30,16.9,-1,-1,-1,-1,-1,-1,-1,-1,-1,-1,30,PM25
36t,2026-08-13,08:00,15,8.8,-1,-1,-999,-1,-1,-1,-1,-1,-1,-1,15,PM25
37t,2026-08-13,08:00,15,9.1,-1,-1,-1,-1,-1,-1,-1,-1,-1,-1,15,PM25
38t,2026-08-13,08:00,15,8.7,-1,-1,6,8,2,0.30,1,2,0,1,15,PM25
39t,2026-08-13,08:00,14,8.6,-1,-1,-1,-1,-999,-1,-1,-1,-1,-1,14,PM25
40t,2026-08-13,08:00,15,8.8,-1,-1,-1,-1,-999,-1,-1,-1,-1,-1,15,PM25
41t,2026-08-13,08:00,14,8.3,-1,-1,-1,-1,-1,-1,-1,-1,-1,-1,14,PM25
42t,2026-08-13,08:00,13,7.6,-1,-1,-1,-1,-1,-1,-1,-1,-1,-1,13,PM25
43t,2026-08-13,08:00,14,8.2,-1,-1,-1,-1,-1,-1,5,12,0,0,14,PM25
44t,2026-08-13,08:00,14,8.4,-1,-1,-1,-1,-1,-1,-1,-1,-1,-1,14,PM25
46t,2026-08-13,08:00,45,23.1,-1,-1,-1,-1,-1,-1,-1,-1,-1,-1,45,PM25
47t,2026-08-13,08:00,30,16.9,-1,-1,-1,-1,-1,-1,-1,-1,-1,-1,30,PM25
50t,2026-08-13,08:00,28,15.9,-1,-1,-999,-1,-1,-1,-1,-1,-999,-1,28,PM25
52t,2026-08-13,08:00,27,15.7,-1,-1,-1,-1,-1,-1,-1,-1,-1,-1,27,PM25
53t,2026-08-13,08:00,27,15.7,-1,-1,-999,-1,-1,-1,-1,-1,-999,-1,27,PM25
54t,2026-08-13,08:00,29,16.4,-1,-1,-1,-1,-1,-1,-1,-1,-1,-1,29,PM25
57t,2026-08-13,08:00,15,8.7,14,28,-1,-1,-1,-1,-1,-1,-999,-1,15,PM25
58t,2026-08-13,08:00,15,8.9,9,17,-1,-1,-1,-1,-1,-1,-999,-1,15,PM25
59t,2026-08-13,08:00,18,11.0,11,22,0,0,4,0.70,7,16,-999,-1,18,PM25
60t,2026-08-13,08:00,31,17.1,-1,-1,-1,-1,-999,-1,-1,-1,-1,-1,31,PM25
61t,2026-08-13,08:00,20,11.7,-1,-1,-1,-1,-999,-1,-1,-1,-1,-1,20,PM25
62t,2026-08-13,08:00,12,7.3,-1,-1,-1,-1,-1,-1,-1,-1,-999,-1,12,PM25
63t,2026-08-13,08:00,12,7.1,-1,-1,-1,-1,-1,-1,-1,-1,-999,-1,12,PM25
67t,2026-08-13,08:00,36,19.4,-1,-1,-1,-1,-1,-1,-1,-1,-1,-1,36,PM25
68t,2026-08-13,08:00,16,9.7,10,20,-1,-1,-1,-1,-1,-1,-1,-1,16,PM25
69t,2026-08-13,08:00,15,9.0,-1,-1,-1,-1,-1,-1,-1,-1,-1,-1,15,PM25
70t,2026-08-13,08:00,15,9.1,-1,-1,-1,-1,-1,-1,-1,-1,-999,-1,15,PM25
71t,2026-08-13,08:00,14,8.3,9,18,9,12,0,0.00,3,6,3,10,14,PM25
72t,2026-08-13,08:00,17,10.4,11,22,-1,-1,-1,-1,0,0,-1,-1,17,PM25
73t,2026-08-13,08:00,21,12.8,-1,-1,-1,-1,-1,-1,-1,-1,-1,-1,21,PM25
74t,2026-08-13,08:00,28,15.8,-1,-1,-1,-1,-1,-1,-1,-1,-1,-1,28,PM25
75t,2026-08-13,08:00,14,8.5,-1,-1,-1,-1,-1,-1,0,0,2,9,14,PM25
76t,2026-08-13,08:00,14,8.6,-1,-1,-1,-1,-1,-1,-1,-1,-999,-1,14,PM25
77t,2026-08-13,08:00,34,18.4,17,34,-1,-1,-999,-1,-1,-1,-1,-1,34,PM25
78t,2026-08-13,08:00,12,6.9,-1,-1,-999,-1,-999,-1,-999,-1,-999,-1,12,PM25
79t,2026-08-13,08:00,27,15.4,-1,-1,-1,-1,-1,-1,-1,-1,-1,-1,27,PM25
80t,2026-08-13,08:00,13,7.5,-1,-1,-1,-1,-1,-1,-1,-1,-1,-1,13,PM25
81t,2026-08-13,08:00,15,9.0,-1,-1,-1,-1,-1,-1,-1,-1,-1,-1,15,PM25
82t,2026-08-13,08:00,17,10.4,22,43,-1,-1,1,0.20,1,2,-1,-1,22,PM10
83t,2026-08-13,08:00,18,11.0,12,24,-1,-1,-1,-1,-1,-1,-1,-1,18,PM25
84t,2026-08-13,08:00,25,14.7,16,31,-1,-1,-1,-1,-1,-1,-1,-1,25,PM25
85t,2026-08-13,08:00,16,9.6,-1,-1,-1,-1,-1,-1,-1,-1,-1,-1,16,PM25
86t,2026-08-13,08:00,39,20.3,19,38,-1,-1,5,0.90,12,28,-1,-1,39,PM25
87t,2026-08-13,08:00,22,13.4,-1,-1,-1,-1,-1,-1,0,0,-1,-1,22,PM25
88t,2026-08-13,08:00,22,12.9,13,26,-1,-1,-1,-1,1,3,-1,-1,22,PM25
89t,2026-08-13,08:00,13,7.5,9,17,-1,-1,-1,-1,5,13,-1,-1,13,PM25
90t,2026-08-13,08:00,23,13.9,12,23,-1,-1,-1,-1,-1,-1,-1,-1,23,PM25
91t,2026-08-13,08:00,23,13.5,-1,-1,-1,-1,-1,-1,-1,-1,-1,-1,23,PM25
93t,2026-08-13,08:00,12,7.0,8,15,-1,-1,1,0.10,3,6,0,0,12,PM25
94t,2026-08-13,08:00,14,8.3,9,17,-1,-1,-1,-1,-1,-1,-1,-1,14,PM25
95t,2026-08-13,08:00,22,12.9,11,22,-1,-1,-1,-1,-1,-1,-1,-1,22,PM25
96t,2026-08-13,08:00,14,8.3,10,19,-1,-1,0,0.00,3,6,0,1,14,PM25
97t,2026-08-13,08:00,22,13.4,10,20,10,14,0,0.00,2,5,1,3,22,PM25
98t,2026-08-13,08:00,16,9.3,10,19,6,9,2,0.30,-1,-1,0,1,16,PM25
99t,2026-08-13,08:00,20,11.8,12,23,9,12,1,0.20,2,4,1,4,20,PM25
bkp100t,2026-08-13,08:00,15,9.2,-999,-1,-999,-1,-999,-1,-999,-1,-999,-1,15,PM25
bkp101t,2026-08-13,08:00,26,15.1,12,24,-999,-1,-999,-1,-999,-1,-999,-1,26,PM25
bkp102t,2026-08-13,08:00,20,12.2,20,39,-999,-1,-999,-1,-999,-1,-999,-1,20,PM25
bkp103t,2026-08-13,08:00,21,12.4,-999,-1,-999,-1,-999,-1,-999,-1,-999,-1,21,PM25
bkp104t,2026-08-13,08:00,21,12.8,14,27,-999,-1,-999,-1,-999,-1,-999,-1,21,PM25
bkp105t,2026-08-13,08:00,34,18.6,-999,-1,-999,-1,-999,-1,-999,-1,-999,-1,34,PM25
bkp114t,2026-08-13,08:00,15,8.9,-999,-1,-999,-1,-999,-1,-999,-1,-999,-1,15,PM25
bkp115t,2026-08-13,08:00,17,10.2,-999,-1,-999,-1,-999,-1,-999,-1,-999,-1,17,PM25
bkp116t,2026-08-13,08:00,16,9.5,-999,-1,-999,-1,-999,-1,-999,-1,-999,-1,16,PM25
bkp117t,2026-08-13,08:00,16,9.4,-999,-1,-999,-1,-999,-1,-999,-1,-999,-1,16,PM25
bkp118t,2026-08-13,08:00,30,16.9,-999,-1,-999,-1,-999,-1,-999,-1,-999,-1,30,PM25
bkp119t,2026-08-13,08:00,19,11.5,-999,-1,-999,-1,-999,-1,-999,-1,-999,-1,19,PM25
bkp120t,2026-08-13,08:00,19,11.4,-999,-1,-999,-1,-999,-1,-999,-1,-999,-1,19,PM25
bkp121t,2026-08-13,08:00,21,12.5,-999,-1,-999,-1,-999,-1,-999,-1,-999,-1,21,PM25
bkp122t,2026-08-13,08:00,14,8.5,-999,-1,-999,-1,-999,-1,-999,-1,-999,-1,14,PM25
bkp123t,2026-08-13,08:00,16,9.5,-999,-1,-999,-1,-999,-1,-999,-1,-999,-1,16,PM25
bkp124t,2026-08-13,08:00,29,16.4,-999,-1,-999,-1,-999,-1,-999,-1,-999,-1,29,PM25
bkp125t,2026-08-13,08:00,31,17.1,-999,-1,-999,-1,-999,-1,-999,-1,-999,-1,31,PM25
bkp126t,2026-08-13,08:00,21,12.6,-999,-1,-999,-1,-999,-1,-999,-1,-999,-1,21,PM25
bkp127t,2026-08-13,08:00,32,17.5,-999,-1,-999,-1,-999,-1,-999,-1,-999,-1,32,PM25
bkp128t,2026-08-13,08:00,16,9.6,-999,-1,-999,-1,-999,-1,-999,-1,-999,-1,16,PM25
bkp129t,2026-08-13,08:00,23,13.7,-999,-1,-999,-1,-999,-1,-999,-1,-999,-1,23,PM25
bkp130t,2026-08-13,08:00,16,9.6,-999,-1,-999,-1,-999,-1,-999,-1,-999,-1,16,PM25
bkp131t,2026-08-13,08:00,20,12.1,-999,-1,-999,-1,-999,-1,-999,-1,-999,-1,20,PM25
bkp133t,2026-08-13,08:00,17,10.3,-999,-1,-999,-1,-999,-1,-999,-1,-999,-1,17,PM25
bkp56t,2026-08-13,08:00,25,14.9,27,52,-999,-1,-999,-1,-999,-1,-999,-1,27,PM10
bkp57t,2026-08-13,08:00,23,13.7,20,39,-999,-1,-999,-1,-999,-1,-999,-1,23,PM25
bkp58t,2026-08-13,08:00,34,18.4,28,53,-999,-1,-999,-1,-999,-1,-999,-1,34,PM25
bkp59t,2026-08-13,08:00,20,12.2,18,36,-999,-1,-999,-1,-999,-1,-999,-1,20,PM25
bkp60t,2026-08-13,08:00,19,11.1,18,35,-999,-1,-999,-1,-999,-1,-999,-1,19,PM25
bkp61t,2026-08-13,08:00,20,11.7,14,28,-999,-1,-999,-1,-999,-1,-999,-1,20,PM25
bkp62t,2026-08-13,08:00,37,19.7,-999,-1,-999,-1,-999,-1,-999,-1,-999,-1,37,PM25
bkp63t,2026-08-13,08:00,23,14.0,-999,-1,-999,-1,-999,-1,-999,-1,-999,-1,23,PM25
bkp64t,2026-08-13,08:00,37,19.6,-999,-1,-999,-1,-999,-1,-999,-1,-999,-1,37,PM25
bkp65t,2026-08-13,08:00,29,16.3,-999,-1,-999,-1,-999,-1,-999,-1,-999,-1,29,PM25
bkp66t,2026-08-13,08:00,34,18.5,-999,-1,-999,-1,-999,-1,-999,-1,-999,-1,34,PM25
bkp67t,2026-08-13,08:00,30,16.7,-999,-1,-999,-1,-999,-1,-999,-1,-999,-1,30,PM25
bkp69t,2026-08-13,08:00,17,9.9,-999,-1,-999,-1,-999,-1,-999,-1,-999,-1,17,PM25
bkp70t,2026-08-13,08:00,24,14.1,20,39,-999,-1,-999,-1,-999,-1,-999,-1,24,PM25
bkp71t,2026-08-13,08:00,18,10.5,16,32,-999,-1,-999,-1,-999,-1,-999,-1,18,PM25
bkp72t,2026-08-13,08:00,42,21.5,25,50,-999,-1,-999,-1,-999,-1,-999,-1,42,PM25
bkp73t,2026-08-13,08:00,22,13.0,-999,-1,-999,-1,-999,-1,-999,-1,-999,-1,22,PM25
bkp74t,2026-08-13,08:00,14,8.4,12,23,-999,-1,-999,-1,-999,-1,-999,-1,14,PM25
bkp75t,2026-08-13,08:00,31,17.2,20,39,-999,-1,-999,-1,-999,-1,-999,-1,31,PM25
bkp76t,2026-08-13,08:00,14,8.2,-999,-1,-999,-1,-999,-1,-999,-1,-999,-1,14,PM25
bkp77t,2026-08-13,08:00,18,10.8,14,28,-999,-1,-999,-1,-999,-1,-999,-1,18,PM25
bkp78t,2026-08-13,08:00,40,20.7,-999,-1,-999,-1,-999,-1,-999,-1,-999,-1,40,PM25
bkp79t,2026-08-13,08:00,32,17.4,16,32,-999,-1,-999,-1,-999,-1,-999,-1,32,PM25
bkp80t,2026-08-13,08:00,41,21.2,40,68,-999,-1,-999,-1,-999,-1,-999,-1,41,PM25
bkp81t,2026-08-13,08:00,44,22.4,34,61,-999,-1,-999,-1,-999,-1,-999,-1,44,PM25
bkp82t,2026-08-13,08:00,21,12.6,-999,-1,-999,-1,-999,-1,-999,-1,-999,-1,21,PM25
bkp83t,2026-08-13,08:00,17,9.9,-999,-1,-999,-1,-999,-1,-999,-1,-999,-1,17,PM25
bkp84t,2026-08-13,08:00,34,18.4,19,38,-999,-1,-999,-1,-999,-1,-999,-1,34,PM25
bkp85t,2026-08-13,08:00,33,18.0,-999,-1,-999,-1,-999,-1,-999,-1,-999,-1,33,PM25
bkp86t,2026-08-13,08:00,24,14.3,12,23,-999,-1,-999,-1,-999,-1,-999,-1,24,PM25
bkp87t,2026-08-13,08:00,26,15.3,15,29,-999,-1,-999,-1,-999,-1,-999,-1,26,PM25
bkp88t,2026-08-13,08:00,29,16.3,-999,-1,-999,-1,-999,-1,-999,-1,-999,-1,29,PM25
bkp89t,2026-08-13,08:00,35,19.0,30,56,-999,-1,-999,-1,-999,-1,-999,-1,35,PM25
bkp90t,2026-08-13,08:00,31,17.3,23,45,-999,-1,-999,-1,-999,-1,-999,-1,31,PM25
bkp91t,2026-08-13,08:00,21,12.6,21,41,-999,-1,-999,-1,-999,-1,-999,-1,21,PM25
bkp92t,2026-08-13,08:00,25,14.7,-999,-1,-999,-1,-999,-1,-999,-1,-999,-1,25,PM25
bkp93t,2026-08-13,08:00,15,9.1,14,28,-999,-1,-999,-1,-999,-1,-999,-1,15,PM25
bkp94t,2026-08-13,08:00,25,14.7,-999,-1,-999,-1,-999,-1,-999,-1,-999,-1,25,PM25
bkp95t,2026-08-13,08:00,24,14.6,-999,-1,-999,-1,-999,-1,-999,-1,-999,-1,24,PM25
bkp96t,2026-08-13,08:00,21,12.5,13,25,-999,-1,-999,-1,-999,-1,-999,-1,21,PM25
bkp97t,2026-08-13,08:00,25,14.9,-999,-1,-999,-1,-999,-1,-999,-1,-999,-1,25,PM25
bkp98t,2026-08-13,08:00,36,19.3,-999,-1,-999,-1,-999,-1,-999,-1,-999,-1,36,PM25
bkp99t,2026-08-13,08:00,23,13.5,11,22,-999,-1,-999,-1,-999,-1,-999,-1,23,PM25
o10,2026-08-13,08:00,20,12.2,-999,-1,-999,-1,-999,-1,-999,-1,-999,-1,20,PM25
o61,2026-08-13,08:00,17,10.3,-999,-1,-999,-1,-999,-1,-999,-1,-999,-1,17,PM25
o63,2026-08-13,08:00,20,11.7,-999,-1,-999,-1,-999,-1,-999,-1,-999,-1,20,PM25
42t,2026-08-13,09:00,13,7.6,-1,-1,-1,-1,-1,-1,-1,-1,-1,-1,13,PM25
54t,2026-08-13,09:00,30,16.7,-1,-1,-1,-1,-1,-1,-1,-1,-1,-1,30,PM25
62t,2026-08-13,09:00,12,7.3,-1,-1,-1,-1,-1,-1,-1,-1,-999,-1,12,PM25
63t,2026-08-13,09:00,12,7.1,-1,-1,-1,-1,-1,-1,-1,-1,-999,-1,12,PM25
80t,2026-08-13,09:00,12,7.4,-1,-1,-1,-1,-1,-1,-1,-1,-1,-1,12,PM25
89t,2026-08-13,09:00,13,7.5,9,17,-1,-1,-1,-1,3,8,-1,-1,13,PM25
02t,2026-08-13,10:00,21,12.3,-1,-1,-1,-1,-1,-1,-1,-1,-1,-1,21,PM25
03t,2026-08-13,10:00,30,16.6,-1,-1,-1,-1,-1,-1,-1,-1,-999,-1,30,PM25
05t,2026-08-13,10:00,22,13.0,-1,-1,-1,-1,-1,-1,-1,-1,-1,-1,22,PM25
08t,2026-08-13,10:00,37,19.7,-1,-1,-1,-1,-1,-1,-1,-1,-1,-1,37,PM25
104t,2026-08-13,10:00,23,13.6,-1,-1,9,13,1,0.10,1,2,1,2,23,PM25
109t,2026-08-13,10:00,23,13.8,-1,-1,14,20,1,0.10,1,2,1,3,23,PM25
111t,2026-08-13,10:00,16,9.4,-999,-1,11,15,0,0.00,0,0,0,0,16,PM25
112t,2026-08-13,10:00,15,9.1,-999,-1,11,16,0,0.00,-1,-1,-1,-1,15,PM25
12t,2026-08-13,10:00,21,12.8,-1,-1,-1,-1,-1,-1,-1,-1,-1,-1,21,PM25
19t,2026-08-13,10:00,20,12.2,-1,-1,-1,-1,-1,-1,-1,-1,-1,-1,20,PM25
37t,2026-08-13,10:00,16,9.3,-1,-1,-1,-1,-1,-1,-1,-1,-1,-1,16,PM25
38t,2026-08-13,10:00,15,8.9,-1,-1,8,11,2,0.30,0,1,0,1,15,PM25
39t,2026-08-13,10:00,15,8.8,-1,-1,-1,-1,-999,-1,-1,-1,-1,-1,15,PM25
41t,2026-08-13,10:00,14,8.3,-1,-1,-1,-1,-1,-1,-1,-1,-1,-1,14,PM25
43t,2026-08-13,10:00,14,8.1,-1,-1,-1,-1,-1,-1,3,7,1,2,14,PM25
44t,2026-08-13,10:00,14,8.3,-1,-1,-1,-1,-1,-1,-1,-1,-1,-1,14,PM25
53t,2026-08-13,10:00,28,16.0,-1,-1,-999,-1,-1,-1,-1,-1,-999,-1,28,PM25
76t,2026-08-13,10:00,14,8.6,-1,-1,-1,-1,-1,-1,-1,-1,-999,-1,14,PM25
79t,2026-08-13,10:00,27,15.5,-1,-1,-1,-1,-1,-1,-1,-1,-1,-1,27,PM25
bkp103t,2026-08-13,10:00,20,11.9,-999,-1,-999,-1,-999,-1,-999,-1,-999,-1,20,PM25
bkp105t,2026-08-13,10:00,36,19.4,-999,-1,-999,-1,-999,-1,-999,-1,-999,-1,36,PM25
bkp114t,2026-08-13,10:00,15,8.8,-999,-1,-999,-1,-999,-1,-999,-1,-999,-1,15,PM25
bkp115t,2026-08-13,10:00,17,9.9,-999,-1,-999,-1,-999,-1,-999,-1,-999,-1,17,PM25
bkp116t,2026-08-13,10:00,16,9.3,-999,-1,-999,-1,-999,-1,-999,-1,-999,-1,16,PM25
bkp117t,2026-08-13,10:00,15,8.8,-999,-1,-999,-1,-999,-1,-999,-1,-999,-1,15,PM25
bkp118t,2026-08-13,10:00,32,17.4,-999,-1,-999,-1,-999,-1,-999,-1,-999,-1,32,PM25
bkp119t,2026-08-13,10:00,19,11.2,-999,-1,-999,-1,-999,-1,-999,-1,-999,-1,19,PM25
bkp120t,2026-08-13,10:00,17,10.0,-999,-1,-999,-1,-999,-1,-999,-1,-999,-1,17,PM25
bkp121t,2026-08-13,10:00,21,12.4,-999,-1,-999,-1,-999,-1,-999,-1,-999,-1,21,PM25
bkp122t,2026-08-13,10:00,14,8.6,-999,-1,-999,-1,-999,-1,-999,-1,-999,-1,14,PM25
bkp123t,2026-08-13,10:00,15,9.0,-999,-1,-999,-1,-999,-1,-999,-1,-999,-1,15,PM25
bkp124t,2026-08-13,10:00,28,16.0,-999,-1,-999,-1,-999,-1,-999,-1,-999,-1,28,PM25
bkp125t,2026-08-13,10:00,31,17.2,-999,-1,-999,-1,-999,-1,-999,-1,-999,-1,31,PM25
bkp126t,2026-08-13,10:00,21,12.6,-999,-1,-999,-1,-999,-1,-999,-1,-999,-1,21,PM25
bkp127t,2026-08-13,10:00,35,18.7,-999,-1,-999,-1,-999,-1,-999,-1,-999,-1,35,PM25
bkp128t,2026-08-13,10:00,16,9.7,-999,-1,-999,-1,-999,-1,-999,-1,-999,-1,16,PM25
bkp129t,2026-08-13,10:00,21,12.8,-999,-1,-999,-1,-999,-1,-999,-1,-999,-1,21,PM25
bkp130t,2026-08-13,10:00,15,9.0,-999,-1,-999,-1,-999,-1,-999,-1,-999,-1,15,PM25
bkp131t,2026-08-13,10:00,21,12.5,-999,-1,-999,-1,-999,-1,-999,-1,-999,-1,21,PM25
bkp133t,2026-08-13,10:00,18,10.6,-999,-1,-999,-1,-999,-1,-999,-1,-999,-1,18,PM25
bkp73t,2026-08-13,10:00,22,13.2,-999,-1,-999,-1,-999,-1,-999,-1,-999,-1,22,PM25
bkp76t,2026-08-13,10:00,14,8.3,-999,-1,-999,-1,-999,-1,-999,-1,-999,-1,14,PM25
bkp94t,2026-08-13,10:00,26,15.3,-999,-1,-999,-1,-999,-1,-999,-1,-999,-1,26,PM25
bkp96t,2026-08-13,10:00,21,12.3,13,25,-999,-1,-999,-1,-999,-1,-999,-1,21,PM25
bkp97t,2026-08-13,10:00,24,14.1,-999,-1,-999,-1,-999,-1,-999,-1,-999,-1,24,PM25
100t,2026-08-13,11:00,19,11.3,24,47,6,9,1,0.10,2,4,0,0,24,PM10
101t,2026-08-13,11:00,18,10.6,12,23,-1,-1,20,3.50,0,1,0,1,20,CO
102t,2026-08-13,11:00,32,17.6,16,32,-1,-1,-1,-1,-1,-1,0,1,32,PM25
103t,2026-08-13,11:00,18,11.0,16,32,-1,-1,1,0.10,3,8,0,0,18,PM25
105t,2026-08-13,11:00,14,8.2,-999,-1,4,5,2,0.30,2,5,0,1,14,PM25
106t,2026-08-13,11:00,27,15.5,-999,-1,3,4,1,0.20,0,1,0,1,27,PM25
107t,2026-08-13,11:00,21,12.7,-1,-1,17,24,1,0.20,0,1,-1,-1,21,PM25
108t,2026-08-13,11:00,19,11.1,-1,-1,14,19,10,1.80,0,1,1,2,19,PM25
110t,2026-08-13,11:00,24,14.3,-999,-1,19,27,-1,-1,1,3,0,0,24,PM25
113t,2026-08-13,11:00,13,8.0,10,20,25,35,0,0.00,0,0,0,0,25,O3
114t,2026-08-13,11:00,17,10.2,14,27,16,22,2,0.40,-1,-1,-1,-1,17,PM25
115t,2026-08-13,11:00,16,9.5,11,22,10,14,2,0.30,0,1,0,1,16,PM25
116t,2026-08-13,11:00,13,7.7,11,21,11,16,1,0.10,0,1,0,0,13,PM25
117t,2026-08-13,11:00,23,13.8,-999,-1,6,8,1,0.20,1,3,0,1,23,PM25
118t,2026-08-13,11:00,14,8.1,-1,-1,4,6,2,0.40,0,1,0,0,14,PM25
119t,2026-08-13,11:00,11,6.7,-1,-1,6,8,7,1.30,1,2,1,2,11,PM25
120t,2026-08-13,11:00,12,7.1,-1,-1,7,10,3,0.50,0,1,0,0,12,PM25
121t,2026-08-13,11:00,12,7.4,-1,-1,6,9,1,0.20,1,2,0,1,12,PM25
13t,2026-08-13,11:00,11,6.6,-1,-1,6,8,2,0.40,-1,-1,-1,-1,11,PM25
14t,2026-08-13,11:00,29,16.2,-1,-1,4,5,2,0.40,5,12,1,2,29,PM25
16t,2026-08-13,11:00,18,11.0,11,21,-1,-1,-1,-1,-1,-1,-1,-1,18,PM25
17t,2026-08-13,11:00,24,14.1,-1,-1,-1,-1,-1,-1,-1,-1,-1,-1,24,PM25
18t,2026-08-13,11:00,42,21.8,-1,-1,-1,-1,-1,-1,-1,-1,-1,-1,42,PM25
20t,2026-08-13,11:00,33,18.1,13,26,-1,-1,-1,-1,-1,-1,-1,-1,33,PM25
21t,2026-08-13,11:00,17,10.1,-1,-1,-1,-1,-1,-1,-1,-1,-1,-1,17,PM25
22t,2026-08-13,11:00,15,8.8,10,20,-1,-1,-1,-1,-1,-1,-1,-1,15,PM25
24t,2026-08-13,11:00,30,16.7,27,52,-1,-1,-1,-1,-1,-1,-1,-1,30,PM25
25t,2026-08-13,11:00,21,12.8,15,30,-1,-1,-999,-1,-1,-1,-999,-1,21,PM25
26t,2026-08-13,11:00,28,16.1,-1,-1,-1,-1,-1,-1,-1,-1,-1,-1,28,PM25
27t,2026-08-13,11:00,32,17.6,-1,-1,-1,-1,-999,-1,-1,-1,-1,-1,32,PM25
28t,2026-08-13,11:00,32,17.6,-1,-1,-1,-1,-1,-1,-1,-1,-1,-1,32,PM25
29t,2026-08-13,11:00,24,14.5,25,49,-1,-1,-1,-1,-1,-1,-1,-1,25,PM10
30t,2026-08-13,11:00,34,18.3,25,49,11,15,1,0.10,0,0,0,0,34,PM25
31t,2026-08-13,11:00,25,14.7,-1,-1,-1,-1,-1,-1,-1,-1,-1,-1,25,PM25
33t,2026-08-13,11:00,22,12.9,-1,-1,-1,-1,-999,-1,-1,-1,-999,-1,22,PM25
34t,2026-08-13,11:00,35,18.8,-1,-1,-1,-1,-1,-1,-1,-1,-999,-1,35,PM25
35t,2026-08-13,11:00,30,16.8,-1,-1,-1,-1,-1,-1,-1,-1,-1,-1,30,PM25
36t,2026-08-13,11:00,16,9.5,-1,-1,-999,-1,-1,-1,-1,-1,-1,-1,16,PM25
40t,2026-08-13,11:00,15,9.1,-1,-1,-1,-1,-999,-1,-1,-1,-1,-1,15,PM25
46t,2026-08-13,11:00,43,22.0,-1,-1,-1,-1,-1,-1,-1,-1,-1,-1,43,PM25
47t,2026-08-13,11:00,30,16.8,-1,-1,-1,-1,-1,-1,-1,-1,-1,-1,30,PM25
50t,2026-08-13,11:00,29,16.3,-1,-1,-999,-1,-1,-1,-1,-1,-999,-1,29,PM25
52t,2026-08-13,11:00,28,16.1,-1,-1,-1,-1,-1,-1,-1,-1,-1,-1,28,PM25
57t,2026-08-13,11:00,15,9.0,14,28,-1,-1,-1,-1,-1,-1,-999,-1,15,PM25
58t,2026-08-13,11:00,15,9.1,9,17,-1,-1,-1,-1,-1,-1,-999,-1,15,PM25
59t,2026-08-13,11:00,19,11.3,12,24,3,4,4,0.70,4,10,-999,-1,19,PM25
60t,2026-08-13,11:00,32,17.4,-1,-1,-1,-1,-999,-1,-1,-1,-1,-1,32,PM25
61t,2026-08-13,11:00,21,12.4,-1,-1,-1,-1,-999,-1,-1,-1,-1,-1,21,PM25
67t,2026-08-13,11:00,37,19.7,-1,-1,-1,-1,-1,-1,-1,-1,-1,-1,37,PM25
68t,2026-08-13,11:00,17,9.9,10,20,-1,-1,-1,-1,-1,-1,-1,-1,17,PM25
69t,2026-08-13,11:00,16,9.3,-1,-1,-1,-1,-1,-1,-1,-1,-1,-1,16,PM25
70t,2026-08-13,11:00,16,9.3,-1,-1,-1,-1,-1,-1,-1,-1,-999,-1,16,PM25
71t,2026-08-13,11:00,14,8.4,9,18,9,12,0,0.00,1,3,2,9,14,PM25
72t,2026-08-13,11:00,17,10.1,11,21,-1,-1,-1,-1,0,0,-1,-1,17,PM25
73t,2026-08-13,11:00,22,13.4,-1,-1,-1,-1,-1,-1,-1,-1,-1,-1,22,PM25
74t,2026-08-13,11:00,30,16.9,-1,-1,-1,-1,-1,-1,-1,-1,-1,-1,30,PM25
75t,2026-08-13,11:00,15,9.0,-1,-1,-1,-1,-1,-1,0,0,-1,-1,15,PM25
77t,2026-08-13,11:00,31,17.2,16,32,-1,-1,-999,-1,-1,-1,-1,-1,31,PM25
78t,2026-08-13,11:00,13,8.0,-1,-1,-999,-1,-999,-1,-999,-1,-999,-1,13,PM25
81t,2026-08-13,11:00,14,8.1,-1,-1,-1,-1,-1,-1,-1,-1,-1,-1,14,PM25
82t,2026-08-13,11:00,18,10.5,21,42,-1,-1,1,0.20,0,1,-1,-1,21,PM10
83t,2026-08-13,11:00,18,10.9,12,24,-1,-1,-1,-1,-1,-1,-1,-1,18,PM25
84t,2026-08-13,11:00,25,14.7,16,31,-1,-1,-1,-1,-1,-1,-1,-1,25,PM25
85t,2026-08-13,11:00,15,8.9,-1,-1,-1,-1,-1,-1,-1,-1,-1,-1,15,PM25
86t,2026-08-13,11:00,38,19.9,19,37,-1,-1,5,0.90,8,18,-1,-1,38,PM25
87t,2026-08-13,11:00,24,14.3,-1,-1,-1,-1,-1,-1,0,0,-1,-1,24,PM25
88t,2026-08-13,11:00,23,13.9,14,27,-1,-1,-1,-1,2,5,-1,-1,23,PM25
90t,2026-08-13,11:00,24,14.3,12,24,-1,-1,-1,-1,-1,-1,-1,-1,24,PM25
91t,2026-08-13,11:00,23,13.6,-1,-1,-1,-1,-1,-1,-1,-1,-1,-1,23,PM25
92t,2026-08-13,11:00,15,9.1,-1,-1,-1,-1,-1,-1,-1,-1,-1,-1,15,PM25
93t,2026-08-13,11:00,12,7.1,8,15,-1,-1,1,0.10,-1,-1,0,0,12,PM25
94t,2026-08-13,11:00,14,8.1,8,16,-1,-1,-1,-1,-1,-1,-1,-1,14,PM25
95t,2026-08-13,11:00,21,12.7,11,21,-1,-1,-1,-1,-1,-1,-1,-1,21,PM25
96t,2026-08-13,11:00,14,8.5,10,19,-1,-1,0,0.00,0,1,0,1,14,PM25
97t,2026-08-13,11:00,22,13.1,10,20,11,15,0,0.00,1,2,1,3,22,PM25
98t,2026-08-13,11:00,16,9.3,10,19,8,11,2,0.30,-1,-1,0,0,16,PM25
99t,2026-08-13,11:00,19,11.6,12,23,10,14,1,0.20,1,2,1,4,19,PM25
bkp100t,2026-08-13,11:00,16,9.6,-999,-1,-999,-1,-999,-1,-999,-1,-999,-1,16,PM25
bkp101t,2026-08-13,11:00,26,15.3,13,25,-999,-1,-999,-1,-999,-1,-999,-1,26,PM25
bkp102t,2026-08-13,11:00,20,12.1,21,41,-999,-1,-999,-1,-999,-1,-999,-1,21,PM10
bkp104t,2026-08-13,11:00,22,12.9,14,28,-999,-1,-999,-1,-999,-1,-999,-1,22,PM25
bkp56t,2026-08-13,11:00,25,15.0,27,52,-999,-1,-999,-1,-999,-1,-999,-1,27,PM10
bkp57t,2026-08-13,11:00,23,14.0,20,40,-999,-1,-999,-1,-999,-1,-999,-1,23,PM25
bkp58t,2026-08-13,11:00,35,19.0,30,56,-999,-1,-999,-1,-999,-1,-999,-1,35,PM25
bkp59t,2026-08-13,11:00,20,11.7,19,37,-999,-1,-999,-1,-999,-1,-999,-1,20,PM25
bkp60t,2026-08-13,11:00,19,11.5,18,36,-999,-1,-999,-1,-999,-1,-999,-1,19,PM25
bkp61t,2026-08-13,11:00,20,11.9,15,29,-999,-1,-999,-1,-999,-1,-999,-1,20,PM25
bkp62t,2026-08-13,11:00,34,18.6,-999,-1,-999,-1,-999,-1,-999,-1,-999,-1,34,PM25
bkp63t,2026-08-13,11:00,24,14.3,-999,-1,-999,-1,-999,-1,-999,-1,-999,-1,24,PM25
bkp64t,2026-08-13,11:00,39,20.4,-999,-1,-999,-1,-999,-1,-999,-1,-999,-1,39,PM25
bkp65t,2026-08-13,11:00,29,16.5,-999,-1,-999,-1,-999,-1,-999,-1,-999,-1,29,PM25
bkp66t,2026-08-13,11:00,34,18.4,-999,-1,-999,-1,-999,-1,-999,-1,-999,-1,34,PM25
bkp67t,2026-08-13,11:00,31,17.0,-999,-1,-999,-1,-999,-1,-999,-1,-999,-1,31,PM25
bkp69t,2026-08-13,11:00,16,9.6,-999,-1,-999,-1,-999,-1,-999,-1,-999,-1,16,PM25
bkp70t,2026-08-13,11:00,24,14.5,24,47,-999,-1,-999,-1,-999,-1,-999,-1,24,PM25
bkp71t,2026-08-13,11:00,18,10.8,17,33,-999,-1,-999,-1,-999,-1,-999,-1,18,PM25
bkp72t,2026-08-13,11:00,42,21.5,28,53,-999,-1,-999,-1,-999,-1,-999,-1,42,PM25
bkp74t,2026-08-13,11:00,12,7.4,12,23,-999,-1,-999,-1,-999,-1,-999,-1,12,PM25
bkp75t,2026-08-13,11:00,33,18.0,20,40,-999,-1,-999,-1,-999,-1,-999,-1,33,PM25
bkp77t,2026-08-13,11:00,18,10.7,14,28,-999,-1,-999,-1,-999,-1,-999,-1,18,PM25
bkp78t,2026-08-13,11:00,41,21.4,-999,-1,-999,-1,-999,-1,-999,-1,-999,-1,41,PM25
bkp79t,2026-08-13,11:00,30,16.8,17,33,-999,-1,-999,-1,-999,-1,-999,-1,30,PM25
bkp80t,2026-08-13,11:00,42,21.7,43,72,-999,-1,-999,-1,-999,-1,-999,-1,43,PM10
bkp81t,2026-08-13,11:00,43,22.0,36,63,-999,-1,-999,-1,-999,-1,-999,-1,43,PM25
bkp82t,2026-08-13,11:00,22,13.2,-999,-1,-999,-1,-999,-1,-999,-1,-999,-1,22,PM25
bkp83t,2026-08-13,11:00,17,10.1,-999,-1,-999,-1,-999,-1,-999,-1,-999,-1,17,PM25
bkp84t,2026-08-13,11:00,35,18.7,20,40,-999,-1,-999,-1,-999,-1,-999,-1,35,PM25
bkp85t,2026-08-13,11:00,34,18.4,-999,-1,-999,-1,-999,-1,-999,-1,-999,-1,34,PM25
bkp86t,2026-08-13,11:00,24,14.5,12,24,-999,-1,-999,-1,-999,-1,-999,-1,24,PM25
bkp87t,2026-08-13,11:00,28,15.8,15,29,-999,-1,-999,-1,-999,-1,-999,-1,28,PM25
bkp88t,2026-08-13,11:00,30,16.7,-999,-1,-999,-1,-999,-1,-999,-1,-999,-1,30,PM25
bkp89t,2026-08-13,11:00,38,19.9,31,57,-999,-1,-999,-1,-999,-1,-999,-1,38,PM25
bkp90t,2026-08-13,11:00,32,17.6,24,47,-999,-1,-999,-1,-999,-1,-999,-1,32,PM25
bkp91t,2026-08-13,11:00,21,12.6,22,43,-999,-1,-999,-1,-999,-1,-999,-1,22,PM10
bkp92t,2026-08-13,11:00,27,15.7,-999,-1,-999,-1,-999,-1,-999,-1,-999,-1,27,PM25
bkp93t,2026-08-13,11:00,15,8.7,14,27,-999,-1,-999,-1,-999,-1,-999,-1,15,PM25
bkp95t,2026-08-13,11:00,24,14.5,-999,-1,-999,-1,-999,-1,-999,-1,-999,-1,24,PM25
bkp98t,2026-08-13,11:00,37,19.7,-999,-1,-999,-1,-999,-1,-999,-1,-999,-1,37,PM25
bkp99t,2026-08-13,11:00,23,13.9,12,23,-999,-1,-999,-1,-999,-1,-999,-1,23,PM25
o10,2026-08-13,11:00,21,12.7,-999,-1,-999,-1,-999,-1,-999,-1,-999,-1,21,PM25
o61,2026-08-13,11:00,18,10.6,-999,-1,-999,-1,-999,-1,-999,-1,-999,-1,18,PM25
o63,2026-08-13,11:00,20,11.7,-999,-1,-999,-1,-999,-1,-999,-1,-999,-1,20,PM25
03t,2026-08-13,12:00,30,16.6,-1,-1,-1,-1,-1,-1,-1,-1,-999,-1,30,PM25
05t,2026-08-13,12:00,22,13.1,-1,-1,-1,-1,-1,-1,-1,-1,-1,-1,22,PM25
12t,2026-08-13,12:00,22,12.9,-1,-1,-1,-1,-1,-1,-1,-1,-1,-1,22,PM25
50t,2026-08-13,12:00,29,16.2,-1,-1,-999,-1,-1,-1,-1,-1,-999,-1,29,PM25
54t,2026-08-13,12:00,30,16.8,-1,-1,-1,-1,-1,-1,-1,-1,-1,-1,30,PM25
62t,2026-08-13,12:00,12,7.1,-1,-1,-1,-1,-1,-1,-1,-1,-999,-1,12,PM25
63t,2026-08-13,12:00,12,6.9,-1,-1,-1,-1,-1,-1,-1,-1,-999,-1,12,PM25
89t,2026-08-13,12:00,12,7.2,8,16,-1,-1,-1,-1,3,8,-1,-1,12,PM25
bkp103t,2026-08-13,12:00,20,11.9,-999,-1,-999,-1,-999,-1,-999,-1,-999,-1,20,PM25
bkp118t,2026-08-13,12:00,32,17.5,-999,-1,-999,-1,-999,-1,-999,-1,-999,-1,32,PM25
02t,2026-08-13,13:00,21,12.4,-1,-1,-1,-1,-1,-1,-1,-1,-1,-1,21,PM25
08t,2026-08-13,13:00,37,19.6,-1,-1,-1,-1,-1,-1,-1,-1,-1,-1,37,PM25
100t,2026-08-13,13:00,19,11.6,24,47,8,11,1,0.10,2,5,-1,-1,24,PM10
101t,2026-08-13,13:00,18,10.5,12,23,-1,-1,19,3.30,1,2,0,1,19,CO
102t,2026-08-13,13:00,33,17.8,16,32,-1,-1,-1,-1,-1,-1,0,1,33,PM25
103t,2026-08-13,13:00,18,10.6,17,33,-1,-1,1,0.10,5,12,0,0,18,PM25
104t,2026-08-13,13:00,23,13.5,-1,-1,16,22,1,0.10,1,2,1,2,23,PM25
105t,2026-08-13,13:00,14,8.6,-999,-1,9,12,2,0.30,2,4,0,1,14,PM25
106t,2026-08-13,13:00,21,12.7,-999,-1,5,7,2,0.30,0,0,0,0,21,PM25
107t,2026-08-13,13:00,21,12.8,-1,-1,19,27,1,0.20,0,1,0,0,21,PM25
108t,2026-08-13,13:00,19,11.1,-1,-1,16,22,10,1.80,0,0,1,2,19,PM25
109t,2026-08-13,13:00,22,13.4,-1,-1,16,23,1,0.10,1,2,1,3,22,PM25
111t,2026-08-13,13:00,15,9.2,-999,-1,12,17,0,0.00,0,0,0,0,15,PM25
112t,2026-08-13,13:00,15,9.0,-999,-1,11,16,0,0.00,2,5,0,0,15,PM25
113t,2026-08-13,13:00,13,7.9,10,19,28,37,0,0.00,0,0,0,0,28,O3
114t,2026-08-13,13:00,17,10.0,14,27,18,25,2,0.40,1,2,0,1,18,O3
115t,2026-08-13,13:00,16,9.6,11,22,12,17,2,0.30,0,1,0,1,16,PM25
116t,2026-08-13,13:00,12,7.4,10,20,16,22,1,0.10,0,1,0,1,16,O3
117t,2026-08-13,13:00,23,13.5,-999,-1,8,11,1,0.20,1,2,0,1,23,PM25
118t,2026-08-13,13:00,13,7.8,-1,-1,5,7,2,0.40,1,2,0,0,13,PM25
119t,2026-08-13,13:00,11,6.5,-1,-1,8,11,7,1.30,0,1,1,2,11,PM25
120t,2026-08-13,13:00,12,6.9,-1,-1,9,13,3,0.50,0,1,0,0,12,PM25
121t,2026-08-13,13:00,12,7.1,-1,-1,8,11,1,0.20,1,2,0,1,12,PM25
13t,2026-08-13,13:00,11,6.5,-1,-1,11,16,2,0.40,-1,-1,-1,-1,11,PM25
14t,2026-08-13,13:00,29,16.5,-1,-1,6,8,2,0.40,5,12,1,2,29,PM25
16t,2026-08-13,13:00,18,10.9,11,21,-1,-1,-1,-1,-1,-1,-1,-1,18,PM25
17t,2026-08-13,13:00,24,14.5,-1,-1,-1,-1,-1,-1,-1,-1,-1,-1,24,PM25
18t,2026-08-13,13:00,42,21.7,-1,-1,-1,-1,-1,-1,-1,-1,-1,-1,42,PM25
19t,2026-08-13,13:00,20,12.2,-1,-1,-1,-1,-1,-1,-1,-1,-1,-1,20,PM25
20t,2026-08-13,13:00,32,17.7,13,26,-1,-1,-1,-1,-1,-1,-1,-1,32,PM25
21t,2026-08-13,13:00,18,10.5,-1,-1,-1,-1,-1,-1,-1,-1,-1,-1,18,PM25
22t,2026-08-13,13:00,14,8.5,10,20,-1,-1,-1,-1,-1,-1,-1,-1,14,PM25
24t,2026-08-13,13:00,29,16.5,26,51,-1,-1,-1,-1,-1,-1,-1,-1,29,PM25
25t,2026-08-13,13:00,21,12.3,15,29,-1,-1,-999,-1,-1,-1,-999,-1,21,PM25
26t,2026-08-13,13:00,29,16.4,-1,-1,-1,-1,-1,-1,-1,-1,-1,-1,29,PM25
27t,2026-08-13,13:00,33,17.9,-1,-1,-1,-1,-999,-1,-1,-1,-1,-1,33,PM25
28t,2026-08-13,13:00,32,17.7,-1,-1,-1,-1,-1,-1,-1,-1,-1,-1,32,PM25
29t,2026-08-13,13:00,24,14.5,26,51,-1,-1,-1,-1,-1,-1,-1,-1,26,PM10
30t,2026-08-13,13:00,31,17.1,24,48,12,17,1,0.10,0,0,0,0,31,PM25
31t,2026-08-13,13:00,27,15.5,-1,-1,-1,-1,-1,-1,-1,-1,-1,-1,27,PM25
33t,2026-08-13,13:00,21,12.6,-1,-1,-1,-1,-999,-1,-1,-1,-999,-1,21,PM25
34t,2026-08-13,13:00,35,19.0,-1,-1,-1,-1,-1,-1,-1,-1,-999,-1,35,PM25
35t,2026-08-13,13:00,30,16.6,-1,-1,-1,-1,-1,-1,-1,-1,-1,-1,30,PM25
36t,2026-08-13,13:00,16,9.6,-1,-1,-999,-1,-1,-1,-1,-1,-1,-1,16,PM25
37t,2026-08-13,13:00,16,9.3,-1,-1,-1,-1,-1,-1,-1,-1,-1,-1,16,PM25
38t,2026-08-13,13:00,15,8.9,-1,-1,14,20,2,0.30,0,1,0,1,15,PM25
39t,2026-08-13,13:00,15,8.8,-1,-1,-1,-1,-999,-1,-1,-1,-1,-1,15,PM25
40t,2026-08-13,13:00,15,9.1,-1,-1,-1,-1,-999,-1,-1,-1,-1,-1,15,PM25
41t,2026-08-13,13:00,13,8.0,-1,-1,-1,-1,-1,-1,-1,-1,-1,-1,13,PM25
42t,2026-08-13,13:00,12,7.2,-1,-1,-1,-1,-1,-1,-1,-1,-1,-1,12,PM25
43t,2026-08-13,13:00,13,7.7,-1,-1,-1,-1,-1,-1,2,4,0,1,13,PM25
44t,2026-08-13,13:00,13,8.0,-1,-1,-1,-1,-1,-1,-1,-1,-1,-1,13,PM25
47t,2026-08-13,13:00,29,16.3,-1,-1,-1,-1,-1,-1,-1,-1,-1,-1,29,PM25
52t,2026-08-13,13:00,28,15.9,-1,-1,-1,-1,-1,-1,-1,-1,-1,-1,28,PM25
53t,2026-08-13,13:00,28,15.8,-1,-1,-999,-1,-1,-1,-1,-1,-999,-1,28,PM25
57t,2026-08-13,13:00,15,9.0,14,28,-1,-1,-1,-1,-1,-1,-999,-1,15,PM25
58t,2026-08-13,13:00,15,9.0,9,17,-1,-1,-1,-1,-1,-1,-999,-1,15,PM25
59t,2026-08-13,13:00,18,11.0,12,23,9,13,4,0.70,2,5,-999,-1,18,PM25
60t,2026-08-13,13:00,32,17.4,-1,-1,-1,-1,-999,-1,-1,-1,-1,-1,32,PM25
61t,2026-08-13,13:00,21,12.4,-1,-1,-1,-1,-999,-1,-1,-1,-1,-1,21,PM25
67t,2026-08-13,13:00,37,19.8,-1,-1,-1,-1,-1,-1,-1,-1,-1,-1,37,PM25
68t,2026-08-13,13:00,16,9.8,10,20,-1,-1,-1,-1,-1,-1,-1,-1,16,PM25
69t,2026-08-13,13:00,16,9.3,-1,-1,-1,-1,-1,-1,-1,-1,-1,-1,16,PM25
70t,2026-08-13,13:00,16,9.3,-1,-1,-1,-1,-1,-1,-1,-1,-999,-1,16,PM25
71t,2026-08-13,13:00,14,8.6,10,19,9,12,0,0.00,1,2,3,10,14,PM25
72t,2026-08-13,13:00,16,9.7,10,20,-1,-1,-1,-1,0,0,-1,-1,16,PM25
73t,2026-08-13,13:00,23,13.5,-1,-1,-1,-1,-1,-1,-1,-1,-1,-1,23,PM25
74t,2026-08-13,13:00,29,16.5,-1,-1,-1,-1,-1,-1,-1,-1,-1,-1,29,PM25
75t,2026-08-13,13:00,16,9.5,-1,-1,-1,-1,-1,-1,0,0,2,9,16,PM25
76t,2026-08-13,13:00,14,8.3,-1,-1,-1,-1,-1,-1,-1,-1,-999,-1,14,PM25
77t,2026-08-13,13:00,31,17.1,16,31,-1,-1,-999,-1,-1,-1,-1,-1,31,PM25
78t,2026-08-13,13:00,11,6.6,-1,-1,-999,-1,-999,-1,-999,-1,-999,-1,11,PM25
79t,2026-08-13,13:00,25,15.0,-1,-1,-1,-1,-1,-1,-1,-1,-1,-1,25,PM25
80t,2026-08-13,13:00,12,7.3,-1,-1,-1,-1,-1,-1,-1,-1,-1,-1,12,PM25
81t,2026-08-13,13:00,14,8.2,-1,-1,-1,-1,-1,-1,-1,-1,-1,-1,14,PM25
82t,2026-08-13,13:00,18,10.5,21,42,-1,-1,1,0.20,0,1,-1,-1,21,PM10
83t,2026-08-13,13:00,18,10.8,12,24,-1,-1,-1,-1,-1,-1,-1,-1,18,PM25
84t,2026-08-13,13:00,25,14.8,16,31,-1,-1,-1,-1,-1,-1,-1,-1,25,PM25
85t,2026-08-13,13:00,14,8.6,-1,-1,-1,-1,-1,-1,-1,-1,-1,-1,14,PM25
86t,2026-08-13,13:00,38,19.9,19,37,-1,-1,5,0.90,8,18,-1,-1,38,PM25
87t,2026-08-13,13:00,24,14.2,-1,-1,-1,-1,-1,-1,0,0,-1,-1,24,PM25
88t,2026-08-13,13:00,24,14.4,14,28,-1,-1,-1,-1,2,5,-1,-1,24,PM25
90t,2026-08-13,13:00,24,14.1,12,24,-1,-1,-1,-1,-1,-1,-1,-1,24,PM25
91t,2026-08-13,13:00,22,12.9,-1,-1,-1,-1,-1,-1,-1,-1,-1,-1,22,PM25
92t,2026-08-13,13:00,15,9.0,-1,-1,-1,-1,-1,-1,-1,-1,-1,-1,15,PM25
93t,2026-08-13,13:00,11,6.7,7,14,-1,-1,1,0.10,2,4,0,0,11,PM25
94t,2026-08-13,13:00,13,7.8,8,16,-1,-1,-1,-1,-1,-1,-1,-1,13,PM25
95t,2026-08-13,13:00,21,12.5,11,21,-1,-1,-1,-1,-1,-1,-1,-1,21,PM25
96t,2026-08-13,13:00,15,8.7,10,20,-1,-1,0,0.00,0,1,0,1,15,PM25
97t,2026-08-13,13:00,21,12.8,10,19,11,16,0,0.00,0,1,1,3,21,PM25
98t,2026-08-13,13:00,15,9.0,10,19,11,15,2,0.30,-1,-1,0,0,15,PM25
99t,2026-08-13,13:00,19,11.5,11,22,13,18,1,0.20,1,3,1,3,19,PM25
bkp100t,2026-08-13,13:00,15,9.0,-999,-1,-999,-1,-999,-1,-999,-1,-999,-1,15,PM25
bkp101t,2026-08-13,13:00,26,15.1,13,25,-999,-1,-999,-1,-999,-1,-999,-1,26,PM25
bkp102t,2026-08-13,13:00,22,12.9,21,41,-999,-1,-999,-1,-999,-1,-999,-1,22,PM25
bkp104t,2026-08-13,13:00,21,12.5,14,27,-999,-1,-999,-1,-999,-1,-999,-1,21,PM25
bkp105t,2026-08-13,13:00,36,19.1,-999,-1,-999,-1,-999,-1,-999,-1,-999,-1,36,PM25
bkp114t,2026-08-13,13:00,15,8.7,-999,-1,-999,-1,-999,-1,-999,-1,-999,-1,15,PM25
bkp115t,2026-08-13,13:00,16,9.8,-999,-1,-999,-1,-999,-1,-999,-1,-999,-1,16,PM25
bkp116t,2026-08-13,13:00,14,8.6,-999,-1,-999,-1,-999,-1,-999,-1,-999,-1,14,PM25
bkp117t,2026-08-13,13:00,15,8.7,-999,-1,-999,-1,-999,-1,-999,-1,-999,-1,15,PM25
bkp119t,2026-08-13,13:00,19,11.1,-999,-1,-999,-1,-999,-1,-999,-1,-999,-1,19,PM25
bkp120t,2026-08-13,13:00,16,9.4,-999,-1,-999,-1,-999,-1,-999,-1,-999,-1,16,PM25
bkp121t,2026-08-13,13:00,21,12.6,-999,-1,-999,-1,-999,-1,-999,-1,-999,-1,21,PM25
bkp122t,2026-08-13,13:00,14,8.6,-999,-1,-999,-1,-999,-1,-999,-1,-999,-1,14,PM25
bkp123t,2026-08-13,13:00,14,8.6,-999,-1,-999,-1,-999,-1,-999,-1,-999,-1,14,PM25
bkp124t,2026-08-13,13:00,28,16.1,-999,-1,-999,-1,-999,-1,-999,-1,-999,-1,28,PM25
bkp125t,2026-08-13,13:00,30,16.8,-999,-1,-999,-1,-999,-1,-999,-1,-999,-1,30,PM25
bkp126t,2026-08-13,13:00,21,12.5,-999,-1,-999,-1,-999,-1,-999,-1,-999,-1,21,PM25
bkp127t,2026-08-13,13:00,34,18.4,-999,-1,-999,-1,-999,-1,-999,-1,-999,-1,34,PM25
bkp128t,2026-08-13,13:00,16,9.8,-999,-1,-999,-1,-999,-1,-999,-1,-999,-1,16,PM25
bkp129t,2026-08-13,13:00,21,12.8,-999,-1,-999,-1,-999,-1,-999,-1,-999,-1,21,PM25
bkp130t,2026-08-13,13:00,14,8.5,-999,-1,-999,-1,-999,-1,-999,-1,-999,-1,14,PM25
bkp131t,2026-08-13,13:00,21,12.3,-999,-1,-999,-1,-999,-1,-999,-1,-999,-1,21,PM25
bkp133t,2026-08-13,13:00,18,10.8,-999,-1,-999,-1,-999,-1,-999,-1,-999,-1,18,PM25
bkp56t,2026-08-13,13:00,25,14.7,27,52,-999,-1,-999,-1,-999,-1,-999,-1,27,PM10
bkp57t,2026-08-13,13:00,23,13.6,20,40,-999,-1,-999,-1,-999,-1,-999,-1,23,PM25
bkp58t,2026-08-13,13:00,37,19.5,31,57,-999,-1,-999,-1,-999,-1,-999,-1,37,PM25
bkp59t,2026-08-13,13:00,19,11.6,19,37,-999,-1,-999,-1,-999,-1,-999,-1,19,PM25
bkp60t,2026-08-13,13:00,19,11.2,19,37,-999,-1,-999,-1,-999,-1,-999,-1,19,PM25
bkp61t,2026-08-13,13:00,20,11.9,15,29,-999,-1,-999,-1,-999,-1,-999,-1,20,PM25
bkp62t,2026-08-13,13:00,35,18.7,-999,-1,-999,-1,-999,-1,-999,-1,-999,-1,35,PM25
bkp63t,2026-08-13,13:00,23,14.0,-999,-1,-999,-1,-999,-1,-999,-1,-999,-1,23,PM25
bkp64t,2026-08-13,13:00,38,20.1,-999,-1,-999,-1,-999,-1,-999,-1,-999,-1,38,PM25
bkp65t,2026-08-13,13:00,29,16.5,-999,-1,-999,-1,-999,-1,-999,-1,-999,-1,29,PM25
bkp66t,2026-08-13,13:00,34,18.2,-999,-1,-999,-1,-999,-1,-999,-1,-999,-1,34,PM25
bkp67t,2026-08-13,13:00,31,17.1,-999,-1,-999,-1,-999,-1,-999,-1,-999,-1,31,PM25
bkp69t,2026-08-13,13:00,17,10.3,-999,-1,-999,-1,-999,-1,-999,-1,-999,-1,17,PM25
bkp70t,2026-08-13,13:00,24,14.6,25,50,-999,-1,-999,-1,-999,-1,-999,-1,25,PM10
bkp71t,2026-08-13,13:00,18,10.7,16,32,-999,-1,-999,-1,-999,-1,-999,-1,18,PM25
bkp72t,2026-08-13,13:00,43,22.0,28,54,-999,-1,-999,-1,-999,-1,-999,-1,43,PM25
bkp73t,2026-08-13,13:00,23,13.6,-999,-1,-999,-1,-999,-1,-999,-1,-999,-1,23,PM25
bkp74t,2026-08-13,13:00,12,7.2,12,24,-999,-1,-999,-1,-999,-1,-999,-1,12,PM25
bkp75t,2026-08-13,13:00,32,17.4,21,41,-999,-1,-999,-1,-999,-1,-999,-1,32,PM25
bkp76t,2026-08-13,13:00,14,8.6,-999,-1,-999,-1,-999,-1,-999,-1,-999,-1,14,PM25
bkp77t,2026-08-13,13:00,17,10.3,14,28,-999,-1,-999,-1,-999,-1,-999,-1,17,PM25
bkp78t,2026-08-13,13:00,41,21.3,-999,-1,-999,-1,-999,-1,-999,-1,-999,-1,41,PM25
bkp79t,2026-08-13,13:00,31,17.2,17,34,-999,-1,-999,-1,-999,-1,-999,-1,31,PM25
bkp80t,2026-08-13,13:00,42,21.7,44,73,-999,-1,-999,-1,-999,-1,-999,-1,44,PM10
bkp81t,2026-08-13,13:00,40,20.8,36,63,-999,-1,-999,-1,-999,-1,-999,-1,40,PM25
bkp82t,2026-08-13,13:00,22,13.2,-999,-1,-999,-1,-999,-1,-999,-1,-999,-1,22,PM25
bkp83t,2026-08-13,13:00,17,10.0,-999,-1,-999,-1,-999,-1,-999,-1,-999,-1,17,PM25
bkp84t,2026-08-13,13:00,34,18.2,20,39,-999,-1,-999,-1,-999,-1,-999,-1,34,PM25
bkp85t,2026-08-13,13:00,34,18.3,-999,-1,-999,-1,-999,-1,-999,-1,-999,-1,34,PM25
bkp86t,2026-08-13,13:00,24,14.1,13,25,-999,-1,-999,-1,-999,-1,-999,-1,24,PM25
bkp87t,2026-08-13,13:00,25,14.8,15,29,-999,-1,-999,-1,-999,-1,-999,-1,25,PM25
bkp88t,2026-08-13,13:00,29,16.2,-999,-1,-999,-1,-999,-1,-999,-1,-999,-1,29,PM25
bkp89t,2026-08-13,13:00,37,19.6,26,51,-999,-1,-999,-1,-999,-1,-999,-1,37,PM25
bkp90t,2026-08-13,13:00,33,17.9,24,48,-999,-1,-999,-1,-999,-1,-999,-1,33,PM25
bkp91t,2026-08-13,13:00,21,12.6,21,42,-999,-1,-999,-1,-999,-1,-999,-1,21,PM25
bkp92t,2026-08-13,13:00,30,16.6,-999,-1,-999,-1,-999,-1,-999,-1,-999,-1,30,PM25
bkp93t,2026-08-13,13:00,14,8.6,14,27,-999,-1,-999,-1,-999,-1,-999,-1,14,PM25
bkp94t,2026-08-13,13:00,27,15.6,-999,-1,-999,-1,-999,-1,-999,-1,-999,-1,27,PM25
bkp95t,2026-08-13,13:00,24,14.3,-999,-1,-999,-1,-999,-1,-999,-1,-999,-1,24,PM25
bkp96t,2026-08-13,13:00,20,12.0,13,25,-999,-1,-999,-1,-999,-1,-999,-1,20,PM25
bkp97t,2026-08-13,13:00,23,14.0,-999,-1,-999,-1,-999,-1,-999,-1,-999,-1,23,PM25
bkp98t,2026-08-13,13:00,38,20.2,-999,-1,-999,-1,-999,-1,-999,-1,-999,-1,38,PM25
bkp99t,2026-08-13,13:00,23,13.6,12,23,-999,-1,-999,-1,-999,-1,-999,-1,23,PM25
o10,2026-08-13,13:00,21,12.3,-999,-1,-999,-1,-999,-1,-999,-1,-999,-1,21,PM25
o61,2026-08-13,13:00,18,10.8,-999,-1,-999,-1,-999,-1,-999,-1,-999,-1,18,PM25
o63,2026-08-13,13:00,20,11.8,-999,-1,-999,-1,-999,-1,-999,-1,-999,-1,20,PM25
03t,2026-08-13,14:00,30,16.6,-1,-1,-1,-1,-1,-1,-1,-1,-999,-1,30,PM25
05t,2026-08-13,14:00,22,12.9,-1,-1,-1,-1,-1,-1,-1,-1,-1,-1,22,PM25
12t,2026-08-13,14:00,21,12.8,-1,-1,-1,-1,-1,-1,-1,-1,-1,-1,21,PM25
54t,2026-08-13,14:00,30,16.8,-1,-1,-1,-1,-1,-1,-1,-1,-1,-1,30,PM25
62t,2026-08-13,14:00,12,7.1,-1,-1,-1,-1,-1,-1,-1,-1,-999,-1,12,PM25
63t,2026-08-13,14:00,12,6.9,-1,-1,-1,-1,-1,-1,-1,-1,-999,-1,12,PM25
89t,2026-08-13,14:00,12,7.0,8,16,-1,-1,-1,-1,3,6,-1,-1,12,PM25
o63,2026-08-13,14:00,21,12.4,-999,-1,-999,-1,-999,-1,-999,-1,-999,-1,21,PM25
02t,2026-08-13,15:00,20,12.2,-1,-1,-1,-1,-1,-1,-1,-1,-1,-1,20,PM25
03t,2026-08-13,15:00,30,16.7,-1,-1,-1,-1,-1,-1,-1,-1,-999,-1,30,PM25
05t,2026-08-13,15:00,22,12.9,-1,-1,-1,-1,-1,-1,-1,-1,-1,-1,22,PM25
08t,2026-08-13,15:00,36,19.3,-1,-1,-1,-1,-1,-1,-1,-1,-1,-1,36,PM25
100t,2026-08-13,15:00,20,11.9,24,47,10,14,1,0.10,2,4,0,0,24,PM10
101t,2026-08-13,15:00,17,10.3,11,22,-1,-1,18,3.20,1,2,0,1,18,CO
102t,2026-08-13,15:00,32,17.6,16,32,-1,-1,-1,-1,-1,-1,0,1,32,PM25
103t,2026-08-13,15:00,18,10.8,17,34,-1,-1,1,0.10,4,9,0,0,18,PM25
104t,2026-08-13,15:00,22,13.0,-1,-1,23,32,1,0.10,1,3,1,2,23,O3
105t,2026-08-13,15:00,15,9.0,-999,-1,16,22,1,0.20,2,4,0,1,16,O3
106t,2026-08-13,15:00,17,9.9,-999,-1,6,8,2,0.30,0,1,-1,-1,17,PM25
107t,2026-08-13,15:00,22,13.1,-1,-1,22,31,1,0.20,0,1,0,0,22,PM25
108t,2026-08-13,15:00,18,10.7,-1,-1,18,25,10,1.80,-1,-1,-1,-1,18,PM25
109t,2026-08-13,15:00,22,13.0,-1,-1,18,25,1,0.10,1,2,1,3,22,PM25
111t,2026-08-13,15:00,15,9.1,-999,-1,16,23,0,0.00,0,0,0,0,16,O3
112t,2026-08-13,15:00,15,8.9,-999,-1,14,19,0,0.00,2,5,0,0,15,PM25
113t,2026-08-13,15:00,13,7.9,10,19,35,41,0,0.00,0,0,0,0,35,O3
114t,2026-08-13,15:00,16,9.8,14,27,21,30,2,0.40,1,2,0,1,21,O3
115t,2026-08-13,15:00,17,10.0,12,23,14,20,2,0.30,-1,-1,-1,-1,17,PM25
116t,2026-08-13,15:00,12,7.2,10,19,19,27,1,0.10,0,1,0,1,19,O3
117t,2026-08-13,15:00,22,13.3,-999,-1,9,13,1,0.20,1,3,0,1,22,PM25
118t,2026-08-13,15:00,13,7.7,-1,-1,6,9,2,0.30,0,1,0,0,13,PM25
119t,2026-08-13,15:00,11,6.6,-1,-1,11,16,7,1.30,0,0,1,2,11,PM25
120t,2026-08-13,15:00,12,7.0,-1,-1,13,18,3,0.50,0,0,0,0,13,O3
121t,2026-08-13,15:00,12,7.2,-1,-1,10,14,1,0.10,0,1,0,1,12,PM25
12t,2026-08-13,15:00,21,12.7,-1,-1,-1,-1,-1,-1,-1,-1,-1,-1,21,PM25
13t,2026-08-13,15:00,11,6.5,-1,-1,16,23,2,0.30,-1,-1,-1,-1,16,O3
14t,2026-08-13,15:00,30,16.6,-1,-1,9,12,2,0.30,5,11,0,1,30,PM25
16t,2026-08-13,15:00,18,10.5,11,21,-1,-1,-1,-1,-1,-1,-1,-1,18,PM25
17t,2026-08-13,15:00,25,14.8,-1,-1,-1,-1,-1,-1,-1,-1,-1,-1,25,PM25
18t,2026-08-13,15:00,42,21.9,-1,-1,-1,-1,-1,-1,-1,-1,-1,-1,42,PM25
19t,2026-08-13,15:00,20,12.1,-1,-1,-1,-1,-1,-1,-1,-1,-1,-1,20,PM25
20t,2026-08-13,15:00,29,16.5,13,25,-1,-1,-1,-1,-1,-1,-1,-1,29,PM25
21t,2026-08-13,15:00,17,10.1,-1,-1,-1,-1,-1,-1,-1,-1,-1,-1,17,PM25
22t,2026-08-13,15:00,14,8.2,10,19,-1,-1,-1,-1,-1,-1,-1,-1,14,PM25
24t,2026-08-13,15:00,30,16.7,25,50,-1,-1,-1,-1,-1,-1,-1,-1,30,PM25
25t,2026-08-13,15:00,21,12.5,14,28,-1,-1,-999,-1,-1,-1,-999,-1,21,PM25
26t,2026-08-13,15:00,28,16.0,-1,-1,-1,-1,-1,-1,-1,-1,-1,-1,28,PM25
27t,2026-08-13,15:00,35,18.7,-1,-1,-1,-1,-999,-1,-1,-1,-1,-1,35,PM25
28t,2026-08-13,15:00,33,17.9,-1,-1,-1,-1,-1,-1,-1,-1,-1,-1,33,PM25
29t,2026-08-13,15:00,30,16.9,27,52,-1,-1,-1,-1,-1,-1,-1,-1,30,PM25
30t,2026-08-13,15:00,28,15.9,24,47,12,17,1,0.10,2,4,0,0,28,PM25
31t,2026-08-13,15:00,31,17.1,-1,-1,-1,-1,-1,-1,-1,-1,-1,-1,31,PM25
33t,2026-08-13,15:00,21,12.4,-1,-1,-1,-1,-999,-1,-1,-1,-999,-1,21,PM25
34t,2026-08-13,15:00,35,19.0,-1,-1,-1,-1,-1,-1,-1,-1,-999,-1,35,PM25
35t,2026-08-13,15:00,30,16.6,-1,-1,-1,-1,-1,-1,-1,-1,-1,-1,30,PM25
36t,2026-08-13,15:00,16,9.7,-1,-1,-999,-1,-1,-1,-1,-1,-1,-1,16,PM25
37t,2026-08-13,15:00,16,9.5,-1,-1,-1,-1,-1,-1,-1,-1,-1,-1,16,PM25
38t,2026-08-13,15:00,15,9.1,-1,-1,19,26,2,0.30,0,1,0,1,19,O3
39t,2026-08-13,15:00,15,9.0,-1,-1,-1,-1,-999,-1,-1,-1,-1,-1,15,PM25
40t,2026-08-13,15:00,15,9.2,-1,-1,-1,-1,-999,-1,-1,-1,-1,-1,15,PM25
41t,2026-08-13,15:00,13,8.0,-1,-1,-1,-1,-1,-1,-1,-1,-1,-1,13,PM25
42t,2026-08-13,15:00,12,7.2,-1,-1,-1,-1,-1,-1,-1,-1,-1,-1,12,PM25
43t,2026-08-13,15:00,13,7.7,-1,-1,-1,-1,-1,-1,2,4,1,2,13,PM25
44t,2026-08-13,15:00,13,8.0,-1,-1,-1,-1,-1,-1,-1,-1,-1,-1,13,PM25
46t,2026-08-13,15:00,42,21.5,-1,-1,-1,-1,-1,-1,-1,-1,-1,-1,42,PM25
47t,2026-08-13,15:00,29,16.2,-1,-1,-1,-1,-1,-1,-1,-1,-1,-1,29,PM25
50t,2026-08-13,15:00,29,16.2,-1,-1,-999,-1,-1,-1,-1,-1,-999,-1,29,PM25
52t,2026-08-13,15:00,28,15.9,-1,-1,-1,-1,-1,-1,-1,-1,-1,-1,28,PM25
53t,2026-08-13,15:00,27,15.7,-1,-1,-999,-1,-1,-1,-1,-1,-999,-1,27,PM25
54t,2026-08-13,15:00,30,16.8,-1,-1,-1,-1,-1,-1,-1,-1,-1,-1,30,PM25
57t,2026-08-13,15:00,15,9.2,15,29,-1,-1,-1,-1,-1,-1,-999,-1,15,PM10
58t,2026-08-13,15:00,15,8.7,8,16,-1,-1,-1,-1,-1,-1,-999,-1,15,PM25
59t,2026-08-13,15:00,18,10.9,11,22,18,25,3,0.60,3,6,-999,-1,18,PM25
60t,2026-08-13,15:00,33,17.9,-1,-1,-1,-1,-999,-1,-1,-1,-1,-1,33,PM25
61t,2026-08-13,15:00,21,12.5,-1,-1,-1,-1,-999,-1,-1,-1,-1,-1,21,PM25
62t,2026-08-13,15:00,12,7.1,-1,-1,-1,-1,-1,-1,-1,-1,-999,-1,12,PM25
63t,2026-08-13,15:00,12,6.9,-1,-1,-1,-1,-1,-1,-1,-1,-999,-1,12,PM25
67t,2026-08-13,15:00,38,19.9,-1,-1,-1,-1,-1,-1,-1,-1,-1,-1,38,PM25
68t,2026-08-13,15:00,17,9.9,10,20,-1,-1,-1,-1,-1,-1,-1,-1,17,PM25
69t,2026-08-13,15:00,16,9.5,-1,-1,-1,-1,-1,-1,-1,-1,-1,-1,16,PM25
70t,2026-08-13,15:00,16,9.4,-1,-1,-1,-1,-1,-1,-1,-1,-999,-1,16,PM25
71t,2026-08-13,15:00,14,8.5,10,19,9,12,0,0.00,1,2,2,9,14,PM25
72t,2026-08-13,15:00,16,9.5,10,20,-1,-1,-1,-1,-1,-1,-1,-1,16,PM25
73t,2026-08-13,15:00,23,13.6,-1,-1,-1,-1,-1,-1,-1,-1,-1,-1,23,PM25
74t,2026-08-13,15:00,28,16.0,-1,-1,-1,-1,-1,-1,-1,-1,-1,-1,28,PM25
75t,2026-08-13,15:00,16,9.7,-1,-1,-1,-1,-1,-1,0,1,2,9,16,PM25
76t,2026-08-13,15:00,14,8.3,-1,-1,-1,-1,-1,-1,-1,-1,-999,-1,14,PM25
77t,2026-08-13,15:00,30,16.8,15,30,-1,-1,-999,-1,-1,-1,-1,-1,30,PM25
78t,2026-08-13,15:00,11,6.6,-1,-1,-999,-1,-999,-1,-999,-1,-999,-1,11,PM25
79t,2026-08-13,15:00,24,14.1,-1,-1,-1,-1,-1,-1,-1,-1,-1,-1,24,PM25
80t,2026-08-13,15:00,12,7.1,-1,-1,-1,-1,-1,-1,-1,-1,-1,-1,12,PM25
81t,2026-08-13,15:00,14,8.1,-1,-1,-1,-1,-1,-1,-1,-1,-1,-1,14,PM25
82t,2026-08-13,15:00,18,10.5,21,42,-1,-1,1,0.20,0,1,-1,-1,21,PM10
83t,2026-08-13,15:00,18,10.7,12,24,-1,-1,-1,-1,-1,-1,-1,-1,18,PM25
84t,2026-08-13,15:00,24,14.6,16,31,-1,-1,-1,-1,-1,-1,-1,-1,24,PM25
85t,2026-08-13,15:00,14,8.4,-1,-1,-1,-1,-1,-1,-1,-1,-1,-1,14,PM25
86t,2026-08-13,15:00,38,19.9,19,37,-1,-1,5,0.90,-1,-1,-1,-1,38,PM25
87t,2026-08-13,15:00,23,14.0,-1,-1,-1,-1,-1,-1,0,0,-1,-1,23,PM25
88t,2026-08-13,15:00,25,14.7,14,28,-1,-1,-1,-1,2,5,-1,-1,25,PM25
89t,2026-08-13,15:00,12,7.1,8,15,-1,-1,-1,-1,3,6,-1,-1,12,PM25
90t,2026-08-13,15:00,22,13.0,12,23,-1,-1,-1,-1,-1,-1,-1,-1,22,PM25
91t,2026-08-13,15:00,21,12.5,-1,-1,-1,-1,-1,-1,-1,-1,-1,-1,21,PM25
92t,2026-08-13,15:00,15,9.1,-1,-1,-1,-1,-1,-1,-1,-1,-1,-1,15,PM25
93t,2026-08-13,15:00,11,6.7,7,14,-1,-1,1,0.10,1,3,0,0,11,PM25
94t,2026-08-13,15:00,13,7.6,8,15,-1,-1,-1,-1,-1,-1,-1,-1,13,PM25
95t,2026-08-13,15:00,20,12.0,11,21,-1,-1,-1,-1,-1,-1,-1,-1,20,PM25
96t,2026-08-13,15:00,17,9.9,11,21,-1,-1,0,0.00,1,2,0,1,17,PM25
97t,2026-08-13,15:00,21,12.5,10,19,13,18,0,0.00,1,3,1,3,21,PM25
98t,2026-08-13,15:00,15,8.9,10,19,15,21,2,0.30,-1,-1,-1,-1,15,PM25
99t,2026-08-13,15:00,19,11.5,11,22,16,22,1,0.20,5,12,1,4,19,PM25
bkp100t,2026-08-13,15:00,15,8.7,-999,-1,-999,-1,-999,-1,-999,-1,-999,-1,15,PM25
bkp101t,2026-08-13,15:00,26,15.1,12,24,-999,-1,-999,-1,-999,-1,-999,-1,26,PM25
bkp102t,2026-08-13,15:00,22,13.0,20,40,-999,-1,-999,-1,-999,-1,-999,-1,22,PM25
bkp103t,2026-08-13,15:00,19,11.5,-999,-1,-999,-1,-999,-1,-999,-1,-999,-1,19,PM25
bkp104t,2026-08-13,15:00,21,12.4,14,27,-999,-1,-999,-1,-999,-1,-999,-1,21,PM25
bkp105t,2026-08-13,15:00,36,19.1,-999,-1,-999,-1,-999,-1,-999,-1,-999,-1,36,PM25
bkp114t,2026-08-13,15:00,15,8.8,-999,-1,-999,-1,-999,-1,-999,-1,-999,-1,15,PM25
bkp115t,2026-08-13,15:00,16,9.8,-999,-1,-999,-1,-999,-1,-999,-1,-999,-1,16,PM25
bkp116t,2026-08-13,15:00,14,8.3,-999,-1,-999,-1,-999,-1,-999,-1,-999,-1,14,PM25
bkp117t,2026-08-13,15:00,14,8.6,-999,-1,-999,-1,-999,-1,-999,-1,-999,-1,14,PM25
bkp118t,2026-08-13,15:00,29,16.3,-999,-1,-999,-1,-999,-1,-999,-1,-999,-1,29,PM25
bkp119t,2026-08-13,15:00,19,11.3,-999,-1,-999,-1,-999,-1,-999,-1,-999,-1,19,PM25
bkp120t,2026-08-13,15:00,15,9.2,-999,-1,-999,-1,-999,-1,-999,-1,-999,-1,15,PM25
bkp121t,2026-08-13,15:00,21,12.8,-999,-1,-999,-1,-999,-1,-999,-1,-999,-1,21,PM25
bkp122t,2026-08-13,15:00,14,8.6,-999,-1,-999,-1,-999,-1,-999,-1,-999,-1,14,PM25
bkp123t,2026-08-13,15:00,13,8.0,-999,-1,-999,-1,-999,-1,-999,-1,-999,-1,13,PM25
bkp124t,2026-08-13,15:00,28,15.9,-999,-1,-999,-1,-999,-1,-999,-1,-999,-1,28,PM25
bkp125t,2026-08-13,15:00,30,16.6,-999,-1,-999,-1,-999,-1,-999,-1,-999,-1,30,PM25
bkp126t,2026-08-13,15:00,21,12.5,-999,-1,-999,-1,-999,-1,-999,-1,-999,-1,21,PM25
bkp127t,2026-08-13,15:00,34,18.4,-999,-1,-999,-1,-999,-1,-999,-1,-999,-1,34,PM25
bkp128t,2026-08-13,15:00,16,9.7,-999,-1,-999,-1,-999,-1,-999,-1,-999,-1,16,PM25
bkp129t,2026-08-13,15:00,21,12.4,-999,-1,-999,-1,-999,-1,-999,-1,-999,-1,21,PM25
bkp130t,2026-08-13,15:00,13,7.8,-999,-1,-999,-1,-999,-1,-999,-1,-999,-1,13,PM25
bkp131t,2026-08-13,15:00,21,12.4,-999,-1,-999,-1,-999,-1,-999,-1,-999,-1,21,PM25
bkp133t,2026-08-13,15:00,17,10.4,-999,-1,-999,-1,-999,-1,-999,-1,-999,-1,17,PM25
bkp56t,2026-08-13,15:00,25,14.7,27,52,-999,-1,-999,-1,-999,-1,-999,-1,27,PM10
bkp57t,2026-08-13,15:00,22,13.4,20,40,-999,-1,-999,-1,-999,-1,-999,-1,22,PM25
bkp58t,2026-08-13,15:00,37,19.7,31,57,-999,-1,-999,-1,-999,-1,-999,-1,37,PM25
bkp59t,2026-08-13,15:00,20,11.8,19,37,-999,-1,-999,-1,-999,-1,-999,-1,20,PM25
bkp60t,2026-08-13,15:00,18,11.0,18,36,-999,-1,-999,-1,-999,-1,-999,-1,18,PM25
bkp61t,2026-08-13,15:00,20,12.1,15,29,-999,-1,-999,-1,-999,-1,-999,-1,20,PM25
bkp62t,2026-08-13,15:00,34,18.5,-999,-1,-999,-1,-999,-1,-999,-1,-999,-1,34,PM25
bkp63t,2026-08-13,15:00,23,13.6,-999,-1,-999,-1,-999,-1,-999,-1,-999,-1,23,PM25
bkp64t,2026-08-13,15:00,38,20.0,-999,-1,-999,-1,-999,-1,-999,-1,-999,-1,38,PM25
bkp65t,2026-08-13,15:00,29,16.5,-999,-1,-999,-1,-999,-1,-999,-1,-999,-1,29,PM25
bkp66t,2026-08-13,15:00,34,18.2,-999,-1,-999,-1,-999,-1,-999,-1,-999,-1,34,PM25
bkp67t,2026-08-13,15:00,31,17.2,-999,-1,-999,-1,-999,-1,-999,-1,-999,-1,31,PM25
bkp69t,2026-08-13,15:00,18,10.9,-999,-1,-999,-1,-999,-1,-999,-1,-999,-1,18,PM25
bkp70t,2026-08-13,15:00,24,14.6,27,52,-999,-1,-999,-1,-999,-1,-999,-1,27,PM10
bkp71t,2026-08-13,15:00,20,12.2,16,31,-999,-1,-999,-1,-999,-1,-999,-1,20,PM25
bkp72t,2026-08-13,15:00,47,23.6,28,54,-999,-1,-999,-1,-999,-1,-999,-1,47,PM25
bkp73t,2026-08-13,15:00,22,13.4,-999,-1,-999,-1,-999,-1,-999,-1,-999,-1,22,PM25
bkp74t,2026-08-13,15:00,11,6.5,12,23,-999,-1,-999,-1,-999,-1,-999,-1,12,PM10
bkp75t,2026-08-13,15:00,29,16.3,21,41,-999,-1,-999,-1,-999,-1,-999,-1,29,PM25
bkp76t,2026-08-13,15:00,14,8.6,-999,-1,-999,-1,-999,-1,-999,-1,-999,-1,14,PM25
bkp77t,2026-08-13,15:00,17,10.2,14,28,-999,-1,-999,-1,-999,-1,-999,-1,17,PM25
bkp78t,2026-08-13,15:00,41,21.2,-999,-1,-999,-1,-999,-1,-999,-1,-999,-1,41,PM25
bkp79t,2026-08-13,15:00,30,16.8,17,33,-999,-1,-999,-1,-999,-1,-999,-1,30,PM25
bkp80t,2026-08-13,15:00,42,21.8,44,73,-999,-1,-999,-1,-999,-1,-999,-1,44,PM10
bkp81t,2026-08-13,15:00,37,19.8,34,61,-999,-1,-999,-1,-999,-1,-999,-1,37,PM25
bkp82t,2026-08-13,15:00,23,13.6,-999,-1,-999,-1,-999,-1,-999,-1,-999,-1,23,PM25
bkp83t,2026-08-13,15:00,16,9.3,-999,-1,-999,-1,-999,-1,-999,-1,-999,-1,16,PM25
bkp84t,2026-08-13,15:00,34,18.4,19,38,-999,-1,-999,-1,-999,-1,-999,-1,34,PM25
bkp85t,2026-08-13,15:00,33,18.1,-999,-1,-999,-1,-999,-1,-999,-1,-999,-1,33,PM25
bkp86t,2026-08-13,15:00,22,13.3,12,23,-999,-1,-999,-1,-999,-1,-999,-1,22,PM25
bkp87t,2026-08-13,15:00,24,14.1,14,28,-999,-1,-999,-1,-999,-1,-999,-1,24,PM25
bkp88t,2026-08-13,15:00,28,15.8,-999,-1,-999,-1,-999,-1,-999,-1,-999,-1,28,PM25
bkp89t,2026-08-13,15:00,38,19.9,26,51,-999,-1,-999,-1,-999,-1,-999,-1,38,PM25
bkp90t,2026-08-13,15:00,34,18.5,24,48,-999,-1,-999,-1,-999,-1,-999,-1,34,PM25
bkp91t,2026-08-13,15:00,21,12.4,21,41,-999,-1,-999,-1,-999,-1,-999,-1,21,PM25
bkp92t,2026-08-13,15:00,28,16.1,-999,-1,-999,-1,-999,-1,-999,-1,-999,-1,28,PM25
bkp93t,2026-08-13,15:00,14,8.1,13,26,-999,-1,-999,-1,-999,-1,-999,-1,14,PM25
bkp94t,2026-08-13,15:00,27,15.7,-999,-1,-999,-1,-999,-1,-999,-1,-999,-1,27,PM25
bkp95t,2026-08-13,15:00,24,14.2,-999,-1,-999,-1,-999,-1,-999,-1,-999,-1,24,PM25
bkp96t,2026-08-13,15:00,20,12.1,12,24,-999,-1,-999,-1,-999,-1,-999,-1,20,PM25
bkp97t,2026-08-13,15:00,23,13.7,-999,-1,-999,-1,-999,-1,-999,-1,-999,-1,23,PM25
bkp98t,2026-08-13,15:00,38,20.1,-999,-1,-999,-1,-999,-1,-999,-1,-999,-1,38,PM25
bkp99t,2026-08-13,15:00,22,13.4,11,22,-999,-1,-999,-1,-999,-1,-999,-1,22,PM25
o10,2026-08-13,15:00,21,12.3,-999,-1,-999,-1,-999,-1,-999,-1,-999,-1,21,PM25
o61,2026-08-13,15:00,18,11.0,-999,-1,-999,-1,-999,-1,-999,-1,-999,-1,18,PM25
02t,2026-08-13,16:00,21,12.3,-1,-1,-1,-1,-1,-1,-1,-1,-1,-1,21,PM25
08t,2026-08-13,16:00,36,19.3,-1,-1,-1,-1,-1,-1,-1,-1,-1,-1,36,PM25
100t,2026-08-13,16:00,20,12.0,24,47,11,15,0,0.00,2,5,0,0,24,PM10
101t,2026-08-13,16:00,17,10.2,11,22,-1,-1,18,3.20,1,2,0,1,18,CO
102t,2026-08-13,16:00,32,17.7,16,32,-1,-1,-1,-1,-1,-1,0,1,32,PM25
103t,2026-08-13,16:00,19,11.1,18,35,-1,-1,1,0.10,5,11,0,0,19,PM25
104t,2026-08-13,16:00,22,13.2,-1,-1,24,34,1,0.20,1,3,1,2,24,O3
105t,2026-08-13,16:00,15,9.1,-999,-1,19,26,1,0.10,3,7,0,1,19,O3
106t,2026-08-13,16:00,15,9.1,-999,-1,7,10,2,0.30,1,3,0,0,15,PM25
107t,2026-08-13,16:00,22,12.9,-1,-1,24,33,1,0.20,0,1,-1,-1,24,O3
108t,2026-08-13,16:00,17,10.4,-1,-1,20,28,10,1.70,0,0,1,2,20,O3
109t,2026-08-13,16:00,22,13.0,-1,-1,19,26,1,0.10,1,2,1,3,22,PM25
110t,2026-08-13,16:00,32,17.7,-999,-1,26,36,-1,-1,1,3,0,0,32,PM25
111t,2026-08-13,16:00,15,9.0,-999,-1,19,26,0,0.00,0,0,0,0,19,O3
112t,2026-08-13,16:00,15,8.8,-999,-1,14,20,0,0.00,3,7,0,0,15,PM25
113t,2026-08-13,16:00,13,7.8,10,19,38,43,0,0.00,0,0,0,0,38,O3
114t,2026-08-13,16:00,17,9.9,14,27,23,32,2,0.40,1,2,0,1,23,O3
115t,2026-08-13,16:00,17,10.1,12,23,16,22,1,0.20,0,1,0,1,17,PM25
116t,2026-08-13,16:00,12,7.0,10,19,21,30,1,0.10,1,3,0,1,21,O3
117t,2026-08-13,16:00,21,12.8,-999,-1,11,15,1,0.20,1,3,0,1,21,PM25
118t,2026-08-13,16:00,13,7.7,-1,-1,6,9,2,0.30,1,2,0,0,13,PM25
119t,2026-08-13,16:00,11,6.6,-1,-1,13,18,7,1.20,0,0,1,2,13,O3
120t,2026-08-13,16:00,12,6.9,-1,-1,14,20,3,0.50,0,1,0,0,14,O3
121t,2026-08-13,16:00,12,7.1,-1,-1,11,15,1,0.10,1,2,0,1,12,PM25
13t,2026-08-13,16:00,11,6.5,-1,-1,19,26,2,0.30,-1,-1,-1,-1,19,O3
14t,2026-08-13,16:00,30,16.7,-1,-1,10,14,2,0.30,3,8,0,1,30,PM25
16t,2026-08-13,16:00,18,10.8,11,22,-1,-1,-1,-1,-1,-1,-1,-1,18,PM25
17t,2026-08-13,16:00,25,14.9,-1,-1,-1,-1,-1,-1,-1,-1,-1,-1,25,PM25
19t,2026-08-13,16:00,21,12.3,-1,-1,-1,-1,-1,-1,-1,-1,-1,-1,21,PM25
20t,2026-08-13,16:00,28,16.0,13,25,-1,-1,-1,-1,-1,-1,-1,-1,28,PM25
21t,2026-08-13,16:00,17,10.0,-1,-1,-1,-1,-1,-1,-1,-1,-1,-1,17,PM25
22t,2026-08-13,16:00,14,8.1,10,19,-1,-1,-1,-1,-1,-1,-1,-1,14,PM25
24t,2026-08-13,16:00,29,16.4,25,50,-1,-1,-1,-1,-1,-1,-1,-1,29,PM25
25t,2026-08-13,16:00,21,12.4,14,28,-1,-1,-999,-1,-1,-1,-999,-1,21,PM25
26t,2026-08-13,16:00,28,15.8,-1,-1,-1,-1,-1,-1,-1,-1,-1,-1,28,PM25
27t,2026-08-13,16:00,35,18.8,-1,-1,-1,-1,-999,-1,-1,-1,-1,-1,35,PM25
28t,2026-08-13,16:00,33,17.8,-1,-1,-1,-1,-1,-1,-1,-1,-1,-1,33,PM25
29t,2026-08-13,16:00,35,18.9,28,53,-1,-1,-1,-1,-1,-1,-1,-1,35,PM25
30t,2026-08-13,16:00,27,15.6,23,46,12,17,1,0.10,1,2,0,0,27,PM25
31t,2026-08-13,16:00,34,18.4,-1,-1,-1,-1,-1,-1,-1,-1,-1,-1,34,PM25
33t,2026-08-13,16:00,20,12.2,-1,-1,-1,-1,-999,-1,-1,-1,-999,-1,20,PM25
34t,2026-08-13,16:00,36,19.1,-1,-1,-1,-1,-1,-1,-1,-1,-999,-1,36,PM25
35t,2026-08-13,16:00,29,16.4,-1,-1,-1,-1,-1,-1,-1,-1,-1,-1,29,PM25
36t,2026-08-13,16:00,15,9.2,-1,-1,-999,-1,-1,-1,-1,-1,-1,-1,15,PM25
37t,2026-08-13,16:00,16,9.6,-1,-1,-1,-1,-1,-1,-1,-1,-1,-1,16,PM25
38t,2026-08-13,16:00,15,9.2,-1,-1,20,28,2,0.30,0,1,0,1,20,O3
39t,2026-08-13,16:00,15,9.1,-1,-1,-1,-1,-999,-1,-1,-1,-1,-1,15,PM25
40t,2026-08-13,16:00,16,9.4,-1,-1,-1,-1,-999,-1,-1,-1,-1,-1,16,PM25
41t,2026-08-13,16:00,13,8.0,-1,-1,-1,-1,-1,-1,-1,-1,-1,-1,13,PM25
46t,2026-08-13,16:00,42,21.7,-1,-1,-1,-1,-1,-1,-1,-1,-1,-1,42,PM25
47t,2026-08-13,16:00,28,16.0,-1,-1,-1,-1,-1,-1,-1,-1,-1,-1,28,PM25
50t,2026-08-13,16:00,29,16.3,-1,-1,-999,-1,-1,-1,-1,-1,-999,-1,29,PM25
52t,2026-08-13,16:00,28,15.9,-1,-1,-1,-1,-1,-1,-1,-1,-1,-1,28,PM25
53t,2026-08-13,16:00,28,15.8,-1,-1,-999,-1,-1,-1,-1,-1,-999,-1,28,PM25
57t,2026-08-13,16:00,15,9.2,15,29,-1,-1,-1,-1,-1,-1,-999,-1,15,PM10
58t,2026-08-13,16:00,14,8.5,8,16,-1,-1,-1,-1,-1,-1,-999,-1,14,PM25
59t,2026-08-13,16:00,18,10.8,11,22,22,31,3,0.50,3,7,-999,-1,22,O3
60t,2026-08-13,16:00,33,18.1,-1,-1,-1,-1,-999,-1,-1,-1,-1,-1,33,PM25
61t,2026-08-13,16:00,21,12.3,-1,-1,-1,-1,-999,-1,-1,-1,-1,-1,21,PM25
67t,2026-08-13,16:00,37,19.8,-1,-1,-1,-1,-1,-1,-1,-1,-1,-1,37,PM25
68t,2026-08-13,16:00,17,10.0,10,20,-1,-1,-1,-1,-1,-1,-1,-1,17,PM25
69t,2026-08-13,16:00,16,9.6,-1,-1,-1,-1,-1,-1,-1,-1,-1,-1,16,PM25
70t,2026-08-13,16:00,16,9.6,-1,-1,-1,-1,-1,-1,-1,-1,-999,-1,16,PM25
71t,2026-08-13,16:00,14,8.5,9,18,9,12,0,0.00,2,4,2,9,14,PM25
72t,2026-08-13,16:00,16,9.5,10,19,-1,-1,-1,-1,0,0,-1,-1,16,PM25
73t,2026-08-13,16:00,23,13.5,-1,-1,-1,-1,-1,-1,-1,-1,-1,-1,23,PM25
74t,2026-08-13,16:00,28,16.0,-1,-1,-1,-1,-1,-1,-1,-1,-1,-1,28,PM25
75t,2026-08-13,16:00,16,9.6,-1,-1,-1,-1,-1,-1,0,1,2,9,16,PM25
76t,2026-08-13,16:00,14,8.3,-1,-1,-1,-1,-1,-1,-1,-1,-999,-1,14,PM25
77t,2026-08-13,16:00,30,16.8,15,30,-1,-1,-999,-1,-1,-1,-1,-1,30,PM25
78t,2026-08-13,16:00,11,6.6,-1,-1,-999,-1,-999,-1,-999,-1,-999,-1,11,PM25
79t,2026-08-13,16:00,23,13.8,-1,-1,-1,-1,-1,-1,-1,-1,-1,-1,23,PM25
81t,2026-08-13,16:00,13,8.0,-1,-1,-1,-1,-1,-1,-1,-1,-1,-1,13,PM25
82t,2026-08-13,16:00,18,10.6,21,42,-1,-1,1,0.20,0,1,-1,-1,21,PM10
83t,2026-08-13,16:00,18,10.6,12,23,-1,-1,-1,-1,-1,-1,-1,-1,18,PM25
84t,2026-08-13,16:00,24,14.5,16,31,-1,-1,-1,-1,-1,-1,-1,-1,24,PM25
85t,2026-08-13,16:00,14,8.1,-1,-1,-1,-1,-1,-1,-1,-1,-1,-1,14,PM25
86t,2026-08-13,16:00,37,19.8,19,37,-1,-1,5,0.90,9,21,-1,-1,37,PM25
87t,2026-08-13,16:00,27,15.7,-1,-1,-1,-1,-1,-1,0,0,-1,-1,27,PM25
88t,2026-08-13,16:00,25,14.9,14,28,-1,-1,-1,-1,3,7,-1,-1,25,PM25
90t,2026-08-13,16:00,21,12.6,12,23,-1,-1,-1,-1,-1,-1,-1,-1,21,PM25
91t,2026-08-13,16:00,21,12.8,-1,-1,-1,-1,-1,-1,-1,-1,-1,-1,21,PM25
92t,2026-08-13,16:00,15,9.1,-1,-1,-1,-1,-1,-1,-1,-1,-1,-1,15,PM25
93t,2026-08-13,16:00,11,6.7,7,14,-1,-1,0,0.00,1,3,0,0,11,PM25
94t,2026-08-13,16:00,13,7.5,8,15,-1,-1,-1,-1,-1,-1,-1,-1,13,PM25
95t,2026-08-13,16:00,19,11.6,11,21,-1,-1,-1,-1,-1,-1,-1,-1,19,PM25
96t,2026-08-13,16:00,16,9.8,10,20,-1,-1,0,0.00,0,1,0,1,16,PM25
97t,2026-08-13,16:00,21,12.3,10,19,14,19,0,0.00,1,3,1,3,21,PM25
98t,2026-08-13,16:00,15,9.0,10,19,17,24,2,0.30,-1,-1,0,0,17,O3
99t,2026-08-13,16:00,19,11.1,11,22,18,25,1,0.20,4,10,1,4,19,PM25
bkp100t,2026-08-13,16:00,15,8.7,-999,-1,-999,-1,-999,-1,-999,-1,-999,-1,15,PM25
bkp101t,2026-08-13,16:00,26,15.3,12,24,-999,-1,-999,-1,-999,-1,-999,-1,26,PM25
bkp102t,2026-08-13,16:00,22,13.2,20,40,-999,-1,-999,-1,-999,-1,-999,-1,22,PM25
bkp103t,2026-08-13,16:00,19,11.5,-999,-1,-999,-1,-999,-1,-999,-1,-999,-1,19,PM25
bkp104t,2026-08-13,16:00,20,12.1,14,28,-999,-1,-999,-1,-999,-1,-999,-1,20,PM25
bkp105t,2026-08-13,16:00,37,19.5,-999,-1,-999,-1,-999,-1,-999,-1,-999,-1,37,PM25
bkp114t,2026-08-13,16:00,15,8.8,-999,-1,-999,-1,-999,-1,-999,-1,-999,-1,15,PM25
bkp115t,2026-08-13,16:00,16,9.4,-999,-1,-999,-1,-999,-1,-999,-1,-999,-1,16,PM25
bkp116t,2026-08-13,16:00,15,8.8,-999,-1,-999,-1,-999,-1,-999,-1,-999,-1,15,PM25
bkp117t,2026-08-13,16:00,14,8.6,-999,-1,-999,-1,-999,-1,-999,-1,-999,-1,14,PM25
bkp118t,2026-08-13,16:00,28,15.9,-999,-1,-999,-1,-999,-1,-999,-1,-999,-1,28,PM25
bkp119t,2026-08-13,16:00,19,11.1,-999,-1,-999,-1,-999,-1,-999,-1,-999,-1,19,PM25
bkp120t,2026-08-13,16:00,15,9.0,-999,-1,-999,-1,-999,-1,-999,-1,-999,-1,15,PM25
bkp121t,2026-08-13,16:00,22,13.1,-999,-1,-999,-1,-999,-1,-999,-1,-999,-1,22,PM25
bkp122t,2026-08-13,16:00,14,8.6,-999,-1,-999,-1,-999,-1,-999,-1,-999,-1,14,PM25
bkp123t,2026-08-13,16:00,13,7.5,-999,-1,-999,-1,-999,-1,-999,-1,-999,-1,13,PM25
bkp124t,2026-08-13,16:00,28,16.0,-999,-1,-999,-1,-999,-1,-999,-1,-999,-1,28,PM25
bkp125t,2026-08-13,16:00,28,16.0,-999,-1,-999,-1,-999,-1,-999,-1,-999,-1,28,PM25
bkp126t,2026-08-13,16:00,21,12.5,-999,-1,-999,-1,-999,-1,-999,-1,-999,-1,21,PM25
bkp127t,2026-08-13,16:00,35,18.8,-999,-1,-999,-1,-999,-1,-999,-1,-999,-1,35,PM25
bkp128t,2026-08-13,16:00,16,9.7,-999,-1,-999,-1,-999,-1,-999,-1,-999,-1,16,PM25
bkp129t,2026-08-13,16:00,20,12.0,-999,-1,-999,-1,-999,-1,-999,-1,-999,-1,20,PM25
bkp130t,2026-08-13,16:00,13,7.7,-999,-1,-999,-1,-999,-1,-999,-1,-999,-1,13,PM25
bkp131t,2026-08-13,16:00,17,10.4,-999,-1,-999,-1,-999,-1,-999,-1,-999,-1,17,PM25
bkp133t,2026-08-13,16:00,18,10.6,-999,-1,-999,-1,-999,-1,-999,-1,-999,-1,18,PM25
bkp56t,2026-08-13,16:00,25,14.7,27,52,-999,-1,-999,-1,-999,-1,-999,-1,27,PM10
bkp57t,2026-08-13,16:00,22,13.3,20,40,-999,-1,-999,-1,-999,-1,-999,-1,22,PM25
bkp58t,2026-08-13,16:00,38,20.0,32,58,-999,-1,-999,-1,-999,-1,-999,-1,38,PM25
bkp59t,2026-08-13,16:00,20,12.1,19,37,-999,-1,-999,-1,-999,-1,-999,-1,20,PM25
bkp60t,2026-08-13,16:00,18,10.5,19,38,-999,-1,-999,-1,-999,-1,-999,-1,19,PM10
bkp61t,2026-08-13,16:00,21,12.5,15,29,-999,-1,-999,-1,-999,-1,-999,-1,21,PM25
bkp62t,2026-08-13,16:00,34,18.2,-999,-1,-999,-1,-999,-1,-999,-1,-999,-1,34,PM25
bkp63t,2026-08-13,16:00,22,13.0,-999,-1,-999,-1,-999,-1,-999,-1,-999,-1,22,PM25
bkp64t,2026-08-13,16:00,38,20.2,-999,-1,-999,-1,-999,-1,-999,-1,-999,-1,38,PM25
bkp65t,2026-08-13,16:00,29,16.4,-999,-1,-999,-1,-999,-1,-999,-1,-999,-1,29,PM25
bkp66t,2026-08-13,16:00,34,18.3,-999,-1,-999,-1,-999,-1,-999,-1,-999,-1,34,PM25
bkp67t,2026-08-13,16:00,32,17.4,-999,-1,-999,-1,-999,-1,-999,-1,-999,-1,32,PM25
bkp69t,2026-08-13,16:00,19,11.5,-999,-1,-999,-1,-999,-1,-999,-1,-999,-1,19,PM25
bkp70t,2026-08-13,16:00,25,15.0,28,53,-999,-1,-999,-1,-999,-1,-999,-1,28,PM10
bkp71t,2026-08-13,16:00,20,11.8,16,31,-999,-1,-999,-1,-999,-1,-999,-1,20,PM25
bkp72t,2026-08-13,16:00,40,20.9,29,55,-999,-1,-999,-1,-999,-1,-999,-1,40,PM25
bkp73t,2026-08-13,16:00,22,13.3,-999,-1,-999,-1,-999,-1,-999,-1,-999,-1,22,PM25
bkp74t,2026-08-13,16:00,11,6.5,12,23,-999,-1,-999,-1,-999,-1,-999,-1,12,PM10
bkp75t,2026-08-13,16:00,26,15.2,20,40,-999,-1,-999,-1,-999,-1,-999,-1,26,PM25
bkp76t,2026-08-13,16:00,15,8.8,-999,-1,-999,-1,-999,-1,-999,-1,-999,-1,15,PM25
bkp77t,2026-08-13,16:00,17,10.0,14,28,-999,-1,-999,-1,-999,-1,-999,-1,17,PM25
bkp78t,2026-08-13,16:00,41,21.3,-999,-1,-999,-1,-999,-1,-999,-1,-999,-1,41,PM25
bkp79t,2026-08-13,16:00,32,17.4,17,33,-999,-1,-999,-1,-999,-1,-999,-1,32,PM25
bkp80t,2026-08-13,16:00,43,22.1,45,74,-999,-1,-999,-1,-999,-1,-999,-1,45,PM10
bkp81t,2026-08-13,16:00,36,19.4,34,61,-999,-1,-999,-1,-999,-1,-999,-1,36,PM25
bkp82t,2026-08-13,16:00,23,13.8,-999,-1,-999,-1,-999,-1,-999,-1,-999,-1,23,PM25
bkp83t,2026-08-13,16:00,15,8.8,-999,-1,-999,-1,-999,-1,-999,-1,-999,-1,15,PM25
bkp84t,2026-08-13,16:00,35,18.9,19,37,-999,-1,-999,-1,-999,-1,-999,-1,35,PM25
bkp85t,2026-08-13,16:00,34,18.3,-999,-1,-999,-1,-999,-1,-999,-1,-999,-1,34,PM25
bkp86t,2026-08-13,16:00,23,13.5,12,23,-999,-1,-999,-1,-999,-1,-999,-1,23,PM25
bkp87t,2026-08-13,16:00,21,12.7,14,28,-999,-1,-999,-1,-999,-1,-999,-1,21,PM25
bkp88t,2026-08-13,16:00,28,16.0,-999,-1,-999,-1,-999,-1,-999,-1,-999,-1,28,PM25
bkp89t,2026-08-13,16:00,37,19.7,29,55,-999,-1,-999,-1,-999,-1,-999,-1,37,PM25
bkp90t,2026-08-13,16:00,35,18.9,25,49,-999,-1,-999,-1,-999,-1,-999,-1,35,PM25
bkp91t,2026-08-13,16:00,20,12.1,21,41,-999,-1,-999,-1,-999,-1,-999,-1,21,PM10
bkp92t,2026-08-13,16:00,28,16.1,-999,-1,-999,-1,-999,-1,-999,-1,-999,-1,28,PM25
bkp93t,2026-08-13,16:00,13,8.0,13,26,-999,-1,-999,-1,-999,-1,-999,-1,13,PM25
bkp94t,2026-08-13,16:00,28,15.9,-999,-1,-999,-1,-999,-1,-999,-1,-999,-1,28,PM25
bkp95t,2026-08-13,16:00,23,14.0,-999,-1,-999,-1,-999,-1,-999,-1,-999,-1,23,PM25
bkp96t,2026-08-13,16:00,21,12.3,12,24,-999,-1,-999,-1,-999,-1,-999,-1,21,PM25
bkp97t,2026-08-13,16:00,22,13.3,-999,-1,-999,-1,-999,-1,-999,-1,-999,-1,22,PM25
bkp98t,2026-08-13,16:00,36,19.4,-999,-1,-999,-1,-999,-1,-999,-1,-999,-1,36,PM25
bkp99t,2026-08-13,16:00,22,13.1,11,22,-999,-1,-999,-1,-999,-1,-999,-1,22,PM25
o10,2026-08-13,16:00,20,12.2,-999,-1,-999,-1,-999,-1,-999,-1,-999,-1,20,PM25
o61,2026-08-13,16:00,18,10.7,-999,-1,-999,-1,-999,-1,-999,-1,-999,-1,18,PM25
o63,2026-08-13,16:00,21,12.3,-999,-1,-999,-1,-999,-1,-999,-1,-999,-1,21,PM25
03t,2026-08-13,17:00,30,16.6,-1,-1,-1,-1,-1,-1,-1,-1,-999,-1,30,PM25
12t,2026-08-13,17:00,21,12.7,-1,-1,-1,-1,-1,-1,-1,-1,-1,-1,21,PM25
37t,2026-08-13,17:00,16,9.7,-1,-1,-1,-1,-1,-1,-1,-1,-1,-1,16,PM25
38t,2026-08-13,17:00,15,9.2,-1,-1,21,30,2,0.30,1,2,0,1,21,O3
39t,2026-08-13,17:00,15,9.1,-1,-1,-1,-1,-999,-1,-1,-1,-1,-1,15,PM25
41t,2026-08-13,17:00,13,8.0,-1,-1,-1,-1,-1,-1,-1,-1,-1,-1,13,PM25
42t,2026-08-13,17:00,12,7.2,-1,-1,-1,-1,-1,-1,-1,-1,-1,-1,12,PM25
43t,2026-08-13,17:00,13,7.6,-1,-1,-1,-1,-1,-1,3,6,0,1,13,PM25
44t,2026-08-13,17:00,13,7.9,-1,-1,-1,-1,-1,-1,-1,-1,-1,-1,13,PM25
54t,2026-08-13,17:00,30,16.8,-1,-1,-1,-1,-1,-1,-1,-1,-1,-1,30,PM25
62t,2026-08-13,17:00,12,7.0,-1,-1,-1,-1,-1,-1,-1,-1,-999,-1,12,PM25
63t,2026-08-13,17:00,11,6.8,-1,-1,-1,-1,-1,-1,-1,-1,-999,-1,11,PM25
76t,2026-08-13,17:00,14,8.3,-1,-1,-1,-1,-1,-1,-1,-1,-999,-1,14,PM25
80t,2026-08-13,17:00,12,7.0,-1,-1,-1,-1,-1,-1,-1,-1,-1,-1,12,PM25
89t,2026-08-13,17:00,12,7.0,8,15,-1,-1,-1,-1,3,8,-1,-1,12,PM25
02t,2026-08-13,18:00,20,12.1,-1,-1,-1,-1,-1,-1,-1,-1,-1,-1,20,PM25
08t,2026-08-13,18:00,36,19.4,-1,-1,-1,-1,-1,-1,-1,-1,-1,-1,36,PM25
100t,2026-08-13,18:00,20,11.9,23,46,11,15,0,0.00,5,12,0,0,23,PM10
101t,2026-08-13,18:00,17,9.9,11,21,-1,-1,18,3.20,1,3,0,1,18,CO
102t,2026-08-13,18:00,32,17.5,16,32,-1,-1,-1,-1,-1,-1,0,1,32,PM25
103t,2026-08-13,18:00,19,11.4,18,35,-1,-1,1,0.10,5,11,0,0,19,PM25
104t,2026-08-13,18:00,21,12.8,-1,-1,29,38,1,0.20,2,5,1,2,29,O3
105t,2026-08-13,18:00,16,9.3,-999,-1,20,28,1,0.10,3,8,0,1,20,O3
106t,2026-08-13,18:00,14,8.1,-999,-1,7,10,2,0.30,2,4,0,0,14,PM25
107t,2026-08-13,18:00,21,12.7,-1,-1,25,35,1,0.20,1,2,0,0,25,O3
108t,2026-08-13,18:00,16,9.7,-1,-1,23,32,10,1.70,0,1,1,2,23,O3
109t,2026-08-13,18:00,22,13.0,-1,-1,19,27,1,0.10,1,2,1,3,22,PM25
110t,2026-08-13,18:00,33,18.1,-999,-1,29,38,-1,-1,-1,-1,-1,-1,33,PM25
111t,2026-08-13,18:00,15,8.8,-999,-1,22,31,0,0.00,0,0,0,0,22,O3
112t,2026-08-13,18:00,15,8.7,-999,-1,16,23,0,0.00,4,9,0,0,16,O3
113t,2026-08-13,18:00,13,7.7,9,18,41,45,0,0.00,0,0,0,0,41,O3
114t,2026-08-13,18:00,16,9.8,14,27,24,33,2,0.40,1,3,0,1,24,O3
115t,2026-08-13,18:00,16,9.8,11,21,16,22,1,0.20,1,2,0,1,16,PM25
116t,2026-08-13,18:00,11,6.7,10,19,24,33,1,0.10,1,3,0,1,24,O3
117t,2026-08-13,18:00,21,12.6,-999,-1,12,17,1,0.20,2,5,0,1,21,PM25
118t,2026-08-13,18:00,13,7.7,-1,-1,7,10,2,0.30,1,2,0,0,13,PM25
119t,2026-08-13,18:00,11,6.5,-1,-1,14,19,7,1.20,0,0,1,2,14,O3
120t,2026-08-13,18:00,12,6.9,-1,-1,14,20,3,0.50,1,2,0,0,14,O3
121t,2026-08-13,18:00,12,7.2,-1,-1,11,16,1,0.10,1,3,0,1,12,PM25
13t,2026-08-13,18:00,10,6.2,-1,-1,22,31,1,0.20,-1,-1,-1,-1,22,O3
14t,2026-08-13,18:00,29,16.3,-1,-1,11,16,1,0.20,3,6,0,1,29,PM25
16t,2026-08-13,18:00,20,11.9,12,23,-1,-1,-1,-1,-1,-1,-1,-1,20,PM25
17t,2026-08-13,18:00,26,15.1,-1,-1,-1,-1,-1,-1,-1,-1,-1,-1,26,PM25
19t,2026-08-13,18:00,21,12.5,-1,-1,-1,-1,-1,-1,-1,-1,-1,-1,21,PM25
20t,2026-08-13,18:00,27,15.6,12,24,-1,-1,-1,-1,-1,-1,-1,-1,27,PM25
21t,2026-08-13,18:00,14,8.6,-1,-1,-1,-1,-1,-1,-1,-1,-1,-1,14,PM25
22t,2026-08-13,18:00,13,7.9,10,19,-1,-1,-1,-1,-1,-1,-1,-1,13,PM25
24t,2026-08-13,18:00,29,16.2,25,50,-1,-1,-1,-1,-1,-1,-1,-1,29,PM25
25t,2026-08-13,18:00,20,12.1,14,28,-1,-1,-999,-1,-1,-1,-999,-1,20,PM25
26t,2026-08-13,18:00,27,15.5,-1,-1,-1,-1,-1,-1,-1,-1,-1,-1,27,PM25
27t,2026-08-13,18:00,36,19.3,-1,-1,-1,-1,-999,-1,-1,-1,-1,-1,36,PM25
28t,2026-08-13,18:00,32,17.7,-1,-1,-1,-1,-1,-1,-1,-1,-1,-1,32,PM25
29t,2026-08-13,18:00,41,21.3,28,54,-1,-1,-1,-1,-1,-1,-1,-1,41,PM25
30t,2026-08-13,18:00,27,15.4,23,45,11,16,1,0.10,3,6,1,2,27,PM25
31t,2026-08-13,18:00,37,19.6,-1,-1,-1,-1,-1,-1,-1,-1,-1,-1,37,PM25
33t,2026-08-13,18:00,20,11.9,-1,-1,-1,-1,-999,-1,-1,-1,-999,-1,20,PM25
34t,2026-08-13,18:00,36,19.4,-1,-1,-1,-1,-1,-1,-1,-1,-999,-1,36,PM25
35t,2026-08-13,18:00,28,16.1,-1,-1,-1,-1,-1,-1,-1,-1,-1,-1,28,PM25
36t,2026-08-13,18:00,15,9.2,-1,-1,-999,-1,-1,-1,-1,-1,-1,-1,15,PM25
40t,2026-08-13,18:00,16,9.4,-1,-1,-1,-1,-999,-1,-1,-1,-1,-1,16,PM25
46t,2026-08-13,18:00,40,20.8,-1,-1,-1,-1,-1,-1,-1,-1,-1,-1,40,PM25
47t,2026-08-13,18:00,27,15.7,-1,-1,-1,-1,-1,-1,-1,-1,-1,-1,27,PM25
50t,2026-08-13,18:00,28,16.1,-1,-1,-999,-1,-1,-1,-1,-1,-999,-1,28,PM25
52t,2026-08-13,18:00,27,15.7,-1,-1,-1,-1,-1,-1,-1,-1,-1,-1,27,PM25
53t,2026-08-13,18:00,27,15.7,-1,-1,-999,-1,-1,-1,-1,-1,-999,-1,27,PM25
57t,2026-08-13,18:00,15,9.1,15,29,-1,-1,-1,-1,-1,-1,-999,-1,15,PM10
58t,2026-08-13,18:00,14,8.6,8,16,-1,-1,-1,-1,-1,-1,-999,-1,14,PM25
59t,2026-08-13,18:00,18,10.6,11,22,26,36,3,0.50,4,10,-999,-1,26,O3
60t,2026-08-13,18:00,34,18.2,-1,-1,-1,-1,-999,-1,-1,-1,-1,-1,34,PM25
61t,2026-08-13,18:00,20,12.2,-1,-1,-1,-1,-999,-1,-1,-1,-1,-1,20,PM25
67t,2026-08-13,18:00,36,19.3,-1,-1,-1,-1,-1,-1,-1,-1,-1,-1,36,PM25
68t,2026-08-13,18:00,17,10.0,10,20,-1,-1,-1,-1,-1,-1,-1,-1,17,PM25
69t,2026-08-13,18:00,16,9.5,-1,-1,-1,-1,-1,-1,-1,-1,-1,-1,16,PM25
70t,2026-08-13,18:00,16,9.5,-1,-1,-1,-1,-1,-1,-1,-1,-999,-1,16,PM25
71t,2026-08-13,18:00,14,8.3,9,18,9,12,0,0.00,2,5,2,9,14,PM25
72t,2026-08-13,18:00,16,9.4,10,19,-1,-1,-1,-1,0,0,-1,-1,16,PM25
73t,2026-08-13,18:00,23,13.7,-1,-1,-1,-1,-1,-1,-1,-1,-1,-1,23,PM25
74t,2026-08-13,18:00,28,15.9,-1,-1,-1,-1,-1,-1,-1,-1,-1,-1,28,PM25
75t,2026-08-13,18:00,16,9.4,-1,-1,-1,-1,-1,-1,0,1,2,9,16,PM25
77t,2026-08-13,18:00,30,16.8,15,29,-1,-1,-999,-1,-1,-1,-1,-1,30,PM25
78t,2026-08-13,18:00,13,7.7,-1,-1,-999,-1,-999,-1,-999,-1,-999,-1,13,PM25
79t,2026-08-13,18:00,21,12.7,-1,-1,-1,-1,-1,-1,-1,-1,-1,-1,21,PM25
81t,2026-08-13,18:00,13,8.0,-1,-1,-1,-1,-1,-1,-1,-1,-1,-1,13,PM25
82t,2026-08-13,18:00,18,10.7,21,41,-1,-1,1,0.20,1,2,-1,-1,21,PM10
83t,2026-08-13,18:00,17,10.2,11,22,-1,-1,-1,-1,-1,-1,-1,-1,17,PM25
84t,2026-08-13,18:00,24,14.1,15,30,-1,-1,-1,-1,-1,-1,-1,-1,24,PM25
85t,2026-08-13,18:00,12,7.3,-1,-1,-1,-1,-1,-1,-1,-1,-1,-1,12,PM25
86t,2026-08-13,18:00,39,20.3,19,37,-1,-1,5,0.90,10,23,-1,-1,39,PM25
87t,2026-08-13,18:00,33,17.8,-1,-1,-1,-1,-1,-1,1,2,-1,-1,33,PM25
88t,2026-08-13,18:00,26,15.1,15,29,-1,-1,-1,-1,3,7,-1,-1,26,PM25
90t,2026-08-13,18:00,20,12.2,12,23,-1,-1,-1,-1,-1,-1,-1,-1,20,PM25
91t,2026-08-13,18:00,21,12.6,-1,-1,-1,-1,-1,-1,-1,-1,-1,-1,21,PM25
92t,2026-08-13,18:00,15,9.0,-1,-1,-1,-1,-1,-1,-1,-1,-1,-1,15,PM25
93t,2026-08-13,18:00,11,6.7,7,14,-1,-1,0,0.00,1,3,0,0,11,PM25
94t,2026-08-13,18:00,12,7.4,7,14,-1,-1,-1,-1,-1,-1,-1,-1,12,PM25
95t,2026-08-13,18:00,19,11.1,10,20,-1,-1,-1,-1,-1,-1,-1,-1,19,PM25
96t,2026-08-13,18:00,16,9.3,10,20,-1,-1,0,0.00,1,2,0,1,16,PM25
97t,2026-08-13,18:00,20,12.0,9,18,14,19,0,0.00,3,6,1,3,20,PM25
98t,2026-08-13,18:00,15,9.0,9,18,20,28,1,0.20,-1,-1,0,0,20,O3
99t,2026-08-13,18:00,18,10.5,10,20,21,29,1,0.20,3,6,1,4,21,O3
bkp100t,2026-08-13,18:00,14,8.4,-999,-1,-999,-1,-999,-1,-999,-1,-999,-1,14,PM25
bkp101t,2026-08-13,18:00,25,15.0,12,24,-999,-1,-999,-1,-999,-1,-999,-1,25,PM25
bkp102t,2026-08-13,18:00,21,12.6,20,40,-999,-1,-999,-1,-999,-1,-999,-1,21,PM25
bkp103t,2026-08-13,18:00,19,11.3,-999,-1,-999,-1,-999,-1,-999,-1,-999,-1,19,PM25
bkp104t,2026-08-13,18:00,20,12.0,14,28,-999,-1,-999,-1,-999,-1,-999,-1,20,PM25
bkp105t,2026-08-13,18:00,36,19.3,-999,-1,-999,-1,-999,-1,-999,-1,-999,-1,36,PM25
bkp114t,2026-08-13,18:00,14,8.3,-999,-1,-999,-1,-999,-1,-999,-1,-999,-1,14,PM25
bkp115t,2026-08-13,18:00,16,9.3,-999,-1,-999,-1,-999,-1,-999,-1,-999,-1,16,PM25
bkp116t,2026-08-13,18:00,14,8.4,-999,-1,-999,-1,-999,-1,-999,-1,-999,-1,14,PM25
bkp117t,2026-08-13,18:00,15,8.7,-999,-1,-999,-1,-999,-1,-999,-1,-999,-1,15,PM25
bkp118t,2026-08-13,18:00,24,14.3,-999,-1,-999,-1,-999,-1,-999,-1,-999,-1,24,PM25
bkp119t,2026-08-13,18:00,18,10.5,-999,-1,-999,-1,-999,-1,-999,-1,-999,-1,18,PM25
bkp120t,2026-08-13,18:00,14,8.5,-999,-1,-999,-1,-999,-1,-999,-1,-999,-1,14,PM25
bkp121t,2026-08-13,18:00,21,12.6,-999,-1,-999,-1,-999,-1,-999,-1,-999,-1,21,PM25
bkp122t,2026-08-13,18:00,14,8.3,-999,-1,-999,-1,-999,-1,-999,-1,-999,-1,14,PM25
bkp123t,2026-08-13,18:00,13,7.5,-999,-1,-999,-1,-999,-1,-999,-1,-999,-1,13,PM25
bkp124t,2026-08-13,18:00,27,15.5,-999,-1,-999,-1,-999,-1,-999,-1,-999,-1,27,PM25
bkp125t,2026-08-13,18:00,26,15.3,-999,-1,-999,-1,-999,-1,-999,-1,-999,-1,26,PM25
bkp126t,2026-08-13,18:00,20,12.2,-999,-1,-999,-1,-999,-1,-999,-1,-999,-1,20,PM25
bkp127t,2026-08-13,18:00,34,18.3,-999,-1,-999,-1,-999,-1,-999,-1,-999,-1,34,PM25
bkp128t,2026-08-13,18:00,16,9.5,-999,-1,-999,-1,-999,-1,-999,-1,-999,-1,16,PM25
bkp129t,2026-08-13,18:00,19,11.5,-999,-1,-999,-1,-999,-1,-999,-1,-999,-1,19,PM25
bkp130t,2026-08-13,18:00,13,7.7,-999,-1,-999,-1,-999,-1,-999,-1,-999,-1,13,PM25
bkp131t,2026-08-13,18:00,16,9.7,-999,-1,-999,-1,-999,-1,-999,-1,-999,-1,16,PM25
bkp133t,2026-08-13,18:00,17,10.3,-999,-1,-999,-1,-999,-1,-999,-1,-999,-1,17,PM25
bkp56t,2026-08-13,18:00,24,14.6,27,52,-999,-1,-999,-1,-999,-1,-999,-1,27,PM10
bkp57t,2026-08-13,18:00,22,13.4,20,40,-999,-1,-999,-1,-999,-1,-999,-1,22,PM25
bkp58t,2026-08-13,18:00,37,19.7,32,58,-999,-1,-999,-1,-999,-1,-999,-1,37,PM25
bkp59t,2026-08-13,18:00,21,12.5,19,37,-999,-1,-999,-1,-999,-1,-999,-1,21,PM25
bkp60t,2026-08-13,18:00,17,10.0,19,38,-999,-1,-999,-1,-999,-1,-999,-1,19,PM10
bkp61t,2026-08-13,18:00,19,11.6,15,29,-999,-1,-999,-1,-999,-1,-999,-1,19,PM25
bkp62t,2026-08-13,18:00,35,18.7,-999,-1,-999,-1,-999,-1,-999,-1,-999,-1,35,PM25
bkp63t,2026-08-13,18:00,21,12.8,-999,-1,-999,-1,-999,-1,-999,-1,-999,-1,21,PM25
bkp64t,2026-08-13,18:00,38,20.0,-999,-1,-999,-1,-999,-1,-999,-1,-999,-1,38,PM25
bkp65t,2026-08-13,18:00,29,16.2,-999,-1,-999,-1,-999,-1,-999,-1,-999,-1,29,PM25
bkp66t,2026-08-13,18:00,34,18.2,-999,-1,-999,-1,-999,-1,-999,-1,-999,-1,34,PM25
bkp67t,2026-08-13,18:00,31,17.3,-999,-1,-999,-1,-999,-1,-999,-1,-999,-1,31,PM25
bkp69t,2026-08-13,18:00,20,11.9,-999,-1,-999,-1,-999,-1,-999,-1,-999,-1,20,PM25
bkp70t,2026-08-13,18:00,24,14.2,28,53,-999,-1,-999,-1,-999,-1,-999,-1,28,PM10
bkp71t,2026-08-13,18:00,19,11.6,15,30,-999,-1,-999,-1,-999,-1,-999,-1,19,PM25
bkp72t,2026-08-13,18:00,41,21.4,31,57,-999,-1,-999,-1,-999,-1,-999,-1,41,PM25
bkp73t,2026-08-13,18:00,22,12.9,-999,-1,-999,-1,-999,-1,-999,-1,-999,-1,22,PM25
bkp74t,2026-08-13,18:00,12,7.4,12,23,-999,-1,-999,-1,-999,-1,-999,-1,12,PM25
bkp75t,2026-08-13,18:00,24,14.5,20,39,-999,-1,-999,-1,-999,-1,-999,-1,24,PM25
bkp76t,2026-08-13,18:00,14,8.6,-999,-1,-999,-1,-999,-1,-999,-1,-999,-1,14,PM25
bkp77t,2026-08-13,18:00,16,9.6,14,28,-999,-1,-999,-1,-999,-1,-999,-1,16,PM25
bkp78t,2026-08-13,18:00,40,21.0,-999,-1,-999,-1,-999,-1,-999,-1,-999,-1,40,PM25
bkp79t,2026-08-13,18:00,29,16.2,17,33,-999,-1,-999,-1,-999,-1,-999,-1,29,PM25
bkp80t,2026-08-13,18:00,41,21.1,45,74,-999,-1,-999,-1,-999,-1,-999,-1,45,PM10
bkp81t,2026-08-13,18:00,35,19.0,33,60,-999,-1,-999,-1,-999,-1,-999,-1,35,PM25
bkp82t,2026-08-13,18:00,24,14.4,-999,-1,-999,-1,-999,-1,-999,-1,-999,-1,24,PM25
bkp83t,2026-08-13,18:00,15,8.9,-999,-1,-999,-1,-999,-1,-999,-1,-999,-1,15,PM25
bkp84t,2026-08-13,18:00,32,17.7,19,37,-999,-1,-999,-1,-999,-1,-999,-1,32,PM25
bkp85t,2026-08-13,18:00,32,17.6,-999,-1,-999,-1,-999,-1,-999,-1,-999,-1,32,PM25
bkp86t,2026-08-13,18:00,22,13.2,11,22,-999,-1,-999,-1,-999,-1,-999,-1,22,PM25
bkp87t,2026-08-13,18:00,20,11.9,14,28,-999,-1,-999,-1,-999,-1,-999,-1,20,PM25
bkp88t,2026-08-13,18:00,28,16.1,-999,-1,-999,-1,-999,-1,-999,-1,-999,-1,28,PM25
bkp89t,2026-08-13,18:00,36,19.4,29,55,-999,-1,-999,-1,-999,-1,-999,-1,36,PM25
bkp90t,2026-08-13,18:00,34,18.2,25,49,-999,-1,-999,-1,-999,-1,-999,-1,34,PM25
bkp91t,2026-08-13,18:00,20,12.1,21,41,-999,-1,-999,-1,-999,-1,-999,-1,21,PM10
bkp92t,2026-08-13,18:00,29,16.2,-999,-1,-999,-1,-999,-1,-999,-1,-999,-1,29,PM25
bkp93t,2026-08-13,18:00,13,7.8,13,26,-999,-1,-999,-1,-999,-1,-999,-1,13,PM25
bkp94t,2026-08-13,18:00,28,15.9,-999,-1,-999,-1,-999,-1,-999,-1,-999,-1,28,PM25
bkp95t,2026-08-13,18:00,24,14.2,-999,-1,-999,-1,-999,-1,-999,-1,-999,-1,24,PM25
bkp96t,2026-08-13,18:00,20,11.8,12,24,-999,-1,-999,-1,-999,-1,-999,-1,20,PM25
bkp97t,2026-08-13,18:00,21,12.7,-999,-1,-999,-1,-999,-1,-999,-1,-999,-1,21,PM25
bkp98t,2026-08-13,18:00,35,19.0,-999,-1,-999,-1,-999,-1,-999,-1,-999,-1,35,PM25
bkp99t,2026-08-13,18:00,21,12.8,11,22,-999,-1,-999,-1,-999,-1,-999,-1,21,PM25
o10,2026-08-13,18:00,21,12.5,-999,-1,-999,-1,-999,-1,-999,-1,-999,-1,21,PM25
o61,2026-08-13,18:00,18,10.9,-999,-1,-999,-1,-999,-1,-999,-1,-999,-1,18,PM25
o63,2026-08-13,18:00,19,11.2,-999,-1,-999,-1,-999,-1,-999,-1,-999,-1,19,PM25
02t,2026-08-13,19:00,20,12.2,-1,-1,-1,-1,-1,-1,-1,-1,-1,-1,20,PM25
08t,2026-08-13,19:00,35,19.0,-1,-1,-1,-1,-1,-1,-1,-1,-1,-1,35,PM25
100t,2026-08-13,19:00,20,11.8,23,46,10,14,1,0.10,5,13,-1,-1,23,PM10
101t,2026-08-13,19:00,16,9.8,11,21,-1,-1,18,3.20,1,3,0,1,18,CO
102t,2026-08-13,19:00,31,17.3,16,31,-1,-1,-1,-1,-1,-1,0,1,31,PM25
103t,2026-08-13,19:00,19,11.5,18,35,-1,-1,1,0.20,5,11,0,0,19,PM25
104t,2026-08-13,19:00,20,12.0,-1,-1,29,38,1,0.20,2,5,1,2,29,O3
105t,2026-08-13,19:00,16,9.3,-999,-1,20,28,1,0.10,5,12,0,1,20,O3
106t,2026-08-13,19:00,13,7.8,-999,-1,7,10,2,0.30,1,3,0,0,13,PM25
107t,2026-08-13,19:00,22,13.0,-1,-1,24,34,1,0.20,1,3,0,0,24,O3
108t,2026-08-13,19:00,16,9.3,-1,-1,24,33,10,1.70,0,1,1,2,24,O3
109t,2026-08-13,19:00,22,12.9,-1,-1,19,27,1,0.10,1,3,1,3,22,PM25
110t,2026-08-13,19:00,33,18.0,-999,-1,29,38,-1,-1,2,4,0,0,33,PM25
111t,2026-08-13,19:00,15,8.7,-999,-1,23,32,0,0.00,0,1,0,0,23,O3
112t,2026-08-13,19:00,14,8.6,-999,-1,18,25,0,0.00,0,0,0,0,18,O3
113t,2026-08-13,19:00,13,7.7,9,18,40,44,0,0.00,0,0,0,0,40,O3
114t,2026-08-13,19:00,16,9.7,14,27,24,33,2,0.40,2,4,0,1,24,O3
115t,2026-08-13,19:00,16,9.8,11,21,15,21,1,0.20,1,3,0,1,16,PM25
116t,2026-08-13,19:00,11,6.7,10,19,24,33,1,0.10,2,4,0,1,24,O3
117t,2026-08-13,19:00,20,11.8,-999,-1,12,17,1,0.20,2,5,0,1,20,PM25
118t,2026-08-13,19:00,13,7.7,-1,-1,7,10,2,0.30,-1,-1,-1,-1,13,PM25
119t,2026-08-13,19:00,11,6.4,-1,-1,13,18,7,1.20,0,1,1,2,13,O3
120t,2026-08-13,19:00,11,6.8,-1,-1,14,19,3,0.50,1,2,0,0,14,O3
121t,2026-08-13,19:00,12,7.3,-1,-1,12,17,1,0.10,1,3,0,1,12,PM25
13t,2026-08-13,19:00,11,6.3,-1,-1,21,30,1,0.20,-1,-1,-1,-1,21,O3
14t,2026-08-13,19:00,27,15.7,-1,-1,12,17,1,0.20,3,8,0,1,27,PM25
16t,2026-08-13,19:00,20,11.8,12,23,-1,-1,-1,-1,-1,-1,-1,-1,20,PM25
17t,2026-08-13,19:00,24,14.5,-1,-1,-1,-1,-1,-1,-1,-1,-1,-1,24,PM25
19t,2026-08-13,19:00,21,12.5,-1,-1,-1,-1,-1,-1,-1,-1,-1,-1,21,PM25
20t,2026-08-13,19:00,26,15.2,12,23,-1,-1,-1,-1,-1,-1,-1,-1,26,PM25
21t,2026-08-13,19:00,14,8.3,-1,-1,-1,-1,-1,-1,-1,-1,-1,-1,14,PM25
22t,2026-08-13,19:00,13,7.8,10,19,-1,-1,-1,-1,-1,-1,-1,-1,13,PM25
24t,2026-08-13,19:00,29,16.3,25,50,-1,-1,-1,-1,-1,-1,-1,-1,29,PM25
25t,2026-08-13,19:00,20,11.8,14,28,-1,-1,-999,-1,-1,-1,-999,-1,20,PM25
26t,2026-08-13,19:00,26,15.3,-1,-1,-1,-1,-1,-1,-1,-1,-1,-1,26,PM25
27t,2026-08-13,19:00,36,19.4,-1,-1,-1,-1,-999,-1,-1,-1,-1,-1,36,PM25
28t,2026-08-13,19:00,32,17.7,-1,-1,-1,-1,-1,-1,-1,-1,-1,-1,32,PM25
29t,2026-08-13,19:00,42,21.9,29,55,-1,-1,-1,-1,-1,-1,-1,-1,42,PM25
30t,2026-08-13,19:00,26,15.3,22,44,10,14,1,0.10,3,6,1,2,26,PM25
31t,2026-08-13,19:00,37,19.7,-1,-1,-1,-1,-1,-1,-1,-1,-1,-1,37,PM25
33t,2026-08-13,19:00,19,11.5,-1,-1,-1,-1,-999,-1,-1,-1,-999,-1,19,PM25
34t,2026-08-13,19:00,36,19.4,-1,-1,-1,-1,-1,-1,-1,-1,-999,-1,36,PM25
35t,2026-08-13,19:00,28,15.9,-1,-1,-1,-1,-1,-1,-1,-1,-1,-1,28,PM25
36t,2026-08-13,19:00,16,9.4,-1,-1,-999,-1,-1,-1,-1,-1,-1,-1,16,PM25
40t,2026-08-13,19:00,16,9.5,-1,-1,-1,-1,-999,-1,-1,-1,-1,-1,16,PM25
46t,2026-08-13,19:00,40,20.8,-1,-1,-1,-1,-1,-1,-1,-1,-1,-1,40,PM25
47t,2026-08-13,19:00,27,15.4,-1,-1,-1,-1,-1,-1,-1,-1,-1,-1,27,PM25
50t,2026-08-13,19:00,29,16.3,-1,-1,-999,-1,-1,-1,-1,-1,-999,-1,29,PM25
52t,2026-08-13,19:00,27,15.4,-1,-1,-1,-1,-1,-1,-1,-1,-1,-1,27,PM25
53t,2026-08-13,19:00,27,15.6,-1,-1,-999,-1,-1,-1,-1,-1,-999,-1,27,PM25
57t,2026-08-13,19:00,15,8.8,14,28,-1,-1,-1,-1,-1,-1,-999,-1,15,PM25
58t,2026-08-13,19:00,14,8.5,8,16,-1,-1,-1,-1,-1,-1,-999,-1,14,PM25
59t,2026-08-13,19:00,17,10.4,11,22,26,36,3,0.50,5,11,-999,-1,26,O3
60t,2026-08-13,19:00,34,18.5,-1,-1,-1,-1,-999,-1,-1,-1,-1,-1,34,PM25
61t,2026-08-13,19:00,21,12.3,-1,-1,-1,-1,-999,-1,-1,-1,-1,-1,21,PM25
67t,2026-08-13,19:00,36,19.2,-1,-1,-1,-1,-1,-1,-1,-1,-1,-1,36,PM25
68t,2026-08-13,19:00,17,9.9,10,20,-1,-1,-1,-1,-1,-1,-1,-1,17,PM25
69t,2026-08-13,19:00,16,9.4,-1,-1,-1,-1,-1,-1,-1,-1,-1,-1,16,PM25
70t,2026-08-13,19:00,16,9.5,-1,-1,-1,-1,-1,-1,-1,-1,-999,-1,16,PM25
71t,2026-08-13,19:00,14,8.3,9,18,9,12,0,0.00,3,6,2,9,14,PM25
72t,2026-08-13,19:00,16,9.3,10,19,-1,-1,-1,-1,0,0,-1,-1,16,PM25
73t,2026-08-13,19:00,23,13.6,-1,-1,-1,-1,-1,-1,-1,-1,-1,-1,23,PM25
74t,2026-08-13,19:00,28,15.8,-1,-1,-1,-1,-1,-1,-1,-1,-1,-1,28,PM25
75t,2026-08-13,19:00,16,9.4,-1,-1,-1,-1,-1,-1,1,2,2,9,16,PM25
77t,2026-08-13,19:00,31,17.1,15,29,-1,-1,-999,-1,-1,-1,-1,-1,31,PM25
78t,2026-08-13,19:00,15,8.8,-1,-1,-999,-1,-999,-1,-999,-1,-999,-1,15,PM25
79t,2026-08-13,19:00,21,12.7,-1,-1,-1,-1,-1,-1,-1,-1,-1,-1,21,PM25
81t,2026-08-13,19:00,13,8.0,-1,-1,-1,-1,-1,-1,-1,-1,-1,-1,13,PM25
82t,2026-08-13,19:00,18,10.6,21,42,-1,-1,1,0.20,1,3,-1,-1,21,PM10
83t,2026-08-13,19:00,17,10.2,11,22,-1,-1,-1,-1,-1,-1,-1,-1,17,PM25
84t,2026-08-13,19:00,23,13.8,15,29,-1,-1,-1,-1,-1,-1,-1,-1,23,PM25
85t,2026-08-13,19:00,12,7.1,-1,-1,-1,-1,-1,-1,-1,-1,-1,-1,12,PM25
86t,2026-08-13,19:00,37,19.7,18,36,-1,-1,6,1.00,8,20,-1,-1,37,PM25
87t,2026-08-13,19:00,34,18.4,-1,-1,-1,-1,-1,-1,0,1,-1,-1,34,PM25
88t,2026-08-13,19:00,26,15.3,15,29,-1,-1,-1,-1,3,8,-1,-1,26,PM25
90t,2026-08-13,19:00,20,12.2,12,23,-1,-1,-1,-1,-1,-1,-1,-1,20,PM25
91t,2026-08-13,19:00,21,12.5,-1,-1,-1,-1,-1,-1,-1,-1,-1,-1,21,PM25
92t,2026-08-13,19:00,16,9.7,-1,-1,-1,-1,-1,-1,-1,-1,-1,-1,16,PM25
93t,2026-08-13,19:00,11,6.6,8,15,-1,-1,0,0.00,2,5,0,0,11,PM25
94t,2026-08-13,19:00,12,7.2,7,14,-1,-1,-1,-1,-1,-1,-1,-1,12,PM25
95t,2026-08-13,19:00,19,11.3,10,20,-1,-1,-1,-1,-1,-1,-1,-1,19,PM25
96t,2026-08-13,19:00,15,9.2,10,19,-1,-1,0,0.00,1,2,0,1,15,PM25
97t,2026-08-13,19:00,20,11.8,9,18,14,19,0,0.00,3,6,1,3,20,PM25
98t,2026-08-13,19:00,15,8.9,10,19,20,28,1,0.20,-1,-1,0,0,20,O3
99t,2026-08-13,19:00,16,9.3,10,19,21,29,1,0.20,3,8,1,3,21,O3
bkp100t,2026-08-13,19:00,14,8.2,-999,-1,-999,-1,-999,-1,-999,-1,-999,-1,14,PM25
bkp101t,2026-08-13,19:00,24,14.5,12,24,-999,-1,-999,-1,-999,-1,-999,-1,24,PM25
bkp102t,2026-08-13,19:00,21,12.3,20,40,-999,-1,-999,-1,-999,-1,-999,-1,21,PM25
bkp103t,2026-08-13,19:00,18,11.0,-999,-1,-999,-1,-999,-1,-999,-1,-999,-1,18,PM25
bkp104t,2026-08-13,19:00,19,11.6,14,28,-999,-1,-999,-1,-999,-1,-999,-1,19,PM25
bkp105t,2026-08-13,19:00,35,19.0,-999,-1,-999,-1,-999,-1,-999,-1,-999,-1,35,PM25
bkp115t,2026-08-13,19:00,15,8.7,-999,-1,-999,-1,-999,-1,-999,-1,-999,-1,15,PM25
bkp116t,2026-08-13,19:00,14,8.1,-999,-1,-999,-1,-999,-1,-999,-1,-999,-1,14,PM25
bkp117t,2026-08-13,19:00,14,8.5,-999,-1,-999,-1,-999,-1,-999,-1,-999,-1,14,PM25
bkp118t,2026-08-13,19:00,23,13.5,-999,-1,-999,-1,-999,-1,-999,-1,-999,-1,23,PM25
bkp119t,2026-08-13,19:00,16,9.8,-999,-1,-999,-1,-999,-1,-999,-1,-999,-1,16,PM25
bkp120t,2026-08-13,19:00,13,8.0,-999,-1,-999,-1,-999,-1,-999,-1,-999,-1,13,PM25
bkp121t,2026-08-13,19:00,21,12.4,-999,-1,-999,-1,-999,-1,-999,-1,-999,-1,21,PM25
bkp122t,2026-08-13,19:00,14,8.3,-999,-1,-999,-1,-999,-1,-999,-1,-999,-1,14,PM25
bkp123t,2026-08-13,19:00,12,7.4,-999,-1,-999,-1,-999,-1,-999,-1,-999,-1,12,PM25
bkp124t,2026-08-13,19:00,25,15.0,-999,-1,-999,-1,-999,-1,-999,-1,-999,-1,25,PM25
bkp125t,2026-08-13,19:00,25,14.8,-999,-1,-999,-1,-999,-1,-999,-1,-999,-1,25,PM25
bkp126t,2026-08-13,19:00,20,11.9,-999,-1,-999,-1,-999,-1,-999,-1,-999,-1,20,PM25
bkp127t,2026-08-13,19:00,32,17.7,-999,-1,-999,-1,-999,-1,-999,-1,-999,-1,32,PM25
bkp128t,2026-08-13,19:00,15,9.1,-999,-1,-999,-1,-999,-1,-999,-1,-999,-1,15,PM25
bkp129t,2026-08-13,19:00,17,10.3,-999,-1,-999,-1,-999,-1,-999,-1,-999,-1,17,PM25
bkp130t,2026-08-13,19:00,12,7.4,-999,-1,-999,-1,-999,-1,-999,-1,-999,-1,12,PM25
bkp131t,2026-08-13,19:00,16,9.8,-999,-1,-999,-1,-999,-1,-999,-1,-999,-1,16,PM25
bkp133t,2026-08-13,19:00,16,9.8,-999,-1,-999,-1,-999,-1,-999,-1,-999,-1,16,PM25
bkp56t,2026-08-13,19:00,24,14.2,26,51,-999,-1,-999,-1,-999,-1,-999,-1,26,PM10
bkp57t,2026-08-13,19:00,22,13.3,20,40,-999,-1,-999,-1,-999,-1,-999,-1,22,PM25
bkp58t,2026-08-13,19:00,37,19.5,33,59,-999,-1,-999,-1,-999,-1,-999,-1,37,PM25
bkp59t,2026-08-13,19:00,22,13.0,19,38,-999,-1,-999,-1,-999,-1,-999,-1,22,PM25
bkp60t,2026-08-13,19:00,16,9.5,19,37,-999,-1,-999,-1,-999,-1,-999,-1,19,PM10
bkp61t,2026-08-13,19:00,18,10.9,15,29,-999,-1,-999,-1,-999,-1,-999,-1,18,PM25
bkp62t,2026-08-13,19:00,35,19.0,-999,-1,-999,-1,-999,-1,-999,-1,-999,-1,35,PM25
bkp63t,2026-08-13,19:00,21,12.6,-999,-1,-999,-1,-999,-1,-999,-1,-999,-1,21,PM25
bkp64t,2026-08-13,19:00,36,19.1,-999,-1,-999,-1,-999,-1,-999,-1,-999,-1,36,PM25
bkp65t,2026-08-13,19:00,28,16.0,-999,-1,-999,-1,-999,-1,-999,-1,-999,-1,28,PM25
bkp66t,2026-08-13,19:00,34,18.2,-999,-1,-999,-1,-999,-1,-999,-1,-999,-1,34,PM25
bkp67t,2026-08-13,19:00,32,17.5,-999,-1,-999,-1,-999,-1,-999,-1,-999,-1,32,PM25
bkp69t,2026-08-13,19:00,20,12.1,-999,-1,-999,-1,-999,-1,-999,-1,-999,-1,20,PM25
bkp70t,2026-08-13,19:00,24,14.3,29,55,-999,-1,-999,-1,-999,-1,-999,-1,29,PM10
bkp71t,2026-08-13,19:00,20,11.7,16,31,-999,-1,-999,-1,-999,-1,-999,-1,20,PM25
bkp72t,2026-08-13,19:00,41,21.2,33,60,-999,-1,-999,-1,-999,-1,-999,-1,41,PM25
bkp73t,2026-08-13,19:00,21,12.8,-999,-1,-999,-1,-999,-1,-999,-1,-999,-1,21,PM25
bkp74t,2026-08-13,19:00,12,7.1,11,22,-999,-1,-999,-1,-999,-1,-999,-1,12,PM25
bkp75t,2026-08-13,19:00,23,13.5,19,37,-999,-1,-999,-1,-999,-1,-999,-1,23,PM25
bkp76t,2026-08-13,19:00,14,8.4,-999,-1,-999,-1,-999,-1,-999,-1,-999,-1,14,PM25
bkp77t,2026-08-13,19:00,16,9.6,14,28,-999,-1,-999,-1,-999,-1,-999,-1,16,PM25
bkp78t,2026-08-13,19:00,39,20.4,-999,-1,-999,-1,-999,-1,-999,-1,-999,-1,39,PM25
bkp79t,2026-08-13,19:00,26,15.1,16,32,-999,-1,-999,-1,-999,-1,-999,-1,26,PM25
bkp80t,2026-08-13,19:00,38,20.1,45,74,-999,-1,-999,-1,-999,-1,-999,-1,45,PM10
bkp81t,2026-08-13,19:00,34,18.2,33,60,-999,-1,-999,-1,-999,-1,-999,-1,34,PM25
bkp82t,2026-08-13,19:00,25,14.9,-999,-1,-999,-1,-999,-1,-999,-1,-999,-1,25,PM25
bkp83t,2026-08-13,19:00,15,8.9,-999,-1,-999,-1,-999,-1,-999,-1,-999,-1,15,PM25
bkp84t,2026-08-13,19:00,31,17.3,19,37,-999,-1,-999,-1,-999,-1,-999,-1,31,PM25
bkp85t,2026-08-13,19:00,32,17.5,-999,-1,-999,-1,-999,-1,-999,-1,-999,-1,32,PM25
bkp86t,2026-08-13,19:00,21,12.7,11,21,-999,-1,-999,-1,-999,-1,-999,-1,21,PM25
bkp87t,2026-08-13,19:00,19,11.5,14,27,-999,-1,-999,-1,-999,-1,-999,-1,19,PM25
bkp88t,2026-08-13,19:00,28,15.9,-999,-1,-999,-1,-999,-1,-999,-1,-999,-1,28,PM25
bkp89t,2026-08-13,19:00,35,18.7,30,56,-999,-1,-999,-1,-999,-1,-999,-1,35,PM25
bkp90t,2026-08-13,19:00,32,17.4,25,50,-999,-1,-999,-1,-999,-1,-999,-1,32,PM25
bkp91t,2026-08-13,19:00,20,11.9,21,41,-999,-1,-999,-1,-999,-1,-999,-1,21,PM10
bkp92t,2026-08-13,19:00,29,16.2,-999,-1,-999,-1,-999,-1,-999,-1,-999,-1,29,PM25
bkp93t,2026-08-13,19:00,13,7.6,13,26,-999,-1,-999,-1,-999,-1,-999,-1,13,PM25
bkp94t,2026-08-13,19:00,28,16.0,-999,-1,-999,-1,-999,-1,-999,-1,-999,-1,28,PM25
bkp95t,2026-08-13,19:00,23,13.8,-999,-1,-999,-1,-999,-1,-999,-1,-999,-1,23,PM25
bkp96t,2026-08-13,19:00,19,11.4,12,24,-999,-1,-999,-1,-999,-1,-999,-1,19,PM25
bkp97t,2026-08-13,19:00,21,12.4,-999,-1,-999,-1,-999,-1,-999,-1,-999,-1,21,PM25
bkp98t,2026-08-13,19:00,35,18.7,-999,-1,-999,-1,-999,-1,-999,-1,-999,-1,35,PM25
bkp99t,2026-08-13,19:00,21,12.5,11,22,-999,-1,-999,-1,-999,-1,-999,-1,21,PM25
o10,2026-08-13,19:00,21,12.4,-999,-1,-999,-1,-999,-1,-999,-1,-999,-1,21,PM25
o61,2026-08-13,19:00,18,11.0,-999,-1,-999,-1,-999,-1,-999,-1,-999,-1,18,PM25
o63,2026-08-13,19:00,19,11.2,-999,-1,-999,-1,-999,-1,-999,-1,-999,-1,19,PM25
33t,2026-08-13,20:00,19,11.4,-1,-1,-1,-1,-999,-1,-1,-1,-999,-1,19,PM25
50t,2026-08-13,20:00,29,16.4,-1,-1,-999,-1,-1,-1,-1,-1,-999,-1,29,PM25
02t,2026-08-13,21:00,21,12.3,-1,-1,-1,-1,-1,-1,-1,-1,-1,-1,21,PM25
03t,2026-08-13,21:00,30,16.6,-1,-1,-1,-1,-1,-1,-1,-1,-999,-1,30,PM25
08t,2026-08-13,21:00,34,18.4,-1,-1,-1,-1,-1,-1,-1,-1,-1,-1,34,PM25
100t,2026-08-13,21:00,20,11.8,24,47,9,13,1,0.10,5,12,0,0,24,PM10
101t,2026-08-13,21:00,16,9.5,10,20,-1,-1,18,3.20,1,3,0,1,18,CO
102t,2026-08-13,21:00,30,16.8,16,31,-1,-1,-1,-1,-1,-1,0,1,30,PM25
103t,2026-08-13,21:00,20,11.7,17,34,-1,-1,1,0.20,4,10,0,0,20,PM25
104t,2026-08-13,21:00,20,11.9,-1,-1,25,35,1,0.20,2,5,1,2,25,O3
105t,2026-08-13,21:00,16,9.6,-999,-1,18,25,1,0.20,4,10,0,1,18,O3
106t,2026-08-13,21:00,12,7.4,-999,-1,6,8,2,0.30,1,2,0,0,12,PM25
107t,2026-08-13,21:00,21,12.8,-1,-1,21,30,1,0.20,2,4,0,0,21,PM25
108t,2026-08-13,21:00,15,9.0,-1,-1,24,34,10,1.70,0,1,1,2,24,O3
109t,2026-08-13,21:00,22,13.1,-1,-1,19,26,1,0.10,1,2,1,3,22,PM25
110t,2026-08-13,21:00,33,17.8,-999,-1,25,35,-1,-1,1,3,0,0,33,PM25
111t,2026-08-13,21:00,14,8.1,-999,-1,23,32,1,0.10,1,3,0,0,23,O3
112t,2026-08-13,21:00,14,8.4,-999,-1,19,27,0,0.00,0,0,0,0,19,O3
113t,2026-08-13,21:00,13,7.5,9,18,35,41,0,0.00,0,0,0,0,35,O3
114t,2026-08-13,21:00,16,9.4,13,25,22,31,2,0.40,2,4,0,1,22,O3
115t,2026-08-13,21:00,16,9.7,11,21,11,16,1,0.20,2,4,0,1,16,PM25
116t,2026-08-13,21:00,12,7.4,10,19,21,30,1,0.10,1,3,0,0,21,O3
117t,2026-08-13,21:00,18,10.6,-999,-1,11,15,1,0.20,3,6,0,1,18,PM25
118t,2026-08-13,21:00,13,7.6,-1,-1,6,9,2,0.30,2,4,0,0,13,PM25
119t,2026-08-13,21:00,10,6.1,-1,-1,11,15,7,1.20,2,4,1,2,11,O3
120t,2026-08-13,21:00,11,6.5,-1,-1,12,17,3,0.50,1,2,0,0,12,O3
121t,2026-08-13,21:00,12,7.3,-1,-1,12,17,1,0.10,0,1,0,0,12,PM25
12t,2026-08-13,21:00,21,12.8,-1,-1,-1,-1,-1,-1,-1,-1,-1,-1,21,PM25
13t,2026-08-13,21:00,10,6.1,-1,-1,19,26,2,0.30,-1,-1,-1,-1,19,O3
14t,2026-08-13,21:00,26,15.2,-1,-1,11,15,1,0.20,6,15,1,2,26,PM25
16t,2026-08-13,21:00,19,11.2,11,22,-1,-1,-1,-1,-1,-1,-1,-1,19,PM25
17t,2026-08-13,21:00,22,13.3,-1,-1,-1,-1,-1,-1,-1,-1,-1,-1,22,PM25
19t,2026-08-13,21:00,21,12.4,-1,-1,-1,-1,-1,-1,-1,-1,-1,-1,21,PM25
20t,2026-08-13,21:00,25,14.8,12,23,-1,-1,-1,-1,-1,-1,-1,-1,25,PM25
21t,2026-08-13,21:00,13,8.0,-1,-1,-1,-1,-1,-1,-1,-1,-1,-1,13,PM25
22t,2026-08-13,21:00,13,7.6,10,19,-1,-1,-1,-1,-1,-1,-1,-1,13,PM25
24t,2026-08-13,21:00,27,15.6,26,51,-1,-1,-1,-1,-1,-1,-1,-1,27,PM25
25t,2026-08-13,21:00,19,11.5,14,28,-1,-1,-999,-1,-1,-1,-999,-1,19,PM25
26t,2026-08-13,21:00,26,15.3,-1,-1,-1,-1,-1,-1,-1,-1,-1,-1,26,PM25
27t,2026-08-13,21:00,38,19.9,-1,-1,-1,-1,-999,-1,-1,-1,-1,-1,38,PM25
28t,2026-08-13,21:00,32,17.6,-1,-1,-1,-1,-1,-1,-1,-1,-1,-1,32,PM25
29t,2026-08-13,21:00,43,22.1,28,54,-1,-1,-1,-1,-1,-1,-1,-1,43,PM25
30t,2026-08-13,21:00,25,14.9,22,43,9,12,1,0.10,1,2,0,1,25,PM25
31t,2026-08-13,21:00,36,19.1,-1,-1,-1,-1,-1,-1,-1,-1,-1,-1,36,PM25
34t,2026-08-13,21:00,36,19.4,-1,-1,-1,-1,-1,-1,-1,-1,-999,-1,36,PM25
35t,2026-08-13,21:00,27,15.6,-1,-1,-1,-1,-1,-1,-1,-1,-1,-1,27,PM25
36t,2026-08-13,21:00,16,9.5,-1,-1,-999,-1,-1,-1,-1,-1,-1,-1,16,PM25
37t,2026-08-13,21:00,16,9.4,-1,-1,-1,-1,-1,-1,-1,-1,-1,-1,16,PM25
38t,2026-08-13,21:00,15,9.0,-1,-1,16,22,2,0.40,1,2,0,1,16,O3
39t,2026-08-13,21:00,15,8.9,-1,-1,-1,-1,-999,-1,-1,-1,-1,-1,15,PM25
40t,2026-08-13,21:00,16,9.8,-1,-1,-1,-1,-999,-1,-1,-1,-1,-1,16,PM25
41t,2026-08-13,21:00,13,7.7,-1,-1,-1,-1,-1,-1,-1,-1,-1,-1,13,PM25
46t,2026-08-13,21:00,38,19.9,-1,-1,-1,-1,-1,-1,-1,-1,-1,-1,38,PM25
47t,2026-08-13,21:00,27,15.5,-1,-1,-1,-1,-1,-1,-1,-1,-1,-1,27,PM25
52t,2026-08-13,21:00,26,15.3,-1,-1,-1,-1,-1,-1,-1,-1,-1,-1,26,PM25
53t,2026-08-13,21:00,27,15.7,-1,-1,-999,-1,-1,-1,-1,-1,-999,-1,27,PM25
54t,2026-08-13,21:00,30,16.8,-1,-1,-1,-1,-1,-1,-1,-1,-1,-1,30,PM25
57t,2026-08-13,21:00,15,8.8,15,29,-1,-1,-1,-1,-1,-1,-999,-1,15,PM10
58t,2026-08-13,21:00,14,8.5,8,16,-1,-1,-1,-1,-1,-1,-999,-1,14,PM25
59t,2026-08-13,21:00,16,9.8,11,22,24,33,3,0.50,7,16,-999,-1,24,O3
60t,2026-08-13,21:00,34,18.6,-1,-1,-1,-1,-999,-1,-1,-1,-1,-1,34,PM25
61t,2026-08-13,21:00,21,12.5,-1,-1,-1,-1,-999,-1,-1,-1,-1,-1,21,PM25
67t,2026-08-13,21:00,37,19.6,-1,-1,-1,-1,-1,-1,-1,-1,-1,-1,37,PM25
68t,2026-08-13,21:00,16,9.7,10,20,-1,-1,-1,-1,-1,-1,-1,-1,16,PM25
69t,2026-08-13,21:00,16,9.4,-1,-1,-1,-1,-1,-1,-1,-1,-1,-1,16,PM25
70t,2026-08-13,21:00,16,9.4,-1,-1,-1,-1,-1,-1,-1,-1,-999,-1,16,PM25
71t,2026-08-13,21:00,15,9.2,10,19,9,12,0,0.00,1,3,2,9,15,PM25
72t,2026-08-13,21:00,15,9.0,10,19,-1,-1,-1,-1,0,0,-1,-1,15,PM25
73t,2026-08-13,21:00,22,13.3,-1,-1,-1,-1,-1,-1,-1,-1,-1,-1,22,PM25
74t,2026-08-13,21:00,29,16.2,-1,-1,-1,-1,-1,-1,-1,-1,-1,-1,29,PM25
75t,2026-08-13,21:00,15,9.1,-1,-1,-1,-1,-1,-1,0,1,2,9,15,PM25
76t,2026-08-13,21:00,14,8.1,-1,-1,-1,-1,-1,-1,-1,-1,-999,-1,14,PM25
77t,2026-08-13,21:00,31,17.0,15,29,-1,-1,-999,-1,-1,-1,-1,-1,31,PM25
78t,2026-08-13,21:00,17,10.1,-1,-1,-999,-1,-999,-1,-999,-1,-999,-1,17,PM25
79t,2026-08-13,21:00,21,12.4,-1,-1,-1,-1,-1,-1,-1,-1,-1,-1,21,PM25
81t,2026-08-13,21:00,13,8.0,-1,-1,-1,-1,-1,-1,-1,-1,-1,-1,13,PM25
82t,2026-08-13,21:00,18,10.5,22,43,-1,-1,1,0.20,3,8,-1,-1,22,PM10
83t,2026-08-13,21:00,17,10.3,11,22,-1,-1,-1,-1,-1,-1,-1,-1,17,PM25
84t,2026-08-13,21:00,22,13.3,15,29,-1,-1,-1,-1,-1,-1,-1,-1,22,PM25
85t,2026-08-13,21:00,11,6.6,-1,-1,-1,-1,-1,-1,-1,-1,-1,-1,11,PM25
86t,2026-08-13,21:00,32,17.4,17,33,-1,-1,6,1.00,8,18,-1,-1,32,PM25
87t,2026-08-13,21:00,36,19.1,-1,-1,-1,-1,-1,-1,0,0,-1,-1,36,PM25
88t,2026-08-13,21:00,29,16.5,16,32,-1,-1,-1,-1,3,8,-1,-1,29,PM25
90t,2026-08-13,21:00,20,12.0,12,23,-1,-1,-1,-1,-1,-1,-1,-1,20,PM25
91t,2026-08-13,21:00,21,12.7,-1,-1,-1,-1,-1,-1,-1,-1,-1,-1,21,PM25
92t,2026-08-13,21:00,18,10.7,-1,-1,-1,-1,-1,-1,-1,-1,-1,-1,18,PM25
93t,2026-08-13,21:00,11,6.3,8,15,-1,-1,1,0.10,4,9,0,0,11,PM25
94t,2026-08-13,21:00,12,7.4,7,14,-1,-1,-1,-1,-1,-1,-1,-1,12,PM25
95t,2026-08-13,21:00,18,10.9,10,20,-1,-1,-1,-1,-1,-1,-1,-1,18,PM25
96t,2026-08-13,21:00,15,9.2,10,19,-1,-1,0,0.00,1,2,0,1,15,PM25
97t,2026-08-13,21:00,20,11.7,9,18,14,20,0,0.00,2,5,1,3,20,PM25
98t,2026-08-13,21:00,16,9.5,10,19,19,26,1,0.20,-1,-1,0,0,19,O3
99t,2026-08-13,21:00,16,9.5,10,19,19,26,1,0.20,2,4,1,3,19,O3
bkp100t,2026-08-13,21:00,13,7.5,-999,-1,-999,-1,-999,-1,-999,-1,-999,-1,13,PM25
bkp101t,2026-08-13,21:00,25,14.7,12,24,-999,-1,-999,-1,-999,-1,-999,-1,25,PM25
bkp102t,2026-08-13,21:00,21,12.3,20,39,-999,-1,-999,-1,-999,-1,-999,-1,21,PM25
bkp103t,2026-08-13,21:00,18,10.8,-999,-1,-999,-1,-999,-1,-999,-1,-999,-1,18,PM25
bkp104t,2026-08-13,21:00,19,11.5,14,27,-999,-1,-999,-1,-999,-1,-999,-1,19,PM25
bkp105t,2026-08-13,21:00,35,19.0,-999,-1,-999,-1,-999,-1,-999,-1,-999,-1,35,PM25
bkp114t,2026-08-13,21:00,14,8.2,-999,-1,-999,-1,-999,-1,-999,-1,-999,-1,14,PM25
bkp115t,2026-08-13,21:00,15,8.9,-999,-1,-999,-1,-999,-1,-999,-1,-999,-1,15,PM25
bkp116t,2026-08-13,21:00,14,8.1,-999,-1,-999,-1,-999,-1,-999,-1,-999,-1,14,PM25
bkp117t,2026-08-13,21:00,14,8.1,-999,-1,-999,-1,-999,-1,-999,-1,-999,-1,14,PM25
bkp118t,2026-08-13,21:00,22,13.2,-999,-1,-999,-1,-999,-1,-999,-1,-999,-1,22,PM25
bkp119t,2026-08-13,21:00,16,9.8,-999,-1,-999,-1,-999,-1,-999,-1,-999,-1,16,PM25
bkp120t,2026-08-13,21:00,13,8.0,-999,-1,-999,-1,-999,-1,-999,-1,-999,-1,13,PM25
bkp121t,2026-08-13,21:00,20,12.1,-999,-1,-999,-1,-999,-1,-999,-1,-999,-1,20,PM25
bkp122t,2026-08-13,21:00,14,8.4,-999,-1,-999,-1,-999,-1,-999,-1,-999,-1,14,PM25
bkp123t,2026-08-13,21:00,12,7.3,-999,-1,-999,-1,-999,-1,-999,-1,-999,-1,12,PM25
bkp124t,2026-08-13,21:00,25,15.0,-999,-1,-999,-1,-999,-1,-999,-1,-999,-1,25,PM25
bkp125t,2026-08-13,21:00,24,14.5,-999,-1,-999,-1,-999,-1,-999,-1,-999,-1,24,PM25
bkp126t,2026-08-13,21:00,20,12.1,-999,-1,-999,-1,-999,-1,-999,-1,-999,-1,20,PM25
bkp127t,2026-08-13,21:00,32,17.6,-999,-1,-999,-1,-999,-1,-999,-1,-999,-1,32,PM25
bkp128t,2026-08-13,21:00,15,8.9,-999,-1,-999,-1,-999,-1,-999,-1,-999,-1,15,PM25
bkp129t,2026-08-13,21:00,16,9.8,-999,-1,-999,-1,-999,-1,-999,-1,-999,-1,16,PM25
bkp130t,2026-08-13,21:00,12,7.1,-999,-1,-999,-1,-999,-1,-999,-1,-999,-1,12,PM25
bkp131t,2026-08-13,21:00,17,10.3,-999,-1,-999,-1,-999,-1,-999,-1,-999,-1,17,PM25
bkp133t,2026-08-13,21:00,17,9.9,-999,-1,-999,-1,-999,-1,-999,-1,-999,-1,17,PM25
bkp56t,2026-08-13,21:00,24,14.2,27,52,-999,-1,-999,-1,-999,-1,-999,-1,27,PM10
bkp57t,2026-08-13,21:00,22,12.9,20,40,-999,-1,-999,-1,-999,-1,-999,-1,22,PM25
bkp58t,2026-08-13,21:00,36,19.2,30,56,-999,-1,-999,-1,-999,-1,-999,-1,36,PM25
bkp59t,2026-08-13,21:00,22,13.0,19,37,-999,-1,-999,-1,-999,-1,-999,-1,22,PM25
bkp60t,2026-08-13,21:00,16,9.3,18,36,-999,-1,-999,-1,-999,-1,-999,-1,18,PM10
bkp61t,2026-08-13,21:00,18,10.7,14,28,-999,-1,-999,-1,-999,-1,-999,-1,18,PM25
bkp62t,2026-08-13,21:00,35,18.9,-999,-1,-999,-1,-999,-1,-999,-1,-999,-1,35,PM25
bkp63t,2026-08-13,21:00,21,12.5,-999,-1,-999,-1,-999,-1,-999,-1,-999,-1,21,PM25
bkp64t,2026-08-13,21:00,34,18.5,-999,-1,-999,-1,-999,-1,-999,-1,-999,-1,34,PM25
bkp65t,2026-08-13,21:00,28,16.0,-999,-1,-999,-1,-999,-1,-999,-1,-999,-1,28,PM25
bkp66t,2026-08-13,21:00,34,18.2,-999,-1,-999,-1,-999,-1,-999,-1,-999,-1,34,PM25
bkp67t,2026-08-13,21:00,32,17.4,-999,-1,-999,-1,-999,-1,-999,-1,-999,-1,32,PM25
bkp69t,2026-08-13,21:00,20,11.8,-999,-1,-999,-1,-999,-1,-999,-1,-999,-1,20,PM25
bkp70t,2026-08-13,21:00,21,12.3,29,55,-999,-1,-999,-1,-999,-1,-999,-1,29,PM10
bkp71t,2026-08-13,21:00,19,11.3,15,30,-999,-1,-999,-1,-999,-1,-999,-1,19,PM25
bkp72t,2026-08-13,21:00,41,21.1,33,59,-999,-1,-999,-1,-999,-1,-999,-1,41,PM25
bkp73t,2026-08-13,21:00,20,12.1,-999,-1,-999,-1,-999,-1,-999,-1,-999,-1,20,PM25
bkp74t,2026-08-13,21:00,12,7.0,11,21,-999,-1,-999,-1,-999,-1,-999,-1,12,PM25
bkp75t,2026-08-13,21:00,22,13.3,18,35,-999,-1,-999,-1,-999,-1,-999,-1,22,PM25
bkp76t,2026-08-13,21:00,14,8.3,-999,-1,-999,-1,-999,-1,-999,-1,-999,-1,14,PM25
bkp77t,2026-08-13,21:00,15,9.2,14,28,-999,-1,-999,-1,-999,-1,-999,-1,15,PM25
bkp78t,2026-08-13,21:00,38,20.1,-999,-1,-999,-1,-999,-1,-999,-1,-999,-1,38,PM25
bkp79t,2026-08-13,21:00,24,14.4,16,32,-999,-1,-999,-1,-999,-1,-999,-1,24,PM25
bkp80t,2026-08-13,21:00,36,19.1,43,72,-999,-1,-999,-1,-999,-1,-999,-1,43,PM10
bkp81t,2026-08-13,21:00,32,17.7,32,58,-999,-1,-999,-1,-999,-1,-999,-1,32,PM25
bkp82t,2026-08-13,21:00,24,14.4,-999,-1,-999,-1,-999,-1,-999,-1,-999,-1,24,PM25
bkp83t,2026-08-13,21:00,15,8.7,-999,-1,-999,-1,-999,-1,-999,-1,-999,-1,15,PM25
bkp84t,2026-08-13,21:00,31,17.0,18,36,-999,-1,-999,-1,-999,-1,-999,-1,31,PM25
bkp85t,2026-08-13,21:00,30,16.6,-999,-1,-999,-1,-999,-1,-999,-1,-999,-1,30,PM25
bkp86t,2026-08-13,21:00,21,12.5,10,20,-999,-1,-999,-1,-999,-1,-999,-1,21,PM25
bkp87t,2026-08-13,21:00,19,11.1,14,27,-999,-1,-999,-1,-999,-1,-999,-1,19,PM25
bkp88t,2026-08-13,21:00,28,15.8,-999,-1,-999,-1,-999,-1,-999,-1,-999,-1,28,PM25
bkp89t,2026-08-13,21:00,38,19.9,32,58,-999,-1,-999,-1,-999,-1,-999,-1,38,PM25
bkp90t,2026-08-13,21:00,31,17.2,25,50,-999,-1,-999,-1,-999,-1,-999,-1,31,PM25
bkp91t,2026-08-13,21:00,20,12.2,21,41,-999,-1,-999,-1,-999,-1,-999,-1,21,PM10
bkp92t,2026-08-13,21:00,27,15.4,-999,-1,-999,-1,-999,-1,-999,-1,-999,-1,27,PM25
bkp93t,2026-08-13,21:00,13,7.6,13,25,-999,-1,-999,-1,-999,-1,-999,-1,13,PM25
bkp94t,2026-08-13,21:00,27,15.7,-999,-1,-999,-1,-999,-1,-999,-1,-999,-1,27,PM25
bkp95t,2026-08-13,21:00,23,13.6,-999,-1,-999,-1,-999,-1,-999,-1,-999,-1,23,PM25
bkp96t,2026-08-13,21:00,19,11.4,12,24,-999,-1,-999,-1,-999,-1,-999,-1,19,PM25
bkp97t,2026-08-13,21:00,20,12.1,-999,-1,-999,-1,-999,-1,-999,-1,-999,-1,20,PM25
bkp98t,2026-08-13,21:00,34,18.4,-999,-1,-999,-1,-999,-1,-999,-1,-999,-1,34,PM25
bkp99t,2026-08-13,21:00,21,12.3,11,21,-999,-1,-999,-1,-999,-1,-999,-1,21,PM25
o10,2026-08-13,21:00,20,12.2,-999,-1,-999,-1,-999,-1,-999,-1,-999,-1,20,PM25
o61,2026-08-13,21:00,18,10.5,-999,-1,-999,-1,-999,-1,-999,-1,-999,-1,18,PM25
o63,2026-08-13,21:00,18,10.9,-999,-1,-999,-1,-999,-1,-999,-1,-999,-1,18,PM25
02t,2026-08-13,22:00,21,12.6,-1,-1,-1,-1,-1,-1,-1,-1,-1,-1,21,PM25
08t,2026-08-13,22:00,34,18.3,-1,-1,-1,-1,-1,-1,-1,-1,-1,-1,34,PM25
100t,2026-08-13,22:00,19,11.6,23,46,9,12,1,0.10,4,10,0,0,23,PM10
101t,2026-08-13,22:00,16,9.5,10,20,-1,-1,18,3.20,1,3,0,1,18,CO
102t,2026-08-13,22:00,30,16.6,16,31,-1,-1,-1,-1,-1,-1,-1,-1,30,PM25
103t,2026-08-13,22:00,20,11.7,17,34,-1,-1,1,0.20,5,11,0,0,20,PM25
104t,2026-08-13,22:00,20,12.2,-1,-1,22,31,1,0.20,1,3,1,2,22,O3
105t,2026-08-13,22:00,16,9.7,-999,-1,16,22,1,0.20,5,11,0,1,16,PM25
106t,2026-08-13,22:00,12,7.2,-999,-1,4,6,2,0.30,0,1,0,0,12,PM25
107t,2026-08-13,22:00,21,12.8,-1,-1,21,29,1,0.20,2,5,0,0,21,PM25
108t,2026-08-13,22:00,15,9.1,-1,-1,25,35,10,1.80,0,1,1,2,25,O3
109t,2026-08-13,22:00,22,13.1,-1,-1,18,25,1,0.10,1,2,1,3,22,PM25
110t,2026-08-13,22:00,33,17.9,-999,-1,24,33,-1,-1,1,2,0,0,33,PM25
111t,2026-08-13,22:00,13,8.0,-999,-1,24,33,1,0.10,-1,-1,-1,-1,24,O3
112t,2026-08-13,22:00,14,8.3,-999,-1,19,26,0,0.00,0,0,0,0,19,O3
113t,2026-08-13,22:00,12,7.4,9,17,35,41,1,0.10,0,0,0,0,35,O3
114t,2026-08-13,22:00,16,9.4,13,25,21,30,2,0.40,1,3,0,1,21,O3
115t,2026-08-13,22:00,16,9.7,11,21,10,14,1,0.20,1,3,0,1,16,PM25
116t,2026-08-13,22:00,13,7.7,10,20,20,28,1,0.10,1,3,0,0,20,O3
117t,2026-08-13,22:00,18,10.5,-999,-1,10,14,1,0.20,2,4,0,1,18,PM25
118t,2026-08-13,22:00,13,7.6,-1,-1,6,9,2,0.30,2,5,0,0,13,PM25
119t,2026-08-13,22:00,11,6.7,-1,-1,10,14,7,1.20,2,4,1,2,11,PM25
120t,2026-08-13,22:00,12,7.0,-1,-1,11,16,3,0.50,1,2,0,0,12,PM25
121t,2026-08-13,22:00,12,7.2,-1,-1,12,17,1,0.10,0,1,0,0,12,PM25
13t,2026-08-13,22:00,10,5.8,-1,-1,16,23,2,0.30,-1,-1,-1,-1,16,O3
14t,2026-08-13,22:00,27,15.6,-1,-1,10,14,1,0.20,7,16,1,3,27,PM25
16t,2026-08-13,22:00,19,11.1,11,22,-1,-1,-1,-1,-1,-1,-1,-1,19,PM25
17t,2026-08-13,22:00,22,13.3,-1,-1,-1,-1,-1,-1,-1,-1,-1,-1,22,PM25
19t,2026-08-13,22:00,21,12.4,-1,-1,-1,-1,-1,-1,-1,-1,-1,-1,21,PM25
20t,2026-08-13,22:00,25,14.8,12,23,-1,-1,-1,-1,-1,-1,-1,-1,25,PM25
21t,2026-08-13,22:00,13,7.8,-1,-1,-1,-1,-1,-1,-1,-1,-1,-1,13,PM25
22t,2026-08-13,22:00,13,7.7,10,19,-1,-1,-1,-1,-1,-1,-1,-1,13,PM25
24t,2026-08-13,22:00,28,15.9,26,51,-1,-1,-1,-1,-1,-1,-1,-1,28,PM25
25t,2026-08-13,22:00,20,12.1,14,28,-1,-1,-999,-1,-1,-1,-999,-1,20,PM25
26t,2026-08-13,22:00,27,15.4,-1,-1,-1,-1,-1,-1,-1,-1,-1,-1,27,PM25
27t,2026-08-13,22:00,38,20.1,-1,-1,-1,-1,-999,-1,-1,-1,-1,-1,38,PM25
28t,2026-08-13,22:00,32,17.4,-1,-1,-1,-1,-1,-1,-1,-1,-1,-1,32,PM25
29t,2026-08-13,22:00,43,22.0,28,53,-1,-1,-1,-1,-1,-1,-1,-1,43,PM25
30t,2026-08-13,22:00,24,14.6,21,42,9,12,1,0.10,0,1,0,0,24,PM25
31t,2026-08-13,22:00,34,18.3,-1,-1,-1,-1,-1,-1,-1,-1,-1,-1,34,PM25
33t,2026-08-13,22:00,18,10.6,-1,-1,-1,-1,-999,-1,-1,-1,-999,-1,18,PM25
34t,2026-08-13,22:00,36,19.3,-1,-1,-1,-1,-1,-1,-1,-1,-999,-1,36,PM25
35t,2026-08-13,22:00,27,15.7,-1,-1,-1,-1,-1,-1,-1,-1,-1,-1,27,PM25
36t,2026-08-13,22:00,16,9.5,-1,-1,-999,-1,-1,-1,-1,-1,-1,-1,16,PM25
37t,2026-08-13,22:00,16,9.4,-1,-1,-1,-1,-1,-1,-1,-1,-1,-1,16,PM25
38t,2026-08-13,22:00,15,9.0,-1,-1,14,20,2,0.40,1,2,0,1,15,PM25
39t,2026-08-13,22:00,15,8.9,-1,-1,-1,-1,-999,-1,-1,-1,-1,-1,15,PM25
40t,2026-08-13,22:00,16,9.3,-1,-1,-1,-1,-999,-1,-1,-1,-1,-1,16,PM25
41t,2026-08-13,22:00,13,7.7,-1,-1,-1,-1,-1,-1,-1,-1,-1,-1,13,PM25
42t,2026-08-13,22:00,12,7.2,-1,-1,-1,-1,-1,-1,-1,-1,-1,-1,12,PM25
43t,2026-08-13,22:00,13,7.7,-1,-1,-1,-1,-1,-1,2,5,0,1,13,PM25
44t,2026-08-13,22:00,13,7.9,-1,-1,-1,-1,-1,-1,-1,-1,-1,-1,13,PM25
46t,2026-08-13,22:00,37,19.8,-1,-1,-1,-1,-1,-1,-1,-1,-1,-1,37,PM25
47t,2026-08-13,22:00,26,15.2,-1,-1,-1,-1,-1,-1,-1,-1,-1,-1,26,PM25
50t,2026-08-13,22:00,28,16.1,-1,-1,-999,-1,-1,-1,-1,-1,-999,-1,28,PM25
52t,2026-08-13,22:00,28,16.1,-1,-1,-1,-1,-1,-1,-1,-1,-1,-1,28,PM25
53t,2026-08-13,22:00,28,15.9,-1,-1,-999,-1,-1,-1,-1,-1,-999,-1,28,PM25
57t,2026-08-13,22:00,14,8.4,15,29,-1,-1,-1,-1,-1,-1,-999,-1,15,PM10
58t,2026-08-13,22:00,14,8.4,8,16,-1,-1,-1,-1,-1,-1,-999,-1,14,PM25
59t,2026-08-13,22:00,17,10.3,11,21,22,31,3,0.60,5,12,-999,-1,22,O3
60t,2026-08-13,22:00,34,18.6,-1,-1,-1,-1,-999,-1,-1,-1,-1,-1,34,PM25
61t,2026-08-13,22:00,21,12.4,-1,-1,-1,-1,-999,-1,-1,-1,-1,-1,21,PM25
62t,2026-08-13,22:00,12,7.1,-1,-1,-1,-1,-1,-1,-1,-1,-999,-1,12,PM25
63t,2026-08-13,22:00,12,6.9,-1,-1,-1,-1,-1,-1,-1,-1,-999,-1,12,PM25
67t,2026-08-13,22:00,37,19.6,-1,-1,-1,-1,-1,-1,-1,-1,-1,-1,37,PM25
68t,2026-08-13,22:00,17,9.9,10,20,-1,-1,-1,-1,-1,-1,-1,-1,17,PM25
69t,2026-08-13,22:00,16,9.7,-1,-1,-1,-1,-1,-1,-1,-1,-1,-1,16,PM25
70t,2026-08-13,22:00,16,9.4,-1,-1,-1,-1,-1,-1,-1,-1,-999,-1,16,PM25
71t,2026-08-13,22:00,16,9.3,10,19,9,12,0,0.00,1,3,3,10,16,PM25
72t,2026-08-13,22:00,15,8.8,9,18,-1,-1,-1,-1,0,0,-1,-1,15,PM25
73t,2026-08-13,22:00,23,13.5,-1,-1,-1,-1,-1,-1,-1,-1,-1,-1,23,PM25
74t,2026-08-13,22:00,29,16.3,-1,-1,-1,-1,-1,-1,-1,-1,-1,-1,29,PM25
75t,2026-08-13,22:00,15,9.1,-1,-1,-1,-1,-1,-1,0,1,2,9,15,PM25
76t,2026-08-13,22:00,13,8.0,-1,-1,-1,-1,-1,-1,-1,-1,-999,-1,13,PM25
77t,2026-08-13,22:00,31,17.3,15,29,-1,-1,-999,-1,-1,-1,-1,-1,31,PM25
78t,2026-08-13,22:00,11,6.7,-1,-1,-999,-1,-999,-1,-999,-1,-999,-1,11,PM25
79t,2026-08-13,22:00,21,12.6,-1,-1,-1,-1,-1,-1,-1,-1,-1,-1,21,PM25
80t,2026-08-13,22:00,12,7.1,-1,-1,-1,-1,-1,-1,-1,-1,-1,-1,12,PM25
81t,2026-08-13,22:00,13,8.0,-1,-1,-1,-1,-1,-1,-1,-1,-1,-1,13,PM25
82t,2026-08-13,22:00,18,10.6,22,43,-1,-1,1,0.20,2,5,-1,-1,22,PM10
83t,2026-08-13,22:00,17,10.3,11,22,-1,-1,-1,-1,-1,-1,-1,-1,17,PM25
84t,2026-08-13,22:00,22,13.1,14,28,-1,-1,-1,-1,-1,-1,-1,-1,22,PM25
85t,2026-08-13,22:00,11,6.7,-1,-1,-1,-1,-1,-1,-1,-1,-1,-1,11,PM25
86t,2026-08-13,22:00,30,16.7,16,32,-1,-1,6,1.00,7,17,-1,-1,30,PM25
87t,2026-08-13,22:00,36,19.3,-1,-1,-1,-1,-1,-1,0,1,-1,-1,36,PM25
88t,2026-08-13,22:00,30,16.8,16,32,-1,-1,-1,-1,2,4,-1,-1,30,PM25
89t,2026-08-13,22:00,12,7.1,8,15,-1,-1,-1,-1,3,8,-1,-1,12,PM25
90t,2026-08-13,22:00,20,12.1,12,24,-1,-1,-1,-1,-1,-1,-1,-1,20,PM25
91t,2026-08-13,22:00,21,12.8,-1,-1,-1,-1,-1,-1,-1,-1,-1,-1,21,PM25
92t,2026-08-13,22:00,15,9.2,-1,-1,-1,-1,-1,-1,-1,-1,-1,-1,15,PM25
93t,2026-08-13,22:00,11,6.8,7,14,-1,-1,1,0.10,4,9,0,0,11,PM25
94t,2026-08-13,22:00,12,7.3,7,14,-1,-1,-1,-1,-1,-1,-1,-1,12,PM25
95t,2026-08-13,22:00,18,10.8,10,20,-1,-1,-1,-1,-1,-1,-1,-1,18,PM25
96t,2026-08-13,22:00,15,9.1,10,19,-1,-1,0,0.00,1,2,0,1,15,PM25
97t,2026-08-13,22:00,19,11.5,9,18,14,19,0,0.00,1,3,1,3,19,PM25
98t,2026-08-13,22:00,15,9.0,9,18,17,24,1,0.20,-1,-1,0,0,17,O3
99t,2026-08-13,22:00,16,9.6,10,19,17,24,1,0.20,2,4,1,3,17,O3
bkp100t,2026-08-13,22:00,13,7.5,-999,-1,-999,-1,-999,-1,-999,-1,-999,-1,13,PM25
bkp101t,2026-08-13,22:00,24,14.3,12,24,-999,-1,-999,-1,-999,-1,-999,-1,24,PM25
bkp102t,2026-08-13,22:00,21,12.4,20,40,-999,-1,-999,-1,-999,-1,-999,-1,21,PM25
bkp103t,2026-08-13,22:00,18,10.6,-999,-1,-999,-1,-999,-1,-999,-1,-999,-1,18,PM25
bkp104t,2026-08-13,22:00,19,11.6,14,27,-999,-1,-999,-1,-999,-1,-999,-1,19,PM25
bkp105t,2026-08-13,22:00,35,19.0,-999,-1,-999,-1,-999,-1,-999,-1,-999,-1,35,PM25
bkp115t,2026-08-13,22:00,15,8.9,-999,-1,-999,-1,-999,-1,-999,-1,-999,-1,15,PM25
bkp116t,2026-08-13,22:00,13,7.9,-999,-1,-999,-1,-999,-1,-999,-1,-999,-1,13,PM25
bkp117t,2026-08-13,22:00,14,8.1,-999,-1,-999,-1,-999,-1,-999,-1,-999,-1,14,PM25
bkp118t,2026-08-13,22:00,22,13.0,-999,-1,-999,-1,-999,-1,-999,-1,-999,-1,22,PM25
bkp119t,2026-08-13,22:00,17,10.0,-999,-1,-999,-1,-999,-1,-999,-1,-999,-1,17,PM25
bkp120t,2026-08-13,22:00,14,8.2,-999,-1,-999,-1,-999,-1,-999,-1,-999,-1,14,PM25
bkp121t,2026-08-13,22:00,20,12.1,-999,-1,-999,-1,-999,-1,-999,-1,-999,-1,20,PM25
bkp122t,2026-08-13,22:00,14,8.4,-999,-1,-999,-1,-999,-1,-999,-1,-999,-1,14,PM25
bkp123t,2026-08-13,22:00,12,7.3,-999,-1,-999,-1,-999,-1,-999,-1,-999,-1,12,PM25
bkp124t,2026-08-13,22:00,25,15.0,-999,-1,-999,-1,-999,-1,-999,-1,-999,-1,25,PM25
bkp125t,2026-08-13,22:00,24,14.2,-999,-1,-999,-1,-999,-1,-999,-1,-999,-1,24,PM25
bkp126t,2026-08-13,22:00,21,12.4,-999,-1,-999,-1,-999,-1,-999,-1,-999,-1,21,PM25
bkp127t,2026-08-13,22:00,32,17.7,-999,-1,-999,-1,-999,-1,-999,-1,-999,-1,32,PM25
bkp128t,2026-08-13,22:00,14,8.6,-999,-1,-999,-1,-999,-1,-999,-1,-999,-1,14,PM25
bkp129t,2026-08-13,22:00,16,9.4,-999,-1,-999,-1,-999,-1,-999,-1,-999,-1,16,PM25
bkp130t,2026-08-13,22:00,12,7.0,-999,-1,-999,-1,-999,-1,-999,-1,-999,-1,12,PM25
bkp131t,2026-08-13,22:00,17,10.4,-999,-1,-999,-1,-999,-1,-999,-1,-999,-1,17,PM25
bkp133t,2026-08-13,22:00,17,9.9,-999,-1,-999,-1,-999,-1,-999,-1,-999,-1,17,PM25
bkp56t,2026-08-13,22:00,24,14.2,27,52,-999,-1,-999,-1,-999,-1,-999,-1,27,PM10
bkp57t,2026-08-13,22:00,22,12.9,20,40,-999,-1,-999,-1,-999,-1,-999,-1,22,PM25
bkp58t,2026-08-13,22:00,36,19.3,29,55,-999,-1,-999,-1,-999,-1,-999,-1,36,PM25
bkp59t,2026-08-13,22:00,22,13.3,19,37,-999,-1,-999,-1,-999,-1,-999,-1,22,PM25
bkp60t,2026-08-13,22:00,16,9.3,18,36,-999,-1,-999,-1,-999,-1,-999,-1,18,PM10
bkp61t,2026-08-13,22:00,18,10.6,14,28,-999,-1,-999,-1,-999,-1,-999,-1,18,PM25
bkp62t,2026-08-13,22:00,36,19.2,-999,-1,-999,-1,-999,-1,-999,-1,-999,-1,36,PM25
bkp63t,2026-08-13,22:00,21,12.7,-999,-1,-999,-1,-999,-1,-999,-1,-999,-1,21,PM25
bkp64t,2026-08-13,22:00,34,18.4,-999,-1,-999,-1,-999,-1,-999,-1,-999,-1,34,PM25
bkp65t,2026-08-13,22:00,28,16.0,-999,-1,-999,-1,-999,-1,-999,-1,-999,-1,28,PM25
bkp66t,2026-08-13,22:00,33,18.1,-999,-1,-999,-1,-999,-1,-999,-1,-999,-1,33,PM25
bkp67t,2026-08-13,22:00,31,17.0,-999,-1,-999,-1,-999,-1,-999,-1,-999,-1,31,PM25
bkp69t,2026-08-13,22:00,20,11.7,-999,-1,-999,-1,-999,-1,-999,-1,-999,-1,20,PM25
bkp70t,2026-08-13,22:00,19,11.3,28,53,-999,-1,-999,-1,-999,-1,-999,-1,28,PM10
bkp71t,2026-08-13,22:00,18,11.0,15,29,-999,-1,-999,-1,-999,-1,-999,-1,18,PM25
bkp72t,2026-08-13,22:00,41,21.1,33,59,-999,-1,-999,-1,-999,-1,-999,-1,41,PM25
bkp73t,2026-08-13,22:00,20,11.9,-999,-1,-999,-1,-999,-1,-999,-1,-999,-1,20,PM25
bkp74t,2026-08-13,22:00,11,6.6,11,21,-999,-1,-999,-1,-999,-1,-999,-1,11,PM25
bkp75t,2026-08-13,22:00,22,13.4,17,34,-999,-1,-999,-1,-999,-1,-999,-1,22,PM25
bkp76t,2026-08-13,22:00,14,8.3,-999,-1,-999,-1,-999,-1,-999,-1,-999,-1,14,PM25
bkp77t,2026-08-13,22:00,15,9.2,14,27,-999,-1,-999,-1,-999,-1,-999,-1,15,PM25
bkp78t,2026-08-13,22:00,38,20.0,-999,-1,-999,-1,-999,-1,-999,-1,-999,-1,38,PM25
bkp79t,2026-08-13,22:00,24,14.6,16,32,-999,-1,-999,-1,-999,-1,-999,-1,24,PM25
bkp80t,2026-08-13,22:00,35,18.8,42,70,-999,-1,-999,-1,-999,-1,-999,-1,42,PM10
bkp81t,2026-08-13,22:00,32,17.5,31,57,-999,-1,-999,-1,-999,-1,-999,-1,32,PM25
bkp82t,2026-08-13,22:00,24,14.1,-999,-1,-999,-1,-999,-1,-999,-1,-999,-1,24,PM25
bkp83t,2026-08-13,22:00,14,8.5,-999,-1,-999,-1,-999,-1,-999,-1,-999,-1,14,PM25
bkp84t,2026-08-13,22:00,32,17.4,18,36,-999,-1,-999,-1,-999,-1,-999,-1,32,PM25
bkp85t,2026-08-13,22:00,30,16.6,-999,-1,-999,-1,-999,-1,-999,-1,-999,-1,30,PM25
bkp86t,2026-08-13,22:00,21,12.5,10,19,-999,-1,-999,-1,-999,-1,-999,-1,21,PM25
bkp87t,2026-08-13,22:00,18,11.0,13,26,-999,-1,-999,-1,-999,-1,-999,-1,18,PM25
bkp88t,2026-08-13,22:00,28,15.8,-999,-1,-999,-1,-999,-1,-999,-1,-999,-1,28,PM25
bkp89t,2026-08-13,22:00,39,20.3,32,58,-999,-1,-999,-1,-999,-1,-999,-1,39,PM25
bkp90t,2026-08-13,22:00,32,17.4,25,49,-999,-1,-999,-1,-999,-1,-999,-1,32,PM25
bkp91t,2026-08-13,22:00,20,12.2,20,40,-999,-1,-999,-1,-999,-1,-999,-1,20,PM25
bkp92t,2026-08-13,22:00,26,15.2,-999,-1,-999,-1,-999,-1,-999,-1,-999,-1,26,PM25
bkp93t,2026-08-13,22:00,12,7.4,13,25,-999,-1,-999,-1,-999,-1,-999,-1,13,PM10
bkp94t,2026-08-13,22:00,26,15.3,-999,-1,-999,-1,-999,-1,-999,-1,-999,-1,26,PM25
bkp95t,2026-08-13,22:00,23,13.6,-999,-1,-999,-1,-999,-1,-999,-1,-999,-1,23,PM25
bkp96t,2026-08-13,22:00,19,11.4,12,24,-999,-1,-999,-1,-999,-1,-999,-1,19,PM25
bkp97t,2026-08-13,22:00,20,12.2,-999,-1,-999,-1,-999,-1,-999,-1,-999,-1,20,PM25
bkp98t,2026-08-13,22:00,34,18.2,-999,-1,-999,-1,-999,-1,-999,-1,-999,-1,34,PM25
bkp99t,2026-08-13,22:00,21,12.5,11,21,-999,-1,-999,-1,-999,-1,-999,-1,21,PM25
o10,2026-08-13,22:00,21,12.5,-999,-1,-999,-1,-999,-1,-999,-1,-999,-1,21,PM25
o61,2026-08-13,22:00,18,10.5,-999,-1,-999,-1,-999,-1,-999,-1,-999,-1,18,PM25
02t,2026-08-13,23:00,22,13.0,-1,-1,-1,-1,-1,-1,-1,-1,-1,-1,22,PM25
08t,2026-08-13,23:00,34,18.3,-1,-1,-1,-1,-1,-1,-1,-1,-1,-1,34,PM25
100t,2026-08-13,23:00,19,11.3,23,45,8,11,1,0.10,3,7,0,0,23,PM10
101t,2026-08-13,23:00,16,9.4,10,20,-1,-1,18,3.20,1,2,0,1,18,CO
102t,2026-08-13,23:00,29,16.3,16,31,-1,-1,-1,-1,-1,-1,0,1,29,PM25
103t,2026-08-13,23:00,20,11.8,17,33,-1,-1,1,0.20,4,9,0,0,20,PM25
104t,2026-08-13,23:00,20,11.9,-1,-1,20,28,1,0.20,1,3,1,2,20,PM25
105t,2026-08-13,23:00,16,9.7,-999,-1,13,18,1,0.20,5,11,0,1,16,PM25
106t,2026-08-13,23:00,12,7.0,-999,-1,4,5,1,0.20,0,1,0,0,12,PM25
107t,2026-08-13,23:00,22,12.9,-1,-1,19,27,1,0.20,1,3,0,0,22,PM25
108t,2026-08-13,23:00,15,8.9,-1,-1,24,34,10,1.80,0,0,1,2,24,O3
109t,2026-08-13,23:00,22,12.9,-1,-1,18,25,1,0.20,-1,-1,-1,-1,22,PM25
110t,2026-08-13,23:00,33,17.8,-999,-1,23,32,2,0.30,1,2,0,0,33,PM25
111t,2026-08-13,23:00,13,7.8,-999,-1,22,31,1,0.10,0,0,0,0,22,O3
112t,2026-08-13,23:00,14,8.2,-999,-1,19,26,0,0.00,0,0,0,0,19,O3
113t,2026-08-13,23:00,12,7.3,9,17,35,41,1,0.10,0,0,0,0,35,O3
114t,2026-08-13,23:00,16,9.3,13,25,21,30,2,0.40,1,3,0,1,21,O3
115t,2026-08-13,23:00,17,9.9,11,21,9,13,1,0.20,0,1,0,1,17,PM25
116t,2026-08-13,23:00,13,7.8,10,20,19,26,1,0.10,1,2,0,0,19,O3
117t,2026-08-13,23:00,18,10.5,-999,-1,9,13,1,0.20,1,3,0,1,18,PM25
118t,2026-08-13,23:00,13,7.6,-1,-1,6,8,2,0.30,2,4,0,0,13,PM25
119t,2026-08-13,23:00,12,6.9,-1,-1,9,13,7,1.20,1,2,1,2,12,PM25
120t,2026-08-13,23:00,12,7.1,-1,-1,11,15,3,0.50,1,2,0,0,12,PM25
121t,2026-08-13,23:00,12,7.3,-1,-1,11,16,1,0.10,1,2,0,0,12,PM25
13t,2026-08-13,23:00,10,5.7,-1,-1,14,19,2,0.30,-1,-1,-1,-1,14,O3
14t,2026-08-13,23:00,29,16.2,-1,-1,9,12,1,0.20,6,14,1,2,29,PM25
16t,2026-08-13,23:00,19,11.1,11,22,-1,-1,-1,-1,-1,-1,-1,-1,19,PM25
17t,2026-08-13,23:00,22,13.3,-1,-1,-1,-1,-1,-1,-1,-1,-1,-1,22,PM25
19t,2026-08-13,23:00,22,12.9,-1,-1,-1,-1,-1,-1,-1,-1,-1,-1,22,PM25
20t,2026-08-13,23:00,25,15.0,12,24,-1,-1,-1,-1,-1,-1,-1,-1,25,PM25
21t,2026-08-13,23:00,13,7.8,-1,-1,-1,-1,-1,-1,-1,-1,-1,-1,13,PM25
22t,2026-08-13,23:00,13,7.8,10,19,-1,-1,-1,-1,-1,-1,-1,-1,13,PM25
24t,2026-08-13,23:00,28,16.0,27,52,-1,-1,-1,-1,-1,-1,-1,-1,28,PM25
25t,2026-08-13,23:00,20,11.8,14,28,-1,-1,-999,-1,-1,-1,-999,-1,20,PM25
26t,2026-08-13,23:00,26,15.2,-1,-1,-1,-1,-1,-1,-1,-1,-1,-1,26,PM25
27t,2026-08-13,23:00,39,20.5,-1,-1,-1,-1,-999,-1,-1,-1,-1,-1,39,PM25
28t,2026-08-13,23:00,31,17.0,-1,-1,-1,-1,-1,-1,-1,-1,-1,-1,31,PM25
29t,2026-08-13,23:00,42,21.9,28,53,-1,-1,-1,-1,-1,-1,-1,-1,42,PM25
30t,2026-08-13,23:00,24,14.3,21,41,9,12,1,0.10,0,1,0,0,24,PM25
31t,2026-08-13,23:00,32,17.7,-1,-1,-1,-1,-1,-1,-1,-1,-1,-1,32,PM25
33t,2026-08-13,23:00,17,10.2,-1,-1,-1,-1,-999,-1,-1,-1,-999,-1,17,PM25
34t,2026-08-13,23:00,36,19.4,-1,-1,-1,-1,-1,-1,-1,-1,-999,-1,36,PM25
35t,2026-08-13,23:00,27,15.6,-1,-1,-1,-1,-1,-1,-1,-1,-1,-1,27,PM25
36t,2026-08-13,23:00,16,9.6,-1,-1,-999,-1,-1,-1,-1,-1,-1,-1,16,PM25
40t,2026-08-13,23:00,16,9.3,-1,-1,-1,-1,-999,-1,-1,-1,-1,-1,16,PM25
46t,2026-08-13,23:00,37,19.5,-1,-1,-1,-1,-1,-1,-1,-1,-1,-1,37,PM25
47t,2026-08-13,23:00,25,15.0,-1,-1,-1,-1,-1,-1,-1,-1,-1,-1,25,PM25
50t,2026-08-13,23:00,28,16.1,-1,-1,-999,-1,-1,-1,-1,-1,-999,-1,28,PM25
52t,2026-08-13,23:00,28,16.0,-1,-1,-1,-1,-1,-1,-1,-1,-1,-1,28,PM25
53t,2026-08-13,23:00,28,15.8,-1,-1,-999,-1,-1,-1,-1,-1,-999,-1,28,PM25
57t,2026-08-13,23:00,13,8.0,15,29,-1,-1,-1,-1,-1,-1,-999,-1,15,PM10
58t,2026-08-13,23:00,14,8.1,8,16,-1,-1,-1,-1,-1,-1,-999,-1,14,PM25
59t,2026-08-13,23:00,17,10.2,11,21,19,27,3,0.60,5,12,-999,-1,19,O3
60t,2026-08-13,23:00,34,18.2,-1,-1,-1,-1,-999,-1,-1,-1,-1,-1,34,PM25
61t,2026-08-13,23:00,21,12.5,-1,-1,-1,-1,-999,-1,-1,-1,-1,-1,21,PM25
67t,2026-08-13,23:00,37,19.6,-1,-1,-1,-1,-1,-1,-1,-1,-1,-1,37,PM25
68t,2026-08-13,23:00,16,9.7,10,20,-1,-1,-1,-1,-1,-1,-1,-1,16,PM25
69t,2026-08-13,23:00,16,9.8,-1,-1,-1,-1,-1,-1,-1,-1,-1,-1,16,PM25
70t,2026-08-13,23:00,16,9.4,-1,-1,-1,-1,-1,-1,-1,-1,-999,-1,16,PM25
71t,2026-08-13,23:00,16,9.3,10,19,9,12,0,0.00,1,2,3,10,16,PM25
72t,2026-08-13,23:00,15,8.7,9,18,-1,-1,-1,-1,0,0,-1,-1,15,PM25
73t,2026-08-13,23:00,23,13.5,-1,-1,-1,-1,-1,-1,-1,-1,-1,-1,23,PM25
74t,2026-08-13,23:00,29,16.4,-1,-1,-1,-1,-1,-1,-1,-1,-1,-1,29,PM25
75t,2026-08-13,23:00,15,9.1,-1,-1,-1,-1,-1,-1,0,1,2,9,15,PM25
77t,2026-08-13,23:00,32,17.5,15,29,-1,-1,-999,-1,-1,-1,-1,-1,32,PM25
78t,2026-08-13,23:00,11,6.7,-1,-1,-999,-1,-999,-1,-999,-1,-999,-1,11,PM25
79t,2026-08-13,23:00,21,12.7,-1,-1,-1,-1,-1,-1,-1,-1,-1,-1,21,PM25
81t,2026-08-13,23:00,14,8.1,-1,-1,-1,-1,-1,-1,-1,-1,-1,-1,14,PM25
82t,2026-08-13,23:00,18,10.6,21,42,-1,-1,1,0.20,2,4,-1,-1,21,PM10
83t,2026-08-13,23:00,17,10.2,11,22,-1,-1,-1,-1,-1,-1,-1,-1,17,PM25
84t,2026-08-13,23:00,22,13.0,14,28,-1,-1,-1,-1,-1,-1,-1,-1,22,PM25
85t,2026-08-13,23:00,12,7.0,-1,-1,-1,-1,-1,-1,-1,-1,-1,-1,12,PM25
86t,2026-08-13,23:00,29,16.2,16,31,-1,-1,6,1.00,7,16,-1,-1,29,PM25
87t,2026-08-13,23:00,36,19.1,-1,-1,-1,-1,-1,-1,0,0,-1,-1,36,PM25
88t,2026-08-13,23:00,30,16.7,16,32,-1,-1,-1,-1,2,5,-1,-1,30,PM25
90t,2026-08-13,23:00,20,12.1,12,24,-1,-1,-1,-1,-1,-1,-1,-1,20,PM25
91t,2026-08-13,23:00,22,12.9,-1,-1,-1,-1,-1,-1,-1,-1,-1,-1,22,PM25
92t,2026-08-13,23:00,15,9.2,-1,-1,-1,-1,-1,-1,-1,-1,-1,-1,15,PM25
93t,2026-08-13,23:00,11,6.8,8,15,-1,-1,1,0.10,3,6,0,0,11,PM25
94t,2026-08-13,23:00,12,7.2,7,14,-1,-1,-1,-1,-1,-1,-1,-1,12,PM25
95t,2026-08-13,23:00,18,10.8,10,20,-1,-1,-1,-1,-1,-1,-1,-1,18,PM25
96t,2026-08-13,23:00,15,9.2,10,19,-1,-1,0,0.00,0,1,0,1,15,PM25
97t,2026-08-13,23:00,19,11.5,9,18,14,19,0,0.00,1,2,1,3,19,PM25
98t,2026-08-13,23:00,15,8.9,9,18,16,22,1,0.20,-1,-1,0,0,16,O3
99t,2026-08-13,23:00,16,9.5,10,20,16,23,1,0.20,1,3,1,3,16,PM25
bkp100t,2026-08-13,23:00,12,7.4,-999,-1,-999,-1,-999,-1,-999,-1,-999,-1,12,PM25
bkp101t,2026-08-13,23:00,24,14.4,12,23,-999,-1,-999,-1,-999,-1,-999,-1,24,PM25
bkp102t,2026-08-13,23:00,21,12.5,20,40,-999,-1,-999,-1,-999,-1,-999,-1,21,PM25
bkp103t,2026-08-13,23:00,18,10.5,-999,-1,-999,-1,-999,-1,-999,-1,-999,-1,18,PM25
bkp104t,2026-08-13,23:00,20,11.9,14,27,-999,-1,-999,-1,-999,-1,-999,-1,20,PM25
bkp105t,2026-08-13,23:00,36,19.3,-999,-1,-999,-1,-999,-1,-999,-1,-999,-1,36,PM25
bkp114t,2026-08-13,23:00,14,8.5,-999,-1,-999,-1,-999,-1,-999,-1,-999,-1,14,PM25
bkp115t,2026-08-13,23:00,15,9.0,-999,-1,-999,-1,-999,-1,-999,-1,-999,-1,15,PM25
bkp116t,2026-08-13,23:00,13,8.0,-999,-1,-999,-1,-999,-1,-999,-1,-999,-1,13,PM25
bkp117t,2026-08-13,23:00,14,8.1,-999,-1,-999,-1,-999,-1,-999,-1,-999,-1,14,PM25
bkp118t,2026-08-13,23:00,21,12.6,-999,-1,-999,-1,-999,-1,-999,-1,-999,-1,21,PM25
bkp119t,2026-08-13,23:00,17,9.9,-999,-1,-999,-1,-999,-1,-999,-1,-999,-1,17,PM25
bkp120t,2026-08-13,23:00,13,8.0,-999,-1,-999,-1,-999,-1,-999,-1,-999,-1,13,PM25
bkp121t,2026-08-13,23:00,21,12.3,-999,-1,-999,-1,-999,-1,-999,-1,-999,-1,21,PM25
bkp122t,2026-08-13,23:00,14,8.5,-999,-1,-999,-1,-999,-1,-999,-1,-999,-1,14,PM25
bkp123t,2026-08-13,23:00,13,7.5,-999,-1,-999,-1,-999,-1,-999,-1,-999,-1,13,PM25
bkp124t,2026-08-13,23:00,25,15.0,-999,-1,-999,-1,-999,-1,-999,-1,-999,-1,25,PM25
bkp125t,2026-08-13,23:00,24,14.1,-999,-1,-999,-1,-999,-1,-999,-1,-999,-1,24,PM25
bkp126t,2026-08-13,23:00,22,13.0,-999,-1,-999,-1,-999,-1,-999,-1,-999,-1,22,PM25
bkp127t,2026-08-13,23:00,32,17.7,-999,-1,-999,-1,-999,-1,-999,-1,-999,-1,32,PM25
bkp128t,2026-08-13,23:00,14,8.6,-999,-1,-999,-1,-999,-1,-999,-1,-999,-1,14,PM25
bkp129t,2026-08-13,23:00,16,9.3,-999,-1,-999,-1,-999,-1,-999,-1,-999,-1,16,PM25
bkp130t,2026-08-13,23:00,12,6.9,-999,-1,-999,-1,-999,-1,-999,-1,-999,-1,12,PM25
bkp131t,2026-08-13,23:00,18,10.7,-999,-1,-999,-1,-999,-1,-999,-1,-999,-1,18,PM25
bkp133t,2026-08-13,23:00,17,10.1,-999,-1,-999,-1,-999,-1,-999,-1,-999,-1,17,PM25
bkp56t,2026-08-13,23:00,24,14.1,27,52,-999,-1,-999,-1,-999,-1,-999,-1,27,PM10
bkp57t,2026-08-13,23:00,22,12.9,20,39,-999,-1,-999,-1,-999,-1,-999,-1,22,PM25
bkp58t,2026-08-13,23:00,36,19.4,29,55,-999,-1,-999,-1,-999,-1,-999,-1,36,PM25
bkp59t,2026-08-13,23:00,22,13.4,19,37,-999,-1,-999,-1,-999,-1,-999,-1,22,PM25
bkp60t,2026-08-13,23:00,16,9.4,18,36,-999,-1,-999,-1,-999,-1,-999,-1,18,PM10
bkp61t,2026-08-13,23:00,17,10.2,14,28,-999,-1,-999,-1,-999,-1,-999,-1,17,PM25
bkp62t,2026-08-13,23:00,35,19.0,-999,-1,-999,-1,-999,-1,-999,-1,-999,-1,35,PM25
bkp63t,2026-08-13,23:00,21,12.7,-999,-1,-999,-1,-999,-1,-999,-1,-999,-1,21,PM25
bkp64t,2026-08-13,23:00,34,18.4,-999,-1,-999,-1,-999,-1,-999,-1,-999,-1,34,PM25
bkp65t,2026-08-13,23:00,29,16.2,-999,-1,-999,-1,-999,-1,-999,-1,-999,-1,29,PM25
bkp66t,2026-08-13,23:00,33,17.9,-999,-1,-999,-1,-999,-1,-999,-1,-999,-1,33,PM25
bkp67t,2026-08-13,23:00,31,17.1,-999,-1,-999,-1,-999,-1,-999,-1,-999,-1,31,PM25
bkp69t,2026-08-13,23:00,20,12.1,-999,-1,-999,-1,-999,-1,-999,-1,-999,-1,20,PM25
bkp70t,2026-08-13,23:00,18,10.7,28,54,-999,-1,-999,-1,-999,-1,-999,-1,28,PM10
bkp71t,2026-08-13,23:00,18,11.0,15,29,-999,-1,-999,-1,-999,-1,-999,-1,18,PM25
bkp72t,2026-08-13,23:00,41,21.3,32,58,-999,-1,-999,-1,-999,-1,-999,-1,41,PM25
bkp73t,2026-08-13,23:00,20,11.7,-999,-1,-999,-1,-999,-1,-999,-1,-999,-1,20,PM25
bkp74t,2026-08-13,23:00,11,6.6,11,22,-999,-1,-999,-1,-999,-1,-999,-1,11,PM25
bkp75t,2026-08-13,23:00,23,13.5,17,34,-999,-1,-999,-1,-999,-1,-999,-1,23,PM25
bkp76t,2026-08-13,23:00,14,8.2,-999,-1,-999,-1,-999,-1,-999,-1,-999,-1,14,PM25
bkp77t,2026-08-13,23:00,15,9.2,14,27,-999,-1,-999,-1,-999,-1,-999,-1,15,PM25
bkp78t,2026-08-13,23:00,37,19.7,-999,-1,-999,-1,-999,-1,-999,-1,-999,-1,37,PM25
bkp79t,2026-08-13,23:00,24,14.3,16,32,-999,-1,-999,-1,-999,-1,-999,-1,24,PM25
bkp80t,2026-08-13,23:00,34,18.4,41,69,-999,-1,-999,-1,-999,-1,-999,-1,41,PM10
bkp81t,2026-08-13,23:00,32,17.5,30,56,-999,-1,-999,-1,-999,-1,-999,-1,32,PM25
bkp82t,2026-08-13,23:00,24,14.3,-999,-1,-999,-1,-999,-1,-999,-1,-999,-1,24,PM25
bkp83t,2026-08-13,23:00,14,8.5,-999,-1,-999,-1,-999,-1,-999,-1,-999,-1,14,PM25
bkp84t,2026-08-13,23:00,31,17.2,18,36,-999,-1,-999,-1,-999,-1,-999,-1,31,PM25
bkp85t,2026-08-13,23:00,30,16.9,-999,-1,-999,-1,-999,-1,-999,-1,-999,-1,30,PM25
bkp86t,2026-08-13,23:00,21,12.5,10,19,-999,-1,-999,-1,-999,-1,-999,-1,21,PM25
bkp87t,2026-08-13,23:00,18,11.0,13,26,-999,-1,-999,-1,-999,-1,-999,-1,18,PM25
bkp88t,2026-08-13,23:00,28,15.8,-999,-1,-999,-1,-999,-1,-999,-1,-999,-1,28,PM25
bkp89t,2026-08-13,23:00,38,20.0,32,58,-999,-1,-999,-1,-999,-1,-999,-1,38,PM25
bkp90t,2026-08-13,23:00,32,17.5,24,48,-999,-1,-999,-1,-999,-1,-999,-1,32,PM25
bkp91t,2026-08-13,23:00,21,12.5,20,40,-999,-1,-999,-1,-999,-1,-999,-1,21,PM25
bkp92t,2026-08-13,23:00,26,15.3,-999,-1,-999,-1,-999,-1,-999,-1,-999,-1,26,PM25
bkp93t,2026-08-13,23:00,13,7.6,13,25,-999,-1,-999,-1,-999,-1,-999,-1,13,PM25
bkp94t,2026-08-13,23:00,25,15.0,-999,-1,-999,-1,-999,-1,-999,-1,-999,-1,25,PM25
bkp95t,2026-08-13,23:00,23,13.8,-999,-1,-999,-1,-999,-1,-999,-1,-999,-1,23,PM25
bkp96t,2026-08-13,23:00,19,11.3,12,24,-999,-1,-999,-1,-999,-1,-999,-1,19,PM25
bkp97t,2026-08-13,23:00,21,12.4,-999,-1,-999,-1,-999,-1,-999,-1,-999,-1,21,PM25
bkp98t,2026-08-13,23:00,34,18.3,-999,-1,-999,-1,-999,-1,-999,-1,-999,-1,34,PM25
bkp99t,2026-08-13,23:00,21,12.5,10,20,-999,-1,-999,-1,-999,-1,-999,-1,21,PM25
o10,2026-08-13,23:00,21,12.5,-999,-1,-999,-1,-999,-1,-999,-1,-999,-1,21,PM25
o61,2026-08-13,23:00,17,10.3,-999,-1,-999,-1,-999,-1,-999,-1,-999,-1,17,PM25
o63,2026-08-13,23:00,18,10.7,-999,-1,-999,-1,-999,-1,-999,-1,-999,-1,18,PM25
02t,2026-08-14,00:00,22,13.1,-1,-1,-1,-1,-1,-1,-1,-1,-1,-1,22,PM25
08t,2026-08-14,00:00,35,18.8,-1,-1,-1,-1,-1,-1,-1,-1,-1,-1,35,PM25
100t,2026-08-14,00:00,18,11.0,22,44,8,11,1,0.10,2,5,0,0,22,PM10
101t,2026-08-14,00:00,16,9.3,10,20,-1,-1,18,3.20,-1,-1,-1,-1,18,CO
102t,2026-08-14,00:00,29,16.2,15,30,-1,-1,-1,-1,-1,-1,0,1,29,PM25
103t,2026-08-14,00:00,20,11.8,17,33,-1,-1,1,0.20,3,8,0,0,20,PM25
104t,2026-08-14,00:00,20,11.9,-1,-1,17,24,1,0.20,1,2,1,2,20,PM25
105t,2026-08-14,00:00,16,9.8,-999,-1,10,14,1,0.20,4,10,0,1,16,PM25
106t,2026-08-14,00:00,11,6.4,-999,-1,4,5,1,0.20,0,1,0,0,11,PM25
107t,2026-08-14,00:00,21,12.7,-1,-1,19,26,1,0.20,1,2,0,0,21,PM25
108t,2026-08-14,00:00,15,8.7,-1,-1,24,34,10,1.80,0,0,1,2,24,O3
109t,2026-08-14,00:00,21,12.6,-1,-1,18,25,1,0.20,1,2,1,3,21,PM25
110t,2026-08-14,00:00,32,17.6,-999,-1,23,32,2,0.30,1,2,0,0,32,PM25
111t,2026-08-14,00:00,13,7.7,-999,-1,21,29,1,0.10,0,0,0,0,21,O3
112t,2026-08-14,00:00,13,8.0,-999,-1,19,26,0,0.00,0,0,0,0,19,O3
113t,2026-08-14,00:00,12,7.2,9,17,33,40,1,0.10,0,0,0,0,33,O3
114t,2026-08-14,00:00,15,9.2,13,25,21,29,2,0.40,1,2,0,1,21,O3
115t,2026-08-14,00:00,17,9.9,11,21,9,12,1,0.20,0,1,0,1,17,PM25
116t,2026-08-14,00:00,13,7.8,10,20,16,23,1,0.10,1,2,0,0,16,O3
117t,2026-08-14,00:00,18,10.5,-999,-1,8,11,1,0.20,1,2,0,1,18,PM25
118t,2026-08-14,00:00,13,7.5,-1,-1,5,7,2,0.30,3,6,0,0,13,PM25
119t,2026-08-14,00:00,12,7.0,-1,-1,8,11,7,1.20,2,4,1,2,12,PM25
120t,2026-08-14,00:00,12,7.1,-1,-1,10,14,3,0.50,0,1,0,0,12,PM25
121t,2026-08-14,00:00,12,7.3,-1,-1,11,16,1,0.10,-1,-1,-1,-1,12,PM25
13t,2026-08-14,00:00,9,5.6,-1,-1,11,15,2,0.40,-1,-1,-1,-1,11,O3
14t,2026-08-14,00:00,29,16.4,-1,-1,7,10,2,0.30,6,14,1,2,29,PM25
16t,2026-08-14,00:00,19,11.1,11,22,-1,-1,-1,-1,-1,-1,-1,-1,19,PM25
17t,2026-08-14,00:00,22,13.4,-1,-1,-1,-1,-1,-1,-1,-1,-1,-1,22,PM25
19t,2026-08-14,00:00,22,13.1,-1,-1,-1,-1,-1,-1,-1,-1,-1,-1,22,PM25
20t,2026-08-14,00:00,26,15.1,12,24,-1,-1,-1,-1,-1,-1,-1,-1,26,PM25
21t,2026-08-14,00:00,13,8.0,-1,-1,-1,-1,-1,-1,-1,-1,-1,-1,13,PM25
22t,2026-08-14,00:00,13,7.9,10,19,-1,-1,-1,-1,-1,-1,-1,-1,13,PM25
24t,2026-08-14,00:00,29,16.2,27,52,-1,-1,-1,-1,-1,-1,-1,-1,29,PM25
25t,2026-08-14,00:00,19,11.6,14,27,-1,-1,-999,-1,-1,-1,-999,-1,19,PM25
26t,2026-08-14,00:00,26,15.2,-1,-1,-1,-1,-1,-1,-1,-1,-1,-1,26,PM25
27t,2026-08-14,00:00,39,20.6,-1,-1,-1,-1,-999,-1,-1,-1,-1,-1,39,PM25
28t,2026-08-14,00:00,30,16.8,-1,-1,-1,-1,-1,-1,-1,-1,-1,-1,30,PM25
29t,2026-08-14,00:00,42,21.8,27,52,-1,-1,-1,-1,-1,-1,-1,-1,42,PM25
30t,2026-08-14,00:00,24,14.1,21,41,8,11,1,0.10,0,1,0,0,24,PM25
31t,2026-08-14,00:00,31,17.2,-1,-1,-1,-1,-1,-1,-1,-1,-1,-1,31,PM25
33t,2026-08-14,00:00,16,9.8,-1,-1,-1,-1,-999,-1,-1,-1,-999,-1,16,PM25
34t,2026-08-14,00:00,36,19.4,-1,-1,-1,-1,-1,-1,-1,-1,-999,-1,36,PM25
35t,2026-08-14,00:00,27,15.4,-1,-1,-1,-1,-1,-1,-1,-1,-1,-1,27,PM25
36t,2026-08-14,00:00,16,9.5,-1,-1,-999,-1,-1,-1,-1,-1,-1,-1,16,PM25
40t,2026-08-14,00:00,16,9.3,-1,-1,-1,-1,-999,-1,-1,-1,-1,-1,16,PM25
46t,2026-08-14,00:00,34,18.6,-1,-1,-1,-1,-1,-1,-1,-1,-1,-1,34,PM25
47t,2026-08-14,00:00,25,14.8,-1,-1,-1,-1,-1,-1,-1,-1,-1,-1,25,PM25
50t,2026-08-14,00:00,28,16.1,-1,-1,-999,-1,-1,-1,-1,-1,-999,-1,28,PM25
52t,2026-08-14,00:00,28,15.8,-1,-1,-1,-1,-1,-1,-1,-1,-1,-1,28,PM25
53t,2026-08-14,00:00,27,15.6,-1,-1,-999,-1,-1,-1,-1,-1,-999,-1,27,PM25
57t,2026-08-14,00:00,13,7.8,15,29,-1,-1,-1,-1,-1,-1,-999,-1,15,PM10
58t,2026-08-14,00:00,13,7.9,8,15,-1,-1,-1,-1,-1,-1,-999,-1,13,PM25
59t,2026-08-14,00:00,17,10.4,11,22,17,24,3,0.60,5,12,-999,-1,17,PM25
60t,2026-08-14,00:00,33,17.9,-1,-1,-1,-1,-999,-1,-1,-1,-1,-1,33,PM25
61t,2026-08-14,00:00,21,12.6,-1,-1,-1,-1,-999,-1,-1,-1,-1,-1,21,PM25
67t,2026-08-14,00:00,36,19.3,-1,-1,-1,-1,-1,-1,-1,-1,-1,-1,36,PM25
68t,2026-08-14,00:00,16,9.6,10,20,-1,-1,-1,-1,-1,-1,-1,-1,16,PM25
69t,2026-08-14,00:00,17,10.3,-1,-1,-1,-1,-1,-1,-1,-1,-1,-1,17,PM25
70t,2026-08-14,00:00,16,9.3,-1,-1,-1,-1,-1,-1,-1,-1,-999,-1,16,PM25
71t,2026-08-14,00:00,15,9.1,10,19,9,12,0,0.00,1,3,3,10,15,PM25
72t,2026-08-14,00:00,15,8.7,9,18,-1,-1,-1,-1,0,0,-1,-1,15,PM25
73t,2026-08-14,00:00,23,13.6,-1,-1,-1,-1,-1,-1,-1,-1,-1,-1,23,PM25
74t,2026-08-14,00:00,30,16.8,-1,-1,-1,-1,-1,-1,-1,-1,-1,-1,30,PM25
75t,2026-08-14,00:00,15,9.2,-1,-1,-1,-1,-1,-1,0,1,2,9,15,PM25
77t,2026-08-14,00:00,31,17.2,15,29,-1,-1,-999,-1,-1,-1,-1,-1,31,PM25
78t,2026-08-14,00:00,12,7.4,-1,-1,-999,-1,-999,-1,-999,-1,-999,-1,12,PM25
79t,2026-08-14,00:00,21,12.5,-1,-1,-1,-1,-1,-1,-1,-1,-1,-1,21,PM25
81t,2026-08-14,00:00,14,8.3,-1,-1,-1,-1,-1,-1,-1,-1,-1,-1,14,PM25
82t,2026-08-14,00:00,18,10.6,21,42,-1,-1,1,0.20,1,3,-1,-1,21,PM10
83t,2026-08-14,00:00,17,10.0,11,22,-1,-1,-1,-1,-1,-1,-1,-1,17,PM25
84t,2026-08-14,00:00,22,12.9,14,28,-1,-1,-1,-1,-1,-1,-1,-1,22,PM25
85t,2026-08-14,00:00,12,7.4,-1,-1,-1,-1,-1,-1,-1,-1,-1,-1,12,PM25
86t,2026-08-14,00:00,28,16.0,16,31,-1,-1,5,0.90,7,16,-1,-1,28,PM25
87t,2026-08-14,00:00,35,19.0,-1,-1,-1,-1,-1,-1,0,0,-1,-1,35,PM25
88t,2026-08-14,00:00,29,16.4,16,32,-1,-1,-1,-1,1,2,-1,-1,29,PM25
90t,2026-08-14,00:00,20,12.1,12,23,-1,-1,-1,-1,-1,-1,-1,-1,20,PM25
91t,2026-08-14,00:00,22,13.0,-1,-1,-1,-1,-1,-1,-1,-1,-1,-1,22,PM25
92t,2026-08-14,00:00,16,9.5,-1,-1,-1,-1,-1,-1,-1,-1,-1,-1,16,PM25
93t,2026-08-14,00:00,11,6.7,8,15,-1,-1,1,0.10,2,5,0,0,11,PM25
94t,2026-08-14,00:00,12,7.1,7,14,-1,-1,-1,-1,-1,-1,-1,-1,12,PM25
95t,2026-08-14,00:00,18,10.6,10,20,-1,-1,-1,-1,-1,-1,-1,-1,18,PM25
96t,2026-08-14,00:00,16,9.3,10,20,-1,-1,0,0.00,-1,-1,-1,-1,16,PM25
97t,2026-08-14,00:00,19,11.2,9,17,14,19,0,0.00,1,2,1,3,19,PM25
98t,2026-08-14,00:00,15,8.9,9,18,15,21,1,0.20,-1,-1,0,0,15,PM25
99t,2026-08-14,00:00,17,10.0,10,20,15,21,1,0.20,1,3,1,3,17,PM25
bkp100t,2026-08-14,00:00,12,7.2,-999,-1,-999,-1,-999,-1,-999,-1,-999,-1,12,PM25
bkp101t,2026-08-14,00:00,24,14.2,12,23,-999,-1,-999,-1,-999,-1,-999,-1,24,PM25
bkp102t,2026-08-14,00:00,21,12.7,21,41,-999,-1,-999,-1,-999,-1,-999,-1,21,PM25
bkp103t,2026-08-14,00:00,18,10.9,-999,-1,-999,-1,-999,-1,-999,-1,-999,-1,18,PM25
bkp104t,2026-08-14,00:00,20,12.2,14,27,-999,-1,-999,-1,-999,-1,-999,-1,20,PM25
bkp105t,2026-08-14,00:00,37,19.8,-999,-1,-999,-1,-999,-1,-999,-1,-999,-1,37,PM25
bkp115t,2026-08-14,00:00,15,9.1,-999,-1,-999,-1,-999,-1,-999,-1,-999,-1,15,PM25
bkp116t,2026-08-14,00:00,14,8.1,-999,-1,-999,-1,-999,-1,-999,-1,-999,-1,14,PM25
bkp117t,2026-08-14,00:00,14,8.1,-999,-1,-999,-1,-999,-1,-999,-1,-999,-1,14,PM25
bkp118t,2026-08-14,00:00,21,12.5,-999,-1,-999,-1,-999,-1,-999,-1,-999,-1,21,PM25
bkp119t,2026-08-14,00:00,17,10.1,-999,-1,-999,-1,-999,-1,-999,-1,-999,-1,17,PM25
bkp120t,2026-08-14,00:00,14,8.2,-999,-1,-999,-1,-999,-1,-999,-1,-999,-1,14,PM25
bkp121t,2026-08-14,00:00,21,12.6,-999,-1,-999,-1,-999,-1,-999,-1,-999,-1,21,PM25
bkp122t,2026-08-14,00:00,14,8.6,-999,-1,-999,-1,-999,-1,-999,-1,-999,-1,14,PM25
bkp123t,2026-08-14,00:00,13,7.8,-999,-1,-999,-1,-999,-1,-999,-1,-999,-1,13,PM25
bkp124t,2026-08-14,00:00,26,15.1,-999,-1,-999,-1,-999,-1,-999,-1,-999,-1,26,PM25
bkp125t,2026-08-14,00:00,24,14.3,-999,-1,-999,-1,-999,-1,-999,-1,-999,-1,24,PM25
bkp127t,2026-08-14,00:00,33,17.8,-999,-1,-999,-1,-999,-1,-999,-1,-999,-1,33,PM25
bkp128t,2026-08-14,00:00,14,8.5,-999,-1,-999,-1,-999,-1,-999,-1,-999,-1,14,PM25
bkp129t,2026-08-14,00:00,15,9.2,-999,-1,-999,-1,-999,-1,-999,-1,-999,-1,15,PM25
bkp130t,2026-08-14,00:00,12,6.9,-999,-1,-999,-1,-999,-1,-999,-1,-999,-1,12,PM25
bkp131t,2026-08-14,00:00,18,10.8,-999,-1,-999,-1,-999,-1,-999,-1,-999,-1,18,PM25
bkp133t,2026-08-14,00:00,17,10.4,-999,-1,-999,-1,-999,-1,-999,-1,-999,-1,17,PM25
bkp56t,2026-08-14,00:00,23,13.8,27,52,-999,-1,-999,-1,-999,-1,-999,-1,27,PM10
bkp57t,2026-08-14,00:00,22,13.0,20,39,-999,-1,-999,-1,-999,-1,-999,-1,22,PM25
bkp58t,2026-08-14,00:00,37,19.8,30,56,-999,-1,-999,-1,-999,-1,-999,-1,37,PM25
bkp59t,2026-08-14,00:00,23,13.5,19,37,-999,-1,-999,-1,-999,-1,-999,-1,23,PM25
bkp60t,2026-08-14,00:00,16,9.3,18,36,-999,-1,-999,-1,-999,-1,-999,-1,18,PM10
bkp61t,2026-08-14,00:00,17,10.1,14,27,-999,-1,-999,-1,-999,-1,-999,-1,17,PM25
bkp62t,2026-08-14,00:00,35,18.9,-999,-1,-999,-1,-999,-1,-999,-1,-999,-1,35,PM25
bkp63t,2026-08-14,00:00,22,12.9,-999,-1,-999,-1,-999,-1,-999,-1,-999,-1,22,PM25
bkp64t,2026-08-14,00:00,34,18.6,-999,-1,-999,-1,-999,-1,-999,-1,-999,-1,34,PM25
bkp65t,2026-08-14,00:00,29,16.4,-999,-1,-999,-1,-999,-1,-999,-1,-999,-1,29,PM25
bkp66t,2026-08-14,00:00,32,17.7,-999,-1,-999,-1,-999,-1,-999,-1,-999,-1,32,PM25
bkp67t,2026-08-14,00:00,31,17.2,-999,-1,-999,-1,-999,-1,-999,-1,-999,-1,31,PM25
bkp69t,2026-08-14,00:00,21,12.7,-999,-1,-999,-1,-999,-1,-999,-1,-999,-1,21,PM25
bkp70t,2026-08-14,00:00,18,10.7,28,54,-999,-1,-999,-1,-999,-1,-999,-1,28,PM10
bkp71t,2026-08-14,00:00,18,11.0,15,29,-999,-1,-999,-1,-999,-1,-999,-1,18,PM25
bkp72t,2026-08-14,00:00,41,21.2,33,59,-999,-1,-999,-1,-999,-1,-999,-1,41,PM25
bkp73t,2026-08-14,00:00,19,11.6,-999,-1,-999,-1,-999,-1,-999,-1,-999,-1,19,PM25
bkp74t,2026-08-14,00:00,11,6.7,11,21,-999,-1,-999,-1,-999,-1,-999,-1,11,PM25
bkp75t,2026-08-14,00:00,23,13.6,17,33,-999,-1,-999,-1,-999,-1,-999,-1,23,PM25
bkp76t,2026-08-14,00:00,14,8.2,-999,-1,-999,-1,-999,-1,-999,-1,-999,-1,14,PM25
bkp77t,2026-08-14,00:00,15,9.0,14,27,-999,-1,-999,-1,-999,-1,-999,-1,15,PM25
bkp78t,2026-08-14,00:00,37,19.8,-999,-1,-999,-1,-999,-1,-999,-1,-999,-1,37,PM25
bkp79t,2026-08-14,00:00,24,14.4,16,32,-999,-1,-999,-1,-999,-1,-999,-1,24,PM25
bkp80t,2026-08-14,00:00,30,16.9,40,68,-999,-1,-999,-1,-999,-1,-999,-1,40,PM10
bkp81t,2026-08-14,00:00,31,17.1,30,56,-999,-1,-999,-1,-999,-1,-999,-1,31,PM25
bkp82t,2026-08-14,00:00,24,14.4,-999,-1,-999,-1,-999,-1,-999,-1,-999,-1,24,PM25
bkp83t,2026-08-14,00:00,14,8.2,-999,-1,-999,-1,-999,-1,-999,-1,-999,-1,14,PM25
bkp84t,2026-08-14,00:00,31,17.3,18,35,-999,-1,-999,-1,-999,-1,-999,-1,31,PM25
bkp85t,2026-08-14,00:00,31,17.2,-999,-1,-999,-1,-999,-1,-999,-1,-999,-1,31,PM25
bkp86t,2026-08-14,00:00,21,12.6,10,19,-999,-1,-999,-1,-999,-1,-999,-1,21,PM25
bkp87t,2026-08-14,00:00,18,11.0,13,26,-999,-1,-999,-1,-999,-1,-999,-1,18,PM25
bkp88t,2026-08-14,00:00,28,16.1,-999,-1,-999,-1,-999,-1,-999,-1,-999,-1,28,PM25
bkp89t,2026-08-14,00:00,38,20.2,30,56,-999,-1,-999,-1,-999,-1,-999,-1,38,PM25
bkp90t,2026-08-14,00:00,32,17.6,24,48,-999,-1,-999,-1,-999,-1,-999,-1,32,PM25
bkp91t,2026-08-14,00:00,22,12.9,21,41,-999,-1,-999,-1,-999,-1,-999,-1,22,PM25
bkp92t,2026-08-14,00:00,28,15.8,-999,-1,-999,-1,-999,-1,-999,-1,-999,-1,28,PM25
bkp93t,2026-08-14,00:00,12,7.4,12,24,-999,-1,-999,-1,-999,-1,-999,-1,12,PM25
bkp94t,2026-08-14,00:00,25,14.9,-999,-1,-999,-1,-999,-1,-999,-1,-999,-1,25,PM25
bkp95t,2026-08-14,00:00,24,14.1,-999,-1,-999,-1,-999,-1,-999,-1,-999,-1,24,PM25
bkp96t,2026-08-14,00:00,19,11.4,12,24,-999,-1,-999,-1,-999,-1,-999,-1,19,PM25
bkp97t,2026-08-14,00:00,21,12.3,-999,-1,-999,-1,-999,-1,-999,-1,-999,-1,21,PM25
bkp98t,2026-08-14,00:00,34,18.5,-999,-1,-999,-1,-999,-1,-999,-1,-999,-1,34,PM25
bkp99t,2026-08-14,00:00,20,12.1,10,20,-999,-1,-999,-1,-999,-1,-999,-1,20,PM25
o10,2026-08-14,00:00,21,12.3,-999,-1,-999,-1,-999,-1,-999,-1,-999,-1,21,PM25
o61,2026-08-14,00:00,17,10.2,-999,-1,-999,-1,-999,-1,-999,-1,-999,-1,17,PM25
o63,2026-08-14,00:00,17,10.2,-999,-1,-999,-1,-999,-1,-999,-1,-999,-1,17,PM25
02t,2026-08-14,01:00,22,13.2,-1,-1,-1,-1,-1,-1,-1,-1,-1,-1,22,PM25
08t,2026-08-14,01:00,36,19.2,-1,-1,-1,-1,-1,-1,-1,-1,-1,-1,36,PM25
100t,2026-08-14,01:00,18,10.9,22,43,7,10,1,0.10,-1,-1,-1,-1,22,PM10
101t,2026-08-14,01:00,16,9.3,10,20,-1,-1,19,3.40,1,3,1,2,19,CO
102t,2026-08-14,01:00,28,16.0,15,30,-1,-1,-1,-1,-1,-1,0,1,28,PM25
103t,2026-08-14,01:00,20,11.8,16,32,-1,-1,1,0.20,4,9,0,0,20,PM25
104t,2026-08-14,01:00,20,12.1,-1,-1,14,20,1,0.20,1,2,1,2,20,PM25
105t,2026-08-14,01:00,16,9.8,-999,-1,9,12,1,0.20,3,8,0,1,16,PM25
106t,2026-08-14,01:00,10,6.1,-999,-1,3,4,1,0.20,0,1,0,0,10,PM25
107t,2026-08-14,01:00,21,12.5,-1,-1,18,25,1,0.20,0,1,0,1,21,PM25
108t,2026-08-14,01:00,14,8.5,-1,-1,24,34,10,1.80,0,1,1,2,24,O3
109t,2026-08-14,01:00,21,12.5,-1,-1,17,24,1,0.20,1,2,1,3,21,PM25
110t,2026-08-14,01:00,32,17.5,-999,-1,22,31,2,0.30,0,1,0,0,32,PM25
111t,2026-08-14,01:00,13,7.7,-999,-1,20,28,1,0.10,0,0,0,0,20,O3
112t,2026-08-14,01:00,13,7.9,-999,-1,19,27,0,0.00,0,0,0,0,19,O3
113t,2026-08-14,01:00,12,7.1,9,17,33,40,1,0.10,0,0,0,0,33,O3
114t,2026-08-14,01:00,15,8.9,12,24,21,29,2,0.40,1,2,0,1,21,O3
115t,2026-08-14,01:00,16,9.8,11,21,7,10,1,0.20,0,1,0,1,16,PM25
116t,2026-08-14,01:00,13,7.6,10,20,15,21,1,0.10,1,2,0,0,15,O3
117t,2026-08-14,01:00,18,10.5,-999,-1,7,10,1,0.20,1,2,0,1,18,PM25
118t,2026-08-14,01:00,13,7.5,-1,-1,5,7,2,0.40,2,4,0,0,13,PM25
119t,2026-08-14,01:00,12,6.9,-1,-1,7,10,7,1.20,1,3,1,2,12,PM25
120t,2026-08-14,01:00,13,7.5,-1,-1,9,13,3,0.50,1,2,0,1,13,PM25
121t,2026-08-14,01:00,12,7.3,-1,-1,11,15,1,0.10,0,1,0,1,12,PM25
13t,2026-08-14,01:00,10,5.7,-1,-1,9,12,2,0.40,-1,-1,-1,-1,10,PM25
14t,2026-08-14,01:00,30,16.6,-1,-1,6,8,2,0.30,6,14,1,2,30,PM25
16t,2026-08-14,01:00,19,11.1,11,22,-1,-1,-1,-1,-1,-1,-1,-1,19,PM25
17t,2026-08-14,01:00,23,13.8,-1,-1,-1,-1,-1,-1,-1,-1,-1,-1,23,PM25
19t,2026-08-14,01:00,23,13.7,-1,-1,-1,-1,-1,-1,-1,-1,-1,-1,23,PM25
20t,2026-08-14,01:00,26,15.1,12,24,-1,-1,-1,-1,-1,-1,-1,-1,26,PM25
21t,2026-08-14,01:00,14,8.3,-1,-1,-1,-1,-1,-1,-1,-1,-1,-1,14,PM25
22t,2026-08-14,01:00,14,8.1,10,19,-1,-1,-1,-1,-1,-1,-1,-1,14,PM25
24t,2026-08-14,01:00,30,16.6,28,53,-1,-1,-1,-1,-1,-1,-1,-1,30,PM25
25t,2026-08-14,01:00,20,11.7,14,27,-1,-1,-999,-1,-1,-1,-999,-1,20,PM25
26t,2026-08-14,01:00,25,15.0,-1,-1,-1,-1,-1,-1,-1,-1,-1,-1,25,PM25
27t,2026-08-14,01:00,40,21.0,-1,-1,-1,-1,-999,-1,-1,-1,-1,-1,40,PM25
28t,2026-08-14,01:00,29,16.4,-1,-1,-1,-1,-1,-1,-1,-1,-1,-1,29,PM25
29t,2026-08-14,01:00,42,21.7,27,52,-1,-1,-1,-1,-1,-1,-1,-1,42,PM25
30t,2026-08-14,01:00,23,13.8,20,40,8,11,1,0.10,0,1,0,0,23,PM25
31t,2026-08-14,01:00,29,16.5,-1,-1,-1,-1,-1,-1,-1,-1,-1,-1,29,PM25
33t,2026-08-14,01:00,16,9.5,-1,-1,-1,-1,-999,-1,-1,-1,-999,-1,16,PM25
34t,2026-08-14,01:00,36,19.4,-1,-1,-1,-1,-1,-1,-1,-1,-999,-1,36,PM25
35t,2026-08-14,01:00,26,15.3,-1,-1,-1,-1,-1,-1,-1,-1,-1,-1,26,PM25
36t,2026-08-14,01:00,16,9.5,-1,-1,-999,-1,-1,-1,-1,-1,-1,-1,16,PM25
40t,2026-08-14,01:00,16,9.3,-1,-1,-1,-1,-999,-1,-1,-1,-1,-1,16,PM25
46t,2026-08-14,01:00,35,18.8,-1,-1,-1,-1,-1,-1,-1,-1,-1,-1,35,PM25
47t,2026-08-14,01:00,25,14.7,-1,-1,-1,-1,-1,-1,-1,-1,-1,-1,25,PM25
50t,2026-08-14,01:00,28,16.1,-1,-1,-999,-1,-1,-1,-1,-1,-999,-1,28,PM25
52t,2026-08-14,01:00,28,15.9,-1,-1,-1,-1,-1,-1,-1,-1,-1,-1,28,PM25
53t,2026-08-14,01:00,27,15.4,-1,-1,-999,-1,-1,-1,-1,-1,-999,-1,27,PM25
57t,2026-08-14,01:00,13,8.0,15,29,-1,-1,-1,-1,-1,-1,-999,-1,15,PM10
58t,2026-08-14,01:00,13,7.6,8,15,-1,-1,-1,-1,-1,-1,-999,-1,13,PM25
59t,2026-08-14,01:00,18,10.5,11,22,15,21,3,0.60,5,11,-999,-1,18,PM25
60t,2026-08-14,01:00,32,17.6,-1,-1,-1,-1,-999,-1,-1,-1,-1,-1,32,PM25
61t,2026-08-14,01:00,21,12.6,-1,-1,-1,-1,-999,-1,-1,-1,-1,-1,21,PM25
67t,2026-08-14,01:00,36,19.3,-1,-1,-1,-1,-1,-1,-1,-1,-1,-1,36,PM25
68t,2026-08-14,01:00,16,9.7,10,20,-1,-1,-1,-1,-1,-1,-1,-1,16,PM25
69t,2026-08-14,01:00,18,10.5,-1,-1,-1,-1,-1,-1,-1,-1,-1,-1,18,PM25
70t,2026-08-14,01:00,15,9.2,-1,-1,-1,-1,-1,-1,-1,-1,-999,-1,15,PM25
71t,2026-08-14,01:00,15,9.0,10,19,9,12,0,0.00,1,3,3,10,15,PM25
72t,2026-08-14,01:00,15,8.7,9,18,-1,-1,-1,-1,0,0,-1,-1,15,PM25
73t,2026-08-14,01:00,22,13.4,-1,-1,-1,-1,-1,-1,-1,-1,-1,-1,22,PM25
74t,2026-08-14,01:00,32,17.5,-1,-1,-1,-1,-1,-1,-1,-1,-1,-1,32,PM25
75t,2026-08-14,01:00,16,9.4,-1,-1,-1,-1,-1,-1,0,1,2,9,16,PM25
77t,2026-08-14,01:00,30,16.9,14,28,-1,-1,-999,-1,-1,-1,-1,-1,30,PM25
78t,2026-08-14,01:00,14,8.2,-1,-1,-999,-1,-999,-1,-999,-1,-999,-1,14,PM25
79t,2026-08-14,01:00,21,12.7,-1,-1,-1,-1,-1,-1,-1,-1,-1,-1,21,PM25
81t,2026-08-14,01:00,15,8.8,-1,-1,-1,-1,-1,-1,-1,-1,-1,-1,15,PM25
82t,2026-08-14,01:00,18,10.6,21,42,-1,-1,1,0.20,1,2,-1,-1,21,PM10
83t,2026-08-14,01:00,17,9.9,11,22,-1,-1,-1,-1,-1,-1,-1,-1,17,PM25
84t,2026-08-14,01:00,22,12.9,14,28,-1,-1,-1,-1,-1,-1,-1,-1,22,PM25
85t,2026-08-14,01:00,12,7.4,-1,-1,-1,-1,-1,-1,-1,-1,-1,-1,12,PM25
86t,2026-08-14,01:00,28,16.0,16,31,-1,-1,5,0.90,7,17,-1,-1,28,PM25
87t,2026-08-14,01:00,35,18.9,-1,-1,-1,-1,-1,-1,0,0,-1,-1,35,PM25
88t,2026-08-14,01:00,28,16.1,16,31,-1,-1,-1,-1,1,2,-1,-1,28,PM25
90t,2026-08-14,01:00,20,11.9,12,23,-1,-1,-1,-1,-1,-1,-1,-1,20,PM25
91t,2026-08-14,01:00,22,13.2,-1,-1,-1,-1,-1,-1,-1,-1,-1,-1,22,PM25
92t,2026-08-14,01:00,16,9.7,-1,-1,-1,-1,-1,-1,-1,-1,-1,-1,16,PM25
93t,2026-08-14,01:00,11,6.6,8,16,-1,-1,1,0.10,3,6,0,0,11,PM25
94t,2026-08-14,01:00,12,7.1,7,14,-1,-1,-1,-1,-1,-1,-1,-1,12,PM25
95t,2026-08-14,01:00,17,10.4,10,20,-1,-1,-1,-1,-1,-1,-1,-1,17,PM25
96t,2026-08-14,01:00,16,9.5,10,20,-1,-1,0,0.00,1,2,0,1,16,PM25
97t,2026-08-14,01:00,18,11.0,9,17,14,19,0,0.00,0,1,1,3,18,PM25
98t,2026-08-14,01:00,15,9.1,9,18,14,19,1,0.20,-1,-1,0,0,15,PM25
99t,2026-08-14,01:00,17,10.1,10,20,14,19,1,0.20,4,9,-1,-1,17,PM25
bkp100t,2026-08-14,01:00,12,7.1,-999,-1,-999,-1,-999,-1,-999,-1,-999,-1,12,PM25
bkp101t,2026-08-14,01:00,24,14.1,11,22,-999,-1,-999,-1,-999,-1,-999,-1,24,PM25
bkp102t,2026-08-14,01:00,21,12.7,21,41,-999,-1,-999,-1,-999,-1,-999,-1,21,PM25
bkp103t,2026-08-14,01:00,18,10.9,-999,-1,-999,-1,-999,-1,-999,-1,-999,-1,18,PM25
bkp104t,2026-08-14,01:00,20,12.2,14,27,-999,-1,-999,-1,-999,-1,-999,-1,20,PM25
bkp105t,2026-08-14,01:00,38,20.2,-999,-1,-999,-1,-999,-1,-999,-1,-999,-1,38,PM25
bkp114t,2026-08-14,01:00,14,8.5,-999,-1,-999,-1,-999,-1,-999,-1,-999,-1,14,PM25
bkp115t,2026-08-14,01:00,15,9.0,-999,-1,-999,-1,-999,-1,-999,-1,-999,-1,15,PM25
bkp116t,2026-08-14,01:00,14,8.2,-999,-1,-999,-1,-999,-1,-999,-1,-999,-1,14,PM25
bkp117t,2026-08-14,01:00,14,8.1,-999,-1,-999,-1,-999,-1,-999,-1,-999,-1,14,PM25
bkp118t,2026-08-14,01:00,21,12.5,-999,-1,-999,-1,-999,-1,-999,-1,-999,-1,21,PM25
bkp119t,2026-08-14,01:00,17,10.0,-999,-1,-999,-1,-999,-1,-999,-1,-999,-1,17,PM25
bkp120t,2026-08-14,01:00,14,8.2,-999,-1,-999,-1,-999,-1,-999,-1,-999,-1,14,PM25
bkp121t,2026-08-14,01:00,21,12.6,-999,-1,-999,-1,-999,-1,-999,-1,-999,-1,21,PM25
bkp122t,2026-08-14,01:00,14,8.5,-999,-1,-999,-1,-999,-1,-999,-1,-999,-1,14,PM25
bkp123t,2026-08-14,01:00,13,7.7,-999,-1,-999,-1,-999,-1,-999,-1,-999,-1,13,PM25
bkp124t,2026-08-14,01:00,25,14.8,-999,-1,-999,-1,-999,-1,-999,-1,-999,-1,25,PM25
bkp125t,2026-08-14,01:00,24,14.1,-999,-1,-999,-1,-999,-1,-999,-1,-999,-1,24,PM25
bkp126t,2026-08-14,01:00,23,13.6,-999,-1,-999,-1,-999,-1,-999,-1,-999,-1,23,PM25
bkp127t,2026-08-14,01:00,33,18.0,-999,-1,-999,-1,-999,-1,-999,-1,-999,-1,33,PM25
bkp128t,2026-08-14,01:00,14,8.4,-999,-1,-999,-1,-999,-1,-999,-1,-999,-1,14,PM25
bkp129t,2026-08-14,01:00,16,9.3,-999,-1,-999,-1,-999,-1,-999,-1,-999,-1,16,PM25
bkp130t,2026-08-14,01:00,12,6.9,-999,-1,-999,-1,-999,-1,-999,-1,-999,-1,12,PM25
bkp131t,2026-08-14,01:00,18,10.8,-999,-1,-999,-1,-999,-1,-999,-1,-999,-1,18,PM25
bkp133t,2026-08-14,01:00,18,10.6,-999,-1,-999,-1,-999,-1,-999,-1,-999,-1,18,PM25
bkp56t,2026-08-14,01:00,23,13.8,27,52,-999,-1,-999,-1,-999,-1,-999,-1,27,PM10
bkp57t,2026-08-14,01:00,22,13.3,20,39,-999,-1,-999,-1,-999,-1,-999,-1,22,PM25
bkp58t,2026-08-14,01:00,38,19.9,30,56,-999,-1,-999,-1,-999,-1,-999,-1,38,PM25
bkp59t,2026-08-14,01:00,23,13.5,18,36,-999,-1,-999,-1,-999,-1,-999,-1,23,PM25
bkp60t,2026-08-14,01:00,15,9.2,18,36,-999,-1,-999,-1,-999,-1,-999,-1,18,PM10
bkp61t,2026-08-14,01:00,17,10.1,13,26,-999,-1,-999,-1,-999,-1,-999,-1,17,PM25
bkp62t,2026-08-14,01:00,36,19.3,-999,-1,-999,-1,-999,-1,-999,-1,-999,-1,36,PM25
bkp63t,2026-08-14,01:00,22,12.9,-999,-1,-999,-1,-999,-1,-999,-1,-999,-1,22,PM25
bkp64t,2026-08-14,01:00,34,18.6,-999,-1,-999,-1,-999,-1,-999,-1,-999,-1,34,PM25
bkp65t,2026-08-14,01:00,30,16.6,-999,-1,-999,-1,-999,-1,-999,-1,-999,-1,30,PM25
bkp66t,2026-08-14,01:00,32,17.6,-999,-1,-999,-1,-999,-1,-999,-1,-999,-1,32,PM25
bkp67t,2026-08-14,01:00,31,17.2,-999,-1,-999,-1,-999,-1,-999,-1,-999,-1,31,PM25
bkp69t,2026-08-14,01:00,23,13.8,-999,-1,-999,-1,-999,-1,-999,-1,-999,-1,23,PM25
bkp70t,2026-08-14,01:00,18,10.7,28,53,-999,-1,-999,-1,-999,-1,-999,-1,28,PM10
bkp71t,2026-08-14,01:00,18,10.8,15,29,-999,-1,-999,-1,-999,-1,-999,-1,18,PM25
bkp72t,2026-08-14,01:00,41,21.3,33,59,-999,-1,-999,-1,-999,-1,-999,-1,41,PM25
bkp73t,2026-08-14,01:00,19,11.5,-999,-1,-999,-1,-999,-1,-999,-1,-999,-1,19,PM25
bkp74t,2026-08-14,01:00,11,6.6,11,21,-999,-1,-999,-1,-999,-1,-999,-1,11,PM25
bkp75t,2026-08-14,01:00,23,13.6,17,33,-999,-1,-999,-1,-999,-1,-999,-1,23,PM25
bkp76t,2026-08-14,01:00,14,8.4,-999,-1,-999,-1,-999,-1,-999,-1,-999,-1,14,PM25
bkp77t,2026-08-14,01:00,15,9.0,14,27,-999,-1,-999,-1,-999,-1,-999,-1,15,PM25
bkp78t,2026-08-14,01:00,37,19.7,-999,-1,-999,-1,-999,-1,-999,-1,-999,-1,37,PM25
bkp79t,2026-08-14,01:00,24,14.3,16,32,-999,-1,-999,-1,-999,-1,-999,-1,24,PM25
bkp80t,2026-08-14,01:00,29,16.5,38,66,-999,-1,-999,-1,-999,-1,-999,-1,38,PM10
bkp81t,2026-08-14,01:00,32,17.7,29,55,-999,-1,-999,-1,-999,-1,-999,-1,32,PM25
bkp82t,2026-08-14,01:00,24,14.3,-999,-1,-999,-1,-999,-1,-999,-1,-999,-1,24,PM25
bkp83t,2026-08-14,01:00,14,8.3,-999,-1,-999,-1,-999,-1,-999,-1,-999,-1,14,PM25
bkp84t,2026-08-14,01:00,32,17.6,18,35,-999,-1,-999,-1,-999,-1,-999,-1,32,PM25
bkp85t,2026-08-14,01:00,32,17.5,-999,-1,-999,-1,-999,-1,-999,-1,-999,-1,32,PM25
bkp86t,2026-08-14,01:00,21,12.8,10,19,-999,-1,-999,-1,-999,-1,-999,-1,21,PM25
bkp87t,2026-08-14,01:00,19,11.1,13,26,-999,-1,-999,-1,-999,-1,-999,-1,19,PM25
bkp88t,2026-08-14,01:00,28,16.1,-999,-1,-999,-1,-999,-1,-999,-1,-999,-1,28,PM25
bkp89t,2026-08-14,01:00,38,20.0,30,56,-999,-1,-999,-1,-999,-1,-999,-1,38,PM25
bkp90t,2026-08-14,01:00,33,17.8,24,47,-999,-1,-999,-1,-999,-1,-999,-1,33,PM25
bkp91t,2026-08-14,01:00,22,12.9,21,41,-999,-1,-999,-1,-999,-1,-999,-1,22,PM25
bkp92t,2026-08-14,01:00,28,15.9,-999,-1,-999,-1,-999,-1,-999,-1,-999,-1,28,PM25
bkp93t,2026-08-14,01:00,12,7.3,12,24,-999,-1,-999,-1,-999,-1,-999,-1,12,PM25
bkp94t,2026-08-14,01:00,26,15.2,-999,-1,-999,-1,-999,-1,-999,-1,-999,-1,26,PM25
bkp95t,2026-08-14,01:00,24,14.3,-999,-1,-999,-1,-999,-1,-999,-1,-999,-1,24,PM25
bkp96t,2026-08-14,01:00,19,11.5,12,24,-999,-1,-999,-1,-999,-1,-999,-1,19,PM25
bkp97t,2026-08-14,01:00,21,12.3,-999,-1,-999,-1,-999,-1,-999,-1,-999,-1,21,PM25
bkp98t,2026-08-14,01:00,34,18.4,-999,-1,-999,-1,-999,-1,-999,-1,-999,-1,34,PM25
bkp99t,2026-08-14,01:00,20,11.9,10,20,-999,-1,-999,-1,-999,-1,-999,-1,20,PM25
o10,2026-08-14,01:00,21,12.3,-999,-1,-999,-1,-999,-1,-999,-1,-999,-1,21,PM25
o61,2026-08-14,01:00,17,10.0,-999,-1,-999,-1,-999,-1,-999,-1,-999,-1,17,PM25
o63,2026-08-14,01:00,16,9.7,-999,-1,-999,-1,-999,-1,-999,-1,-999,-1,16,PM25
13t,2026-08-14,02:00,10,5.9,-1,-1,7,10,2,0.40,-1,-1,-1,-1,10,PM25
02t,2026-08-14,03:00,22,13.3,-1,-1,-1,-1,-1,-1,-1,-1,-1,-1,22,PM25
08t,2026-08-14,03:00,37,19.6,-1,-1,-1,-1,-1,-1,-1,-1,-1,-1,37,PM25
100t,2026-08-14,03:00,18,10.8,21,41,7,10,1,0.10,2,5,0,0,21,PM10
101t,2026-08-14,03:00,16,9.4,10,20,-1,-1,20,3.60,1,2,0,1,20,CO
102t,2026-08-14,03:00,28,16.1,15,29,-1,-1,-1,-1,-1,-1,0,1,28,PM25
103t,2026-08-14,03:00,20,11.8,16,31,-1,-1,1,0.20,3,7,0,0,20,PM25
104t,2026-08-14,03:00,21,12.5,-1,-1,12,17,1,0.10,0,1,1,2,21,PM25
105t,2026-08-14,03:00,17,10.1,-999,-1,5,7,1,0.20,2,5,0,0,17,PM25
106t,2026-08-14,03:00,9,5.6,-999,-1,4,5,1,0.20,0,1,0,0,9,PM25
107t,2026-08-14,03:00,21,12.4,-1,-1,17,24,1,0.20,-1,-1,-1,-1,21,PM25
108t,2026-08-14,03:00,14,8.1,-1,-1,23,32,10,1.80,0,1,1,2,23,O3
109t,2026-08-14,03:00,21,12.3,-1,-1,16,23,1,0.10,1,2,1,3,21,PM25
110t,2026-08-14,03:00,31,17.0,-999,-1,21,30,2,0.30,1,2,0,0,31,PM25
111t,2026-08-14,03:00,13,7.7,-999,-1,20,28,1,0.10,0,0,0,0,20,O3
112t,2026-08-14,03:00,13,7.8,-999,-1,19,27,0,0.00,-1,-1,-1,-1,19,O3
113t,2026-08-14,03:00,11,6.8,8,16,33,40,1,0.10,0,0,0,0,33,O3
114t,2026-08-14,03:00,14,8.5,12,24,21,30,2,0.40,1,3,0,1,21,O3
115t,2026-08-14,03:00,16,9.3,10,20,6,8,1,0.20,0,1,0,1,16,PM25
116t,2026-08-14,03:00,12,7.3,10,20,13,18,1,0.10,0,1,0,0,13,O3
117t,2026-08-14,03:00,18,10.7,-999,-1,6,8,1,0.20,1,2,0,1,18,PM25
118t,2026-08-14,03:00,12,7.3,-1,-1,4,6,2,0.40,1,2,0,0,12,PM25
119t,2026-08-14,03:00,12,6.9,-1,-1,6,9,7,1.20,0,1,1,2,12,PM25
120t,2026-08-14,03:00,13,7.6,-1,-1,8,11,3,0.50,0,1,0,0,13,PM25
121t,2026-08-14,03:00,12,7.4,-1,-1,9,12,1,0.10,0,1,0,1,12,PM25
14t,2026-08-14,03:00,28,16.1,-1,-1,4,5,2,0.30,4,9,0,1,28,PM25
16t,2026-08-14,03:00,19,11.1,11,21,-1,-1,-1,-1,-1,-1,-1,-1,19,PM25
17t,2026-08-14,03:00,24,14.5,-1,-1,-1,-1,-1,-1,-1,-1,-1,-1,24,PM25
19t,2026-08-14,03:00,23,14.0,-1,-1,-1,-1,-1,-1,-1,-1,-1,-1,23,PM25
20t,2026-08-14,03:00,25,15.0,12,24,-1,-1,-1,-1,-1,-1,-1,-1,25,PM25
21t,2026-08-14,03:00,15,8.7,-1,-1,-1,-1,-1,-1,-1,-1,-1,-1,15,PM25
22t,2026-08-14,03:00,14,8.2,10,20,-1,-1,-1,-1,-1,-1,-1,-1,14,PM25
24t,2026-08-14,03:00,30,16.8,28,53,-1,-1,-1,-1,-1,-1,-1,-1,30,PM25
25t,2026-08-14,03:00,19,11.6,14,27,-1,-1,-999,-1,-1,-1,-999,-1,19,PM25
26t,2026-08-14,03:00,25,14.8,-1,-1,-1,-1,-1,-1,-1,-1,-1,-1,25,PM25
27t,2026-08-14,03:00,39,20.6,-1,-1,-1,-1,-999,-1,-1,-1,-1,-1,39,PM25
28t,2026-08-14,03:00,28,15.8,-1,-1,-1,-1,-1,-1,-1,-1,-1,-1,28,PM25
29t,2026-08-14,03:00,42,21.5,26,51,-1,-1,-1,-1,-1,-1,-1,-1,42,PM25
30t,2026-08-14,03:00,22,13.3,19,38,9,12,1,0.10,0,1,0,0,22,PM25
31t,2026-08-14,03:00,29,16.3,-1,-1,-1,-1,-1,-1,-1,-1,-1,-1,29,PM25
33t,2026-08-14,03:00,15,8.8,-1,-1,-1,-1,-999,-1,-1,-1,-999,-1,15,PM25
34t,2026-08-14,03:00,37,19.6,-1,-1,-1,-1,-1,-1,-1,-1,-999,-1,37,PM25
35t,2026-08-14,03:00,26,15.1,-1,-1,-1,-1,-1,-1,-1,-1,-1,-1,26,PM25
36t,2026-08-14,03:00,16,9.5,-1,-1,-999,-1,-1,-1,-1,-1,-1,-1,16,PM25
40t,2026-08-14,03:00,16,9.4,-1,-1,-1,-1,-999,-1,-1,-1,-1,-1,16,PM25
46t,2026-08-14,03:00,34,18.6,-1,-1,-1,-1,-1,-1,-1,-1,-1,-1,34,PM25
47t,2026-08-14,03:00,25,14.7,-1,-1,-1,-1,-1,-1,-1,-1,-1,-1,25,PM25
50t,2026-08-14,03:00,28,16.1,-1,-1,-999,-1,-1,-1,-1,-1,-999,-1,28,PM25
52t,2026-08-14,03:00,27,15.6,-1,-1,-1,-1,-1,-1,-1,-1,-1,-1,27,PM25
53t,2026-08-14,03:00,24,14.5,-1,-1,-999,-1,-1,-1,-1,-1,-999,-1,24,PM25
57t,2026-08-14,03:00,14,8.1,15,30,-1,-1,-1,-1,-1,-1,-999,-1,15,PM10
58t,2026-08-14,03:00,12,7.4,8,15,-1,-1,-1,-1,-1,-1,-999,-1,12,PM25
59t,2026-08-14,03:00,18,10.5,12,23,13,18,3,0.60,4,9,-999,-1,18,PM25
60t,2026-08-14,03:00,31,17.1,-1,-1,-1,-1,-999,-1,-1,-1,-1,-1,31,PM25
61t,2026-08-14,03:00,21,12.7,-1,-1,-1,-1,-999,-1,-1,-1,-1,-1,21,PM25
67t,2026-08-14,03:00,36,19.3,-1,-1,-1,-1,-1,-1,-1,-1,-1,-1,36,PM25
68t,2026-08-14,03:00,17,10.1,10,20,-1,-1,-1,-1,-1,-1,-1,-1,17,PM25
69t,2026-08-14,03:00,18,11.0,-1,-1,-1,-1,-1,-1,-1,-1,-1,-1,18,PM25
70t,2026-08-14,03:00,15,9.0,-1,-1,-1,-1,-1,-1,-1,-1,-999,-1,15,PM25
71t,2026-08-14,03:00,15,8.8,9,18,9,12,0,0.00,1,2,3,10,15,PM25
72t,2026-08-14,03:00,15,8.7,9,18,-1,-1,-1,-1,0,0,-1,-1,15,PM25
73t,2026-08-14,03:00,22,13.1,-1,-1,-1,-1,-1,-1,-1,-1,-1,-1,22,PM25
74t,2026-08-14,03:00,34,18.6,-1,-1,-1,-1,-1,-1,-1,-1,-1,-1,34,PM25
75t,2026-08-14,03:00,16,9.4,-1,-1,-1,-1,-1,-1,0,1,2,9,16,PM25
77t,2026-08-14,03:00,30,16.7,14,28,-1,-1,-999,-1,-1,-1,-1,-1,30,PM25
78t,2026-08-14,03:00,15,9.2,-1,-1,-999,-1,-999,-1,-999,-1,-999,-1,15,PM25
79t,2026-08-14,03:00,23,13.7,-1,-1,-1,-1,-1,-1,-1,-1,-1,-1,23,PM25
81t,2026-08-14,03:00,17,10.1,-1,-1,-1,-1,-1,-1,-1,-1,-1,-1,17,PM25
82t,2026-08-14,03:00,18,10.5,21,42,-1,-1,1,0.20,0,1,-1,-1,21,PM10
83t,2026-08-14,03:00,16,9.7,11,21,-1,-1,-1,-1,-1,-1,-1,-1,16,PM25
84t,2026-08-14,03:00,22,13.0,14,28,-1,-1,-1,-1,-1,-1,-1,-1,22,PM25
85t,2026-08-14,03:00,13,7.7,-1,-1,-1,-1,-1,-1,-1,-1,-1,-1,13,PM25
86t,2026-08-14,03:00,29,16.4,16,32,-1,-1,5,0.90,6,15,-1,-1,29,PM25
87t,2026-08-14,03:00,34,18.5,-1,-1,-1,-1,-1,-1,0,0,-1,-1,34,PM25
88t,2026-08-14,03:00,25,14.7,14,28,-1,-1,-1,-1,1,2,-1,-1,25,PM25
90t,2026-08-14,03:00,18,10.9,12,23,-1,-1,-1,-1,-1,-1,-1,-1,18,PM25
91t,2026-08-14,03:00,23,14.0,-1,-1,-1,-1,-1,-1,-1,-1,-1,-1,23,PM25
92t,2026-08-14,03:00,17,10.1,-1,-1,-1,-1,-1,-1,-1,-1,-1,-1,17,PM25
93t,2026-08-14,03:00,11,6.3,9,17,-1,-1,1,0.10,1,2,0,0,11,PM25
94t,2026-08-14,03:00,12,7.4,7,14,-1,-1,-1,-1,-1,-1,-1,-1,12,PM25
95t,2026-08-14,03:00,18,10.6,10,20,-1,-1,-1,-1,-1,-1,-1,-1,18,PM25
96t,2026-08-14,03:00,16,9.6,10,20,-1,-1,0,0.00,0,1,0,1,16,PM25
97t,2026-08-14,03:00,18,10.9,9,17,13,18,0,0.00,0,1,1,3,18,PM25
98t,2026-08-14,03:00,16,9.6,9,18,12,17,1,0.20,-1,-1,0,0,16,PM25
99t,2026-08-14,03:00,17,10.0,10,20,11,15,1,0.20,1,3,1,3,17,PM25
bkp100t,2026-08-14,03:00,12,7.0,-999,-1,-999,-1,-999,-1,-999,-1,-999,-1,12,PM25
bkp101t,2026-08-14,03:00,23,13.8,10,20,-999,-1,-999,-1,-999,-1,-999,-1,23,PM25
bkp102t,2026-08-14,03:00,21,12.8,21,41,-999,-1,-999,-1,-999,-1,-999,-1,21,PM25
bkp103t,2026-08-14,03:00,19,11.2,-999,-1,-999,-1,-999,-1,-999,-1,-999,-1,19,PM25
bkp104t,2026-08-14,03:00,21,12.3,14,27,-999,-1,-999,-1,-999,-1,-999,-1,21,PM25
bkp105t,2026-08-14,03:00,39,20.5,-999,-1,-999,-1,-999,-1,-999,-1,-999,-1,39,PM25
bkp114t,2026-08-14,03:00,14,8.4,-999,-1,-999,-1,-999,-1,-999,-1,-999,-1,14,PM25
bkp115t,2026-08-14,03:00,15,8.7,-999,-1,-999,-1,-999,-1,-999,-1,-999,-1,15,PM25
bkp116t,2026-08-14,03:00,13,7.9,-999,-1,-999,-1,-999,-1,-999,-1,-999,-1,13,PM25
bkp117t,2026-08-14,03:00,13,8.0,-999,-1,-999,-1,-999,-1,-999,-1,-999,-1,13,PM25
bkp118t,2026-08-14,03:00,21,12.3,-999,-1,-999,-1,-999,-1,-999,-1,-999,-1,21,PM25
bkp119t,2026-08-14,03:00,16,9.6,-999,-1,-999,-1,-999,-1,-999,-1,-999,-1,16,PM25
bkp120t,2026-08-14,03:00,13,8.0,-999,-1,-999,-1,-999,-1,-999,-1,-999,-1,13,PM25
bkp121t,2026-08-14,03:00,20,12.2,-999,-1,-999,-1,-999,-1,-999,-1,-999,-1,20,PM25
bkp122t,2026-08-14,03:00,15,8.7,-999,-1,-999,-1,-999,-1,-999,-1,-999,-1,15,PM25
bkp123t,2026-08-14,03:00,13,7.9,-999,-1,-999,-1,-999,-1,-999,-1,-999,-1,13,PM25
bkp124t,2026-08-14,03:00,24,14.4,-999,-1,-999,-1,-999,-1,-999,-1,-999,-1,24,PM25
bkp125t,2026-08-14,03:00,23,13.9,-999,-1,-999,-1,-999,-1,-999,-1,-999,-1,23,PM25
bkp126t,2026-08-14,03:00,23,13.5,-999,-1,-999,-1,-999,-1,-999,-1,-999,-1,23,PM25
bkp127t,2026-08-14,03:00,32,17.4,-999,-1,-999,-1,-999,-1,-999,-1,-999,-1,32,PM25
bkp128t,2026-08-14,03:00,14,8.3,-999,-1,-999,-1,-999,-1,-999,-1,-999,-1,14,PM25
bkp129t,2026-08-14,03:00,15,9.1,-999,-1,-999,-1,-999,-1,-999,-1,-999,-1,15,PM25
bkp130t,2026-08-14,03:00,11,6.8,-999,-1,-999,-1,-999,-1,-999,-1,-999,-1,11,PM25
bkp131t,2026-08-14,03:00,18,10.8,-999,-1,-999,-1,-999,-1,-999,-1,-999,-1,18,PM25
bkp133t,2026-08-14,03:00,17,10.4,-999,-1,-999,-1,-999,-1,-999,-1,-999,-1,17,PM25
bkp56t,2026-08-14,03:00,23,13.6,26,51,-999,-1,-999,-1,-999,-1,-999,-1,26,PM10
bkp57t,2026-08-14,03:00,23,13.6,20,40,-999,-1,-999,-1,-999,-1,-999,-1,23,PM25
bkp58t,2026-08-14,03:00,37,19.7,30,56,-999,-1,-999,-1,-999,-1,-999,-1,37,PM25
bkp59t,2026-08-14,03:00,23,13.6,18,35,-999,-1,-999,-1,-999,-1,-999,-1,23,PM25
bkp60t,2026-08-14,03:00,15,8.7,18,36,-999,-1,-999,-1,-999,-1,-999,-1,18,PM10
bkp61t,2026-08-14,03:00,17,10.0,13,25,-999,-1,-999,-1,-999,-1,-999,-1,17,PM25
bkp62t,2026-08-14,03:00,35,18.9,-999,-1,-999,-1,-999,-1,-999,-1,-999,-1,35,PM25
bkp63t,2026-08-14,03:00,21,12.8,-999,-1,-999,-1,-999,-1,-999,-1,-999,-1,21,PM25
bkp64t,2026-08-14,03:00,34,18.5,-999,-1,-999,-1,-999,-1,-999,-1,-999,-1,34,PM25
bkp65t,2026-08-14,03:00,30,16.7,-999,-1,-999,-1,-999,-1,-999,-1,-999,-1,30,PM25
bkp66t,2026-08-14,03:00,32,17.5,-999,-1,-999,-1,-999,-1,-999,-1,-999,-1,32,PM25
bkp67t,2026-08-14,03:00,32,17.7,-999,-1,-999,-1,-999,-1,-999,-1,-999,-1,32,PM25
bkp69t,2026-08-14,03:00,24,14.2,-999,-1,-999,-1,-999,-1,-999,-1,-999,-1,24,PM25
bkp70t,2026-08-14,03:00,18,10.8,28,54,-999,-1,-999,-1,-999,-1,-999,-1,28,PM10
bkp71t,2026-08-14,03:00,18,10.6,15,29,-999,-1,-999,-1,-999,-1,-999,-1,18,PM25
bkp72t,2026-08-14,03:00,41,21.2,33,59,-999,-1,-999,-1,-999,-1,-999,-1,41,PM25
bkp73t,2026-08-14,03:00,20,11.8,-999,-1,-999,-1,-999,-1,-999,-1,-999,-1,20,PM25
bkp74t,2026-08-14,03:00,11,6.8,11,21,-999,-1,-999,-1,-999,-1,-999,-1,11,PM25
bkp75t,2026-08-14,03:00,22,13.3,17,33,-999,-1,-999,-1,-999,-1,-999,-1,22,PM25
bkp76t,2026-08-14,03:00,14,8.4,-999,-1,-999,-1,-999,-1,-999,-1,-999,-1,14,PM25
bkp77t,2026-08-14,03:00,15,9.0,13,26,-999,-1,-999,-1,-999,-1,-999,-1,15,PM25
bkp78t,2026-08-14,03:00,37,19.5,-999,-1,-999,-1,-999,-1,-999,-1,-999,-1,37,PM25
bkp79t,2026-08-14,03:00,24,14.3,16,31,-999,-1,-999,-1,-999,-1,-999,-1,24,PM25
bkp80t,2026-08-14,03:00,29,16.2,37,64,-999,-1,-999,-1,-999,-1,-999,-1,37,PM10
bkp81t,2026-08-14,03:00,32,17.5,30,56,-999,-1,-999,-1,-999,-1,-999,-1,32,PM25
bkp82t,2026-08-14,03:00,24,14.2,-999,-1,-999,-1,-999,-1,-999,-1,-999,-1,24,PM25
bkp83t,2026-08-14,03:00,13,8.0,-999,-1,-999,-1,-999,-1,-999,-1,-999,-1,13,PM25
bkp84t,2026-08-14,03:00,32,17.7,18,35,-999,-1,-999,-1,-999,-1,-999,-1,32,PM25
bkp85t,2026-08-14,03:00,33,17.8,-999,-1,-999,-1,-999,-1,-999,-1,-999,-1,33,PM25
bkp86t,2026-08-14,03:00,22,13.4,10,20,-999,-1,-999,-1,-999,-1,-999,-1,22,PM25
bkp87t,2026-08-14,03:00,19,11.2,13,25,-999,-1,-999,-1,-999,-1,-999,-1,19,PM25
bkp88t,2026-08-14,03:00,29,16.3,-999,-1,-999,-1,-999,-1,-999,-1,-999,-1,29,PM25
bkp89t,2026-08-14,03:00,37,19.5,29,55,-999,-1,-999,-1,-999,-1,-999,-1,37,PM25
bkp90t,2026-08-14,03:00,31,17.2,24,47,-999,-1,-999,-1,-999,-1,-999,-1,31,PM25
bkp91t,2026-08-14,03:00,21,12.5,21,41,-999,-1,-999,-1,-999,-1,-999,-1,21,PM25
bkp92t,2026-08-14,03:00,28,15.9,-999,-1,-999,-1,-999,-1,-999,-1,-999,-1,28,PM25
bkp93t,2026-08-14,03:00,12,6.9,12,23,-999,-1,-999,-1,-999,-1,-999,-1,12,PM25
bkp94t,2026-08-14,03:00,26,15.3,-999,-1,-999,-1,-999,-1,-999,-1,-999,-1,26,PM25
bkp95t,2026-08-14,03:00,24,14.3,-999,-1,-999,-1,-999,-1,-999,-1,-999,-1,24,PM25
bkp96t,2026-08-14,03:00,19,11.5,12,24,-999,-1,-999,-1,-999,-1,-999,-1,19,PM25
bkp97t,2026-08-14,03:00,21,12.4,-999,-1,-999,-1,-999,-1,-999,-1,-999,-1,21,PM25
bkp98t,2026-08-14,03:00,34,18.5,-999,-1,-999,-1,-999,-1,-999,-1,-999,-1,34,PM25
bkp99t,2026-08-14,03:00,20,11.9,10,19,-999,-1,-999,-1,-999,-1,-999,-1,20,PM25
o10,2026-08-14,03:00,20,12.2,-999,-1,-999,-1,-999,-1,-999,-1,-999,-1,20,PM25
o61,2026-08-14,03:00,16,9.6,-999,-1,-999,-1,-999,-1,-999,-1,-999,-1,16,PM25
o63,2026-08-14,03:00,16,9.3,-999,-1,-999,-1,-999,-1,-999,-1,-999,-1,16,PM25
02t,2026-08-14,04:00,22,13.4,-1,-1,-1,-1,-1,-1,-1,-1,-1,-1,22,PM25
08t,2026-08-14,04:00,37,19.5,-1,-1,-1,-1,-1,-1,-1,-1,-1,-1,37,PM25
100t,2026-08-14,04:00,18,10.8,21,41,7,10,1,0.10,1,2,0,0,21,PM10
101t,2026-08-14,04:00,16,9.5,10,20,-1,-1,20,3.60,1,2,0,1,20,CO
102t,2026-08-14,04:00,28,15.9,15,29,-1,-1,-1,-1,-1,-1,0,1,28,PM25
103t,2026-08-14,04:00,20,11.8,16,31,-1,-1,1,0.10,3,7,0,0,20,PM25
104t,2026-08-14,04:00,21,12.6,-1,-1,11,16,1,0.10,0,1,1,2,21,PM25
105t,2026-08-14,04:00,17,10.2,-999,-1,4,5,1,0.20,3,6,0,1,17,PM25
106t,2026-08-14,04:00,9,5.5,-999,-1,4,5,1,0.20,0,1,0,0,9,PM25
107t,2026-08-14,04:00,20,12.2,-1,-1,17,24,1,0.20,0,1,0,1,20,PM25
108t,2026-08-14,04:00,14,8.1,-1,-1,21,30,10,1.80,0,1,1,2,21,O3
109t,2026-08-14,04:00,20,12.2,-1,-1,16,22,1,0.10,1,3,1,3,20,PM25
110t,2026-08-14,04:00,31,17.0,-999,-1,21,30,2,0.30,1,2,0,0,31,PM25
111t,2026-08-14,04:00,13,7.7,-999,-1,20,28,1,0.10,0,0,0,0,20,O3
112t,2026-08-14,04:00,13,7.8,-999,-1,19,26,0,0.00,0,0,0,0,19,O3
113t,2026-08-14,04:00,11,6.8,8,16,35,41,1,0.10,0,0,0,0,35,O3
114t,2026-08-14,04:00,14,8.3,12,23,21,30,2,0.40,1,3,0,1,21,O3
115t,2026-08-14,04:00,15,9.2,10,19,6,8,1,0.20,0,1,0,1,15,PM25
116t,2026-08-14,04:00,12,7.4,10,20,12,17,1,0.10,0,1,0,0,12,PM25
117t,2026-08-14,04:00,18,10.7,-999,-1,6,8,1,0.20,1,2,0,1,18,PM25
118t,2026-08-14,04:00,12,7.1,-1,-1,4,6,2,0.40,0,1,0,0,12,PM25
119t,2026-08-14,04:00,12,7.1,-1,-1,6,8,7,1.20,0,1,1,2,12,PM25
120t,2026-08-14,04:00,13,7.5,-1,-1,8,11,3,0.50,0,1,0,0,13,PM25
121t,2026-08-14,04:00,12,7.4,-1,-1,8,11,1,0.10,1,2,0,0,12,PM25
13t,2026-08-14,04:00,10,6.2,-1,-1,5,7,3,0.50,-1,-1,-1,-1,10,PM25
14t,2026-08-14,04:00,28,16.1,-1,-1,3,4,2,0.30,4,10,0,1,28,PM25
16t,2026-08-14,04:00,18,10.7,11,21,-1,-1,-1,-1,-1,-1,-1,-1,18,PM25
17t,2026-08-14,04:00,28,15.8,-1,-1,-1,-1,-1,-1,-1,-1,-1,-1,28,PM25
19t,2026-08-14,04:00,24,14.3,-1,-1,-1,-1,-1,-1,-1,-1,-1,-1,24,PM25
20t,2026-08-14,04:00,26,15.2,12,24,-1,-1,-1,-1,-1,-1,-1,-1,26,PM25
21t,2026-08-14,04:00,14,8.4,-1,-1,-1,-1,-1,-1,-1,-1,-1,-1,14,PM25
22t,2026-08-14,04:00,14,8.3,10,20,-1,-1,-1,-1,-1,-1,-1,-1,14,PM25
24t,2026-08-14,04:00,31,17.0,28,54,-1,-1,-1,-1,-1,-1,-1,-1,31,PM25
25t,2026-08-14,04:00,19,11.6,14,27,-1,-1,-999,-1,-1,-1,-999,-1,19,PM25
26t,2026-08-14,04:00,25,14.8,-1,-1,-1,-1,-1,-1,-1,-1,-1,-1,25,PM25
27t,2026-08-14,04:00,38,19.9,-1,-1,-1,-1,-999,-1,-1,-1,-1,-1,38,PM25
28t,2026-08-14,04:00,27,15.7,-1,-1,-1,-1,-1,-1,-1,-1,-1,-1,27,PM25
29t,2026-08-14,04:00,40,21.0,25,50,-1,-1,-1,-1,-1,-1,-1,-1,40,PM25
30t,2026-08-14,04:00,22,12.9,19,37,9,13,1,0.10,2,5,-1,-1,22,PM25
31t,2026-08-14,04:00,29,16.3,-1,-1,-1,-1,-1,-1,-1,-1,-1,-1,29,PM25
33t,2026-08-14,04:00,14,8.6,-1,-1,-1,-1,-999,-1,-1,-1,-999,-1,14,PM25
34t,2026-08-14,04:00,37,19.6,-1,-1,-1,-1,-1,-1,-1,-1,-999,-1,37,PM25
35t,2026-08-14,04:00,26,15.2,-1,-1,-1,-1,-1,-1,-1,-1,-1,-1,26,PM25
36t,2026-08-14,04:00,16,9.4,-1,-1,-999,-1,-1,-1,-1,-1,-1,-1,16,PM25
40t,2026-08-14,04:00,16,9.5,-1,-1,-1,-1,-999,-1,-1,-1,-1,-1,16,PM25
46t,2026-08-14,04:00,35,18.7,-1,-1,-1,-1,-1,-1,-1,-1,-1,-1,35,PM25
47t,2026-08-14,04:00,25,14.9,-1,-1,-1,-1,-1,-1,-1,-1,-1,-1,25,PM25
50t,2026-08-14,04:00,28,16.0,-1,-1,-999,-1,-1,-1,-1,-1,-999,-1,28,PM25
52t,2026-08-14,04:00,27,15.6,-1,-1,-1,-1,-1,-1,-1,-1,-1,-1,27,PM25
53t,2026-08-14,04:00,23,14.0,-1,-1,-999,-1,-1,-1,-1,-1,-999,-1,23,PM25
57t,2026-08-14,04:00,13,8.0,15,30,-1,-1,-1,-1,-1,-1,-999,-1,15,PM10
58t,2026-08-14,04:00,12,7.3,8,15,-1,-1,-1,-1,-1,-1,-999,-1,12,PM25
59t,2026-08-14,04:00,17,10.3,11,22,12,17,3,0.50,4,9,-999,-1,17,PM25
60t,2026-08-14,04:00,30,16.9,-1,-1,-1,-1,-999,-1,-1,-1,-1,-1,30,PM25
61t,2026-08-14,04:00,21,12.8,-1,-1,-1,-1,-999,-1,-1,-1,-1,-1,21,PM25
67t,2026-08-14,04:00,37,19.5,-1,-1,-1,-1,-1,-1,-1,-1,-1,-1,37,PM25
68t,2026-08-14,04:00,18,10.5,10,20,-1,-1,-1,-1,-1,-1,-1,-1,18,PM25
69t,2026-08-14,04:00,19,11.1,-1,-1,-1,-1,-1,-1,-1,-1,-1,-1,19,PM25
70t,2026-08-14,04:00,15,8.9,-1,-1,-1,-1,-1,-1,-1,-1,-999,-1,15,PM25
71t,2026-08-14,04:00,14,8.6,9,18,9,12,0,0.00,1,2,3,10,14,PM25
72t,2026-08-14,04:00,15,8.8,9,18,-1,-1,-1,-1,0,0,-1,-1,15,PM25
73t,2026-08-14,04:00,22,13.0,-1,-1,-1,-1,-1,-1,-1,-1,-1,-1,22,PM25
74t,2026-08-14,04:00,35,19.0,-1,-1,-1,-1,-1,-1,-1,-1,-1,-1,35,PM25
75t,2026-08-14,04:00,16,9.4,-1,-1,-1,-1,-1,-1,0,1,2,9,16,PM25
77t,2026-08-14,04:00,30,16.6,14,28,-1,-1,-999,-1,-1,-1,-1,-1,30,PM25
78t,2026-08-14,04:00,17,10.0,-1,-1,-999,-1,-999,-1,-999,-1,-999,-1,17,PM25
79t,2026-08-14,04:00,24,14.1,-1,-1,-1,-1,-1,-1,-1,-1,-1,-1,24,PM25
81t,2026-08-14,04:00,18,10.6,-1,-1,-1,-1,-1,-1,-1,-1,-1,-1,18,PM25
82t,2026-08-14,04:00,17,10.4,22,43,-1,-1,1,0.20,-1,-1,-1,-1,22,PM10
83t,2026-08-14,04:00,16,9.7,11,21,-1,-1,-1,-1,-1,-1,-1,-1,16,PM25
84t,2026-08-14,04:00,22,13.1,14,28,-1,-1,-1,-1,-1,-1,-1,-1,22,PM25
85t,2026-08-14,04:00,13,7.6,-1,-1,-1,-1,-1,-1,-1,-1,-1,-1,13,PM25
86t,2026-08-14,04:00,29,16.5,16,32,-1,-1,5,0.90,6,15,-1,-1,29,PM25
87t,2026-08-14,04:00,34,18.2,-1,-1,-1,-1,-1,-1,0,0,-1,-1,34,PM25
88t,2026-08-14,04:00,24,14.2,14,28,-1,-1,-1,-1,1,2,-1,-1,24,PM25
90t,2026-08-14,04:00,18,10.7,11,22,-1,-1,-1,-1,-1,-1,-1,-1,18,PM25
91t,2026-08-14,04:00,23,13.9,-1,-1,-1,-1,-1,-1,-1,-1,-1,-1,23,PM25
92t,2026-08-14,04:00,18,10.5,-1,-1,-1,-1,-1,-1,-1,-1,-1,-1,18,PM25
93t,2026-08-14,04:00,10,6.1,9,17,-1,-1,1,0.10,1,3,0,0,10,PM25
94t,2026-08-14,04:00,12,7.3,7,14,-1,-1,-1,-1,-1,-1,-1,-1,12,PM25
95t,2026-08-14,04:00,18,10.8,10,20,-1,-1,-1,-1,-1,-1,-1,-1,18,PM25
96t,2026-08-14,04:00,16,9.6,10,20,-1,-1,0,0.00,0,1,0,1,16,PM25
97t,2026-08-14,04:00,18,11.0,9,17,13,18,0,0.00,0,1,1,3,18,PM25
98t,2026-08-14,04:00,17,9.9,10,19,11,16,1,0.20,-1,-1,0,0,17,PM25
99t,2026-08-14,04:00,17,10.0,10,20,10,14,1,0.20,1,3,1,3,17,PM25
bkp100t,2026-08-14,04:00,12,7.1,-999,-1,-999,-1,-999,-1,-999,-1,-999,-1,12,PM25
bkp101t,2026-08-14,04:00,23,13.8,10,19,-999,-1,-999,-1,-999,-1,-999,-1,23,PM25
bkp102t,2026-08-14,04:00,22,13.0,20,40,-999,-1,-999,-1,-999,-1,-999,-1,22,PM25
bkp103t,2026-08-14,04:00,19,11.1,-999,-1,-999,-1,-999,-1,-999,-1,-999,-1,19,PM25
bkp104t,2026-08-14,04:00,21,12.4,14,27,-999,-1,-999,-1,-999,-1,-999,-1,21,PM25
bkp105t,2026-08-14,04:00,40,20.7,-999,-1,-999,-1,-999,-1,-999,-1,-999,-1,40,PM25
bkp114t,2026-08-14,04:00,14,8.3,-999,-1,-999,-1,-999,-1,-999,-1,-999,-1,14,PM25
bkp115t,2026-08-14,04:00,14,8.5,-999,-1,-999,-1,-999,-1,-999,-1,-999,-1,14,PM25
bkp116t,2026-08-14,04:00,13,7.8,-999,-1,-999,-1,-999,-1,-999,-1,-999,-1,13,PM25
bkp117t,2026-08-14,04:00,13,7.8,-999,-1,-999,-1,-999,-1,-999,-1,-999,-1,13,PM25
bkp118t,2026-08-14,04:00,21,12.6,-999,-1,-999,-1,-999,-1,-999,-1,-999,-1,21,PM25
bkp119t,2026-08-14,04:00,16,9.4,-999,-1,-999,-1,-999,-1,-999,-1,-999,-1,16,PM25
bkp120t,2026-08-14,04:00,13,7.9,-999,-1,-999,-1,-999,-1,-999,-1,-999,-1,13,PM25
bkp121t,2026-08-14,04:00,20,11.9,-999,-1,-999,-1,-999,-1,-999,-1,-999,-1,20,PM25
bkp122t,2026-08-14,04:00,15,8.7,-999,-1,-999,-1,-999,-1,-999,-1,-999,-1,15,PM25
bkp123t,2026-08-14,04:00,13,8.0,-999,-1,-999,-1,-999,-1,-999,-1,-999,-1,13,PM25
bkp124t,2026-08-14,04:00,24,14.2,-999,-1,-999,-1,-999,-1,-999,-1,-999,-1,24,PM25
bkp125t,2026-08-14,04:00,23,13.9,-999,-1,-999,-1,-999,-1,-999,-1,-999,-1,23,PM25
bkp126t,2026-08-14,04:00,23,13.6,-999,-1,-999,-1,-999,-1,-999,-1,-999,-1,23,PM25
bkp127t,2026-08-14,04:00,32,17.4,-999,-1,-999,-1,-999,-1,-999,-1,-999,-1,32,PM25
bkp128t,2026-08-14,04:00,14,8.2,-999,-1,-999,-1,-999,-1,-999,-1,-999,-1,14,PM25
bkp129t,2026-08-14,04:00,16,9.4,-999,-1,-999,-1,-999,-1,-999,-1,-999,-1,16,PM25
bkp130t,2026-08-14,04:00,12,6.9,-999,-1,-999,-1,-999,-1,-999,-1,-999,-1,12,PM25
bkp131t,2026-08-14,04:00,18,10.8,-999,-1,-999,-1,-999,-1,-999,-1,-999,-1,18,PM25
bkp133t,2026-08-14,04:00,17,10.2,-999,-1,-999,-1,-999,-1,-999,-1,-999,-1,17,PM25
bkp56t,2026-08-14,04:00,22,13.4,26,51,-999,-1,-999,-1,-999,-1,-999,-1,26,PM10
bkp57t,2026-08-14,04:00,23,13.5,20,40,-999,-1,-999,-1,-999,-1,-999,-1,23,PM25
bkp58t,2026-08-14,04:00,37,19.6,29,55,-999,-1,-999,-1,-999,-1,-999,-1,37,PM25
bkp59t,2026-08-14,04:00,22,13.4,18,35,-999,-1,-999,-1,-999,-1,-999,-1,22,PM25
bkp60t,2026-08-14,04:00,14,8.6,18,35,-999,-1,-999,-1,-999,-1,-999,-1,18,PM10
bkp61t,2026-08-14,04:00,17,9.9,13,25,-999,-1,-999,-1,-999,-1,-999,-1,17,PM25
bkp62t,2026-08-14,04:00,34,18.3,-999,-1,-999,-1,-999,-1,-999,-1,-999,-1,34,PM25
bkp63t,2026-08-14,04:00,21,12.6,-999,-1,-999,-1,-999,-1,-999,-1,-999,-1,21,PM25
bkp64t,2026-08-14,04:00,34,18.3,-999,-1,-999,-1,-999,-1,-999,-1,-999,-1,34,PM25
bkp65t,2026-08-14,04:00,30,16.6,-999,-1,-999,-1,-999,-1,-999,-1,-999,-1,30,PM25
bkp66t,2026-08-14,04:00,31,17.1,-999,-1,-999,-1,-999,-1,-999,-1,-999,-1,31,PM25
bkp67t,2026-08-14,04:00,33,18.1,-999,-1,-999,-1,-999,-1,-999,-1,-999,-1,33,PM25
bkp69t,2026-08-14,04:00,23,13.8,-999,-1,-999,-1,-999,-1,-999,-1,-999,-1,23,PM25
bkp70t,2026-08-14,04:00,18,10.8,28,54,-999,-1,-999,-1,-999,-1,-999,-1,28,PM10
bkp71t,2026-08-14,04:00,18,10.6,14,28,-999,-1,-999,-1,-999,-1,-999,-1,18,PM25
bkp72t,2026-08-14,04:00,42,21.5,33,60,-999,-1,-999,-1,-999,-1,-999,-1,42,PM25
bkp73t,2026-08-14,04:00,20,11.8,-999,-1,-999,-1,-999,-1,-999,-1,-999,-1,20,PM25
bkp74t,2026-08-14,04:00,12,6.9,11,21,-999,-1,-999,-1,-999,-1,-999,-1,12,PM25
bkp75t,2026-08-14,04:00,22,13.1,16,32,-999,-1,-999,-1,-999,-1,-999,-1,22,PM25
bkp76t,2026-08-14,04:00,14,8.5,-999,-1,-999,-1,-999,-1,-999,-1,-999,-1,14,PM25
bkp77t,2026-08-14,04:00,15,8.9,13,26,-999,-1,-999,-1,-999,-1,-999,-1,15,PM25
bkp78t,2026-08-14,04:00,37,19.7,-999,-1,-999,-1,-999,-1,-999,-1,-999,-1,37,PM25
bkp79t,2026-08-14,04:00,23,13.6,16,31,-999,-1,-999,-1,-999,-1,-999,-1,23,PM25
bkp80t,2026-08-14,04:00,28,16.1,37,64,-999,-1,-999,-1,-999,-1,-999,-1,37,PM10
bkp81t,2026-08-14,04:00,32,17.4,30,56,-999,-1,-999,-1,-999,-1,-999,-1,32,PM25
bkp82t,2026-08-14,04:00,24,14.3,-999,-1,-999,-1,-999,-1,-999,-1,-999,-1,24,PM25
bkp83t,2026-08-14,04:00,13,8.0,-999,-1,-999,-1,-999,-1,-999,-1,-999,-1,13,PM25
bkp84t,2026-08-14,04:00,35,18.7,18,35,-999,-1,-999,-1,-999,-1,-999,-1,35,PM25
bkp85t,2026-08-14,04:00,32,17.5,-999,-1,-999,-1,-999,-1,-999,-1,-999,-1,32,PM25
bkp86t,2026-08-14,04:00,23,13.6,10,20,-999,-1,-999,-1,-999,-1,-999,-1,23,PM25
bkp87t,2026-08-14,04:00,19,11.2,12,24,-999,-1,-999,-1,-999,-1,-999,-1,19,PM25
bkp88t,2026-08-14,04:00,29,16.4,-999,-1,-999,-1,-999,-1,-999,-1,-999,-1,29,PM25
bkp89t,2026-08-14,04:00,38,20.0,29,55,-999,-1,-999,-1,-999,-1,-999,-1,38,PM25
bkp90t,2026-08-14,04:00,30,16.9,24,47,-999,-1,-999,-1,-999,-1,-999,-1,30,PM25
bkp91t,2026-08-14,04:00,20,12.2,20,40,-999,-1,-999,-1,-999,-1,-999,-1,20,PM25
bkp92t,2026-08-14,04:00,27,15.7,-999,-1,-999,-1,-999,-1,-999,-1,-999,-1,27,PM25
bkp93t,2026-08-14,04:00,11,6.7,12,23,-999,-1,-999,-1,-999,-1,-999,-1,12,PM10
bkp94t,2026-08-14,04:00,27,15.4,-999,-1,-999,-1,-999,-1,-999,-1,-999,-1,27,PM25
bkp95t,2026-08-14,04:00,23,14.0,-999,-1,-999,-1,-999,-1,-999,-1,-999,-1,23,PM25
bkp96t,2026-08-14,04:00,19,11.4,12,24,-999,-1,-999,-1,-999,-1,-999,-1,19,PM25
bkp97t,2026-08-14,04:00,21,12.4,-999,-1,-999,-1,-999,-1,-999,-1,-999,-1,21,PM25
bkp98t,2026-08-14,04:00,34,18.5,-999,-1,-999,-1,-999,-1,-999,-1,-999,-1,34,PM25
bkp99t,2026-08-14,04:00,20,11.8,10,19,-999,-1,-999,-1,-999,-1,-999,-1,20,PM25
o10,2026-08-14,04:00,20,12.1,-999,-1,-999,-1,-999,-1,-999,-1,-999,-1,20,PM25
o61,2026-08-14,04:00,16,9.3,-999,-1,-999,-1,-999,-1,-999,-1,-999,-1,16,PM25
o63,2026-08-14,04:00,15,9.0,-999,-1,-999,-1,-999,-1,-999,-1,-999,-1,15,PM25
02t,2026-08-14,05:00,23,13.8,-1,-1,-1,-1,-1,-1,-1,-1,-1,-1,23,PM25
08t,2026-08-14,05:00,36,19.3,-1,-1,-1,-1,-1,-1,-1,-1,-1,-1,36,PM25
100t,2026-08-14,05:00,18,10.8,20,40,7,10,0,0.00,1,2,0,0,20,PM10
101t,2026-08-14,05:00,16,9.6,10,20,-1,-1,20,3.60,1,2,0,1,20,CO
102t,2026-08-14,05:00,28,15.9,15,29,-1,-1,-1,-1,-1,-1,0,1,28,PM25
103t,2026-08-14,05:00,20,11.7,15,30,-1,-1,1,0.20,4,10,0,0,20,PM25
104t,2026-08-14,05:00,21,12.6,-1,-1,11,16,1,0.10,1,2,1,2,21,PM25
105t,2026-08-14,05:00,17,10.4,-999,-1,3,4,1,0.20,4,9,0,1,17,PM25
106t,2026-08-14,05:00,9,5.4,-999,-1,4,5,1,0.20,0,1,0,0,9,PM25
107t,2026-08-14,05:00,20,12.0,-1,-1,18,25,1,0.20,1,2,1,2,20,PM25
108t,2026-08-14,05:00,13,8.0,-1,-1,20,28,10,1.80,0,1,1,2,20,O3
109t,2026-08-14,05:00,20,12.2,-1,-1,16,22,1,0.10,1,3,1,3,20,PM25
110t,2026-08-14,05:00,31,17.1,-999,-1,21,30,2,0.30,1,2,0,0,31,PM25
111t,2026-08-14,05:00,13,7.7,-999,-1,19,27,1,0.10,0,0,0,0,19,O3
112t,2026-08-14,05:00,13,7.8,-999,-1,19,26,0,0.00,0,0,0,0,19,O3
113t,2026-08-14,05:00,11,6.8,8,16,36,42,1,0.10,0,0,0,0,36,O3
114t,2026-08-14,05:00,14,8.2,12,23,21,30,2,0.40,2,4,0,1,21,O3
115t,2026-08-14,05:00,15,8.9,10,19,6,8,1,0.20,0,1,0,1,15,PM25
116t,2026-08-14,05:00,12,7.4,10,20,11,16,1,0.10,1,2,0,0,12,PM25
117t,2026-08-14,05:00,18,10.6,-999,-1,6,8,1,0.10,1,3,0,1,18,PM25
118t,2026-08-14,05:00,12,6.9,-1,-1,4,6,2,0.40,1,2,0,0,12,PM25
119t,2026-08-14,05:00,12,7.3,-1,-1,6,8,7,1.20,0,1,1,2,12,PM25
120t,2026-08-14,05:00,12,7.3,-1,-1,8,11,3,0.50,0,1,0,0,12,PM25
121t,2026-08-14,05:00,12,7.3,-1,-1,7,10,1,0.10,0,1,0,0,12,PM25
13t,2026-08-14,05:00,10,6.2,-1,-1,4,6,3,0.50,-1,-1,-1,-1,10,PM25
14t,2026-08-14,05:00,29,16.5,-1,-1,3,4,2,0.30,5,13,1,2,29,PM25
16t,2026-08-14,05:00,17,10.4,11,21,-1,-1,-1,-1,-1,-1,-1,-1,17,PM25
17t,2026-08-14,05:00,33,17.8,-1,-1,-1,-1,-1,-1,-1,-1,-1,-1,33,PM25
19t,2026-08-14,05:00,24,14.1,-1,-1,-1,-1,-1,-1,-1,-1,-1,-1,24,PM25
20t,2026-08-14,05:00,27,15.5,12,24,-1,-1,-1,-1,-1,-1,-1,-1,27,PM25
21t,2026-08-14,05:00,14,8.4,-1,-1,-1,-1,-1,-1,-1,-1,-1,-1,14,PM25
22t,2026-08-14,05:00,14,8.3,10,20,-1,-1,-1,-1,-1,-1,-1,-1,14,PM25
24t,2026-08-14,05:00,31,17.1,29,55,-1,-1,-1,-1,-1,-1,-1,-1,31,PM25
25t,2026-08-14,05:00,19,11.6,14,27,-1,-1,-999,-1,-1,-1,-999,-1,19,PM25
26t,2026-08-14,05:00,25,14.9,-1,-1,-1,-1,-1,-1,-1,-1,-1,-1,25,PM25
27t,2026-08-14,05:00,37,19.5,-1,-1,-1,-1,-999,-1,-1,-1,-1,-1,37,PM25
28t,2026-08-14,05:00,28,15.8,-1,-1,-1,-1,-1,-1,-1,-1,-1,-1,28,PM25
29t,2026-08-14,05:00,39,20.5,25,50,-1,-1,-1,-1,-1,-1,-1,-1,39,PM25
30t,2026-08-14,05:00,21,12.6,18,36,9,13,1,0.10,0,0,0,0,21,PM25
31t,2026-08-14,05:00,29,16.2,-1,-1,-1,-1,-1,-1,-1,-1,-1,-1,29,PM25
33t,2026-08-14,05:00,14,8.5,-1,-1,-1,-1,-999,-1,-1,-1,-999,-1,14,PM25
34t,2026-08-14,05:00,37,19.6,-1,-1,-1,-1,-1,-1,-1,-1,-999,-1,37,PM25
35t,2026-08-14,05:00,26,15.1,-1,-1,-1,-1,-1,-1,-1,-1,-1,-1,26,PM25
36t,2026-08-14,05:00,16,9.3,-1,-1,-999,-1,-1,-1,-1,-1,-1,-1,16,PM25
40t,2026-08-14,05:00,16,9.7,-1,-1,-1,-1,-999,-1,-1,-1,-1,-1,16,PM25
46t,2026-08-14,05:00,35,18.7,-1,-1,-1,-1,-1,-1,-1,-1,-1,-1,35,PM25
47t,2026-08-14,05:00,26,15.1,-1,-1,-1,-1,-1,-1,-1,-1,-1,-1,26,PM25
50t,2026-08-14,05:00,27,15.7,-1,-1,-999,-1,-1,-1,-1,-1,-999,-1,27,PM25
52t,2026-08-14,05:00,27,15.4,-1,-1,-1,-1,-1,-1,-1,-1,-1,-1,27,PM25
53t,2026-08-14,05:00,23,13.6,-1,-1,-999,-1,-1,-1,-1,-1,-999,-1,23,PM25
57t,2026-08-14,05:00,13,7.8,15,30,-1,-1,-1,-1,-1,-1,-999,-1,15,PM10
58t,2026-08-14,05:00,12,7.3,8,15,-1,-1,-1,-1,-1,-1,-999,-1,12,PM25
59t,2026-08-14,05:00,17,10.2,11,22,12,17,3,0.50,5,13,-999,-1,17,PM25
60t,2026-08-14,05:00,30,16.6,-1,-1,-1,-1,-999,-1,-1,-1,-1,-1,30,PM25
61t,2026-08-14,05:00,21,12.8,-1,-1,-1,-1,-999,-1,-1,-1,-1,-1,21,PM25
67t,2026-08-14,05:00,37,19.7,-1,-1,-1,-1,-1,-1,-1,-1,-1,-1,37,PM25
68t,2026-08-14,05:00,18,10.7,10,19,-1,-1,-1,-1,-1,-1,-1,-1,18,PM25
69t,2026-08-14,05:00,19,11.3,-1,-1,-1,-1,-1,-1,-1,-1,-1,-1,19,PM25
70t,2026-08-14,05:00,15,8.8,-1,-1,-1,-1,-1,-1,-1,-1,-999,-1,15,PM25
71t,2026-08-14,05:00,14,8.5,9,18,9,12,0,0.00,1,3,3,10,14,PM25
72t,2026-08-14,05:00,15,8.8,9,18,-1,-1,-1,-1,0,0,-1,-1,15,PM25
73t,2026-08-14,05:00,22,13.1,-1,-1,-1,-1,-1,-1,-1,-1,-1,-1,22,PM25
74t,2026-08-14,05:00,37,19.6,-1,-1,-1,-1,-1,-1,-1,-1,-1,-1,37,PM25
75t,2026-08-14,05:00,16,9.6,-1,-1,-1,-1,-1,-1,0,1,2,9,16,PM25
77t,2026-08-14,05:00,30,16.7,14,28,-1,-1,-999,-1,-1,-1,-1,-1,30,PM25
78t,2026-08-14,05:00,12,7.2,-1,-1,-999,-1,-999,-1,-999,-1,-999,-1,12,PM25
79t,2026-08-14,05:00,24,14.5,-1,-1,-1,-1,-1,-1,-1,-1,-1,-1,24,PM25
81t,2026-08-14,05:00,18,10.8,-1,-1,-1,-1,-1,-1,-1,-1,-1,-1,18,PM25
82t,2026-08-14,05:00,17,10.4,22,43,-1,-1,1,0.20,0,1,-1,-1,22,PM10
83t,2026-08-14,05:00,16,9.7,11,21,-1,-1,-1,-1,-1,-1,-1,-1,16,PM25
84t,2026-08-14,05:00,22,13.3,15,29,-1,-1,-1,-1,-1,-1,-1,-1,22,PM25
85t,2026-08-14,05:00,13,7.6,-1,-1,-1,-1,-1,-1,-1,-1,-1,-1,13,PM25
86t,2026-08-14,05:00,29,16.5,16,32,-1,-1,5,0.90,7,16,-1,-1,29,PM25
87t,2026-08-14,05:00,33,18.1,-1,-1,-1,-1,-1,-1,0,0,-1,-1,33,PM25
88t,2026-08-14,05:00,23,13.8,14,27,-1,-1,-1,-1,1,2,-1,-1,23,PM25
90t,2026-08-14,05:00,18,10.9,11,22,-1,-1,-1,-1,-1,-1,-1,-1,18,PM25
91t,2026-08-14,05:00,22,13.4,-1,-1,-1,-1,-1,-1,-1,-1,-1,-1,22,PM25
92t,2026-08-14,05:00,18,10.7,-1,-1,-1,-1,-1,-1,-1,-1,-1,-1,18,PM25
93t,2026-08-14,05:00,10,5.9,9,17,-1,-1,1,0.10,1,3,0,0,10,PM25
94t,2026-08-14,05:00,12,7.4,7,14,-1,-1,-1,-1,-1,-1,-1,-1,12,PM25
95t,2026-08-14,05:00,18,11.0,10,20,-1,-1,-1,-1,-1,-1,-1,-1,18,PM25
96t,2026-08-14,05:00,16,9.6,10,20,-1,-1,0,0.00,0,1,0,1,16,PM25
97t,2026-08-14,05:00,18,10.9,8,16,12,17,0,0.00,0,1,1,3,18,PM25
98t,2026-08-14,05:00,17,10.1,10,19,11,16,1,0.20,-1,-1,0,0,17,PM25
99t,2026-08-14,05:00,17,10.1,10,20,10,14,1,0.10,1,3,1,3,17,PM25
bkp100t,2026-08-14,05:00,12,7.1,-999,-1,-999,-1,-999,-1,-999,-1,-999,-1,12,PM25
bkp101t,2026-08-14,05:00,23,13.5,10,19,-999,-1,-999,-1,-999,-1,-999,-1,23,PM25
bkp102t,2026-08-14,05:00,21,12.6,20,40,-999,-1,-999,-1,-999,-1,-999,-1,21,PM25
bkp103t,2026-08-14,05:00,18,10.8,-999,-1,-999,-1,-999,-1,-999,-1,-999,-1,18,PM25
bkp104t,2026-08-14,05:00,21,12.4,14,27,-999,-1,-999,-1,-999,-1,-999,-1,21,PM25
bkp105t,2026-08-14,05:00,39,20.4,-999,-1,-999,-1,-999,-1,-999,-1,-999,-1,39,PM25
bkp114t,2026-08-14,05:00,14,8.3,-999,-1,-999,-1,-999,-1,-999,-1,-999,-1,14,PM25
bkp115t,2026-08-14,05:00,14,8.4,-999,-1,-999,-1,-999,-1,-999,-1,-999,-1,14,PM25
bkp116t,2026-08-14,05:00,13,7.8,-999,-1,-999,-1,-999,-1,-999,-1,-999,-1,13,PM25
bkp117t,2026-08-14,05:00,13,7.8,-999,-1,-999,-1,-999,-1,-999,-1,-999,-1,13,PM25
bkp118t,2026-08-14,05:00,21,12.6,-999,-1,-999,-1,-999,-1,-999,-1,-999,-1,21,PM25
bkp119t,2026-08-14,05:00,16,9.6,-999,-1,-999,-1,-999,-1,-999,-1,-999,-1,16,PM25
bkp120t,2026-08-14,05:00,13,7.9,-999,-1,-999,-1,-999,-1,-999,-1,-999,-1,13,PM25
bkp121t,2026-08-14,05:00,19,11.1,-999,-1,-999,-1,-999,-1,-999,-1,-999,-1,19,PM25
bkp122t,2026-08-14,05:00,15,9.0,-999,-1,-999,-1,-999,-1,-999,-1,-999,-1,15,PM25
bkp123t,2026-08-14,05:00,14,8.2,-999,-1,-999,-1,-999,-1,-999,-1,-999,-1,14,PM25
bkp124t,2026-08-14,05:00,24,14.3,-999,-1,-999,-1,-999,-1,-999,-1,-999,-1,24,PM25
bkp125t,2026-08-14,05:00,23,13.6,-999,-1,-999,-1,-999,-1,-999,-1,-999,-1,23,PM25
bkp126t,2026-08-14,05:00,23,13.7,-999,-1,-999,-1,-999,-1,-999,-1,-999,-1,23,PM25
bkp127t,2026-08-14,05:00,31,17.3,-999,-1,-999,-1,-999,-1,-999,-1,-999,-1,31,PM25
bkp128t,2026-08-14,05:00,14,8.1,-999,-1,-999,-1,-999,-1,-999,-1,-999,-1,14,PM25
bkp129t,2026-08-14,05:00,16,9.3,-999,-1,-999,-1,-999,-1,-999,-1,-999,-1,16,PM25
bkp130t,2026-08-14,05:00,11,6.7,-999,-1,-999,-1,-999,-1,-999,-1,-999,-1,11,PM25
bkp131t,2026-08-14,05:00,18,10.8,-999,-1,-999,-1,-999,-1,-999,-1,-999,-1,18,PM25
bkp133t,2026-08-14,05:00,17,10.3,-999,-1,-999,-1,-999,-1,-999,-1,-999,-1,17,PM25
bkp56t,2026-08-14,05:00,23,13.5,25,50,-999,-1,-999,-1,-999,-1,-999,-1,25,PM10
bkp57t,2026-08-14,05:00,23,13.6,20,39,-999,-1,-999,-1,-999,-1,-999,-1,23,PM25
bkp58t,2026-08-14,05:00,37,19.5,30,56,-999,-1,-999,-1,-999,-1,-999,-1,37,PM25
bkp59t,2026-08-14,05:00,23,13.6,18,35,-999,-1,-999,-1,-999,-1,-999,-1,23,PM25
bkp60t,2026-08-14,05:00,15,8.8,18,35,-999,-1,-999,-1,-999,-1,-999,-1,18,PM10
bkp61t,2026-08-14,05:00,17,10.0,12,24,-999,-1,-999,-1,-999,-1,-999,-1,17,PM25
bkp62t,2026-08-14,05:00,34,18.6,-999,-1,-999,-1,-999,-1,-999,-1,-999,-1,34,PM25
bkp63t,2026-08-14,05:00,21,12.3,-999,-1,-999,-1,-999,-1,-999,-1,-999,-1,21,PM25
bkp64t,2026-08-14,05:00,33,18.1,-999,-1,-999,-1,-999,-1,-999,-1,-999,-1,33,PM25
bkp65t,2026-08-14,05:00,30,16.7,-999,-1,-999,-1,-999,-1,-999,-1,-999,-1,30,PM25
bkp67t,2026-08-14,05:00,33,18.0,-999,-1,-999,-1,-999,-1,-999,-1,-999,-1,33,PM25
bkp69t,2026-08-14,05:00,23,13.6,-999,-1,-999,-1,-999,-1,-999,-1,-999,-1,23,PM25
bkp70t,2026-08-14,05:00,18,10.7,28,54,-999,-1,-999,-1,-999,-1,-999,-1,28,PM10
bkp71t,2026-08-14,05:00,18,10.6,14,28,-999,-1,-999,-1,-999,-1,-999,-1,18,PM25
bkp72t,2026-08-14,05:00,41,21.3,33,59,-999,-1,-999,-1,-999,-1,-999,-1,41,PM25
bkp73t,2026-08-14,05:00,20,11.7,-999,-1,-999,-1,-999,-1,-999,-1,-999,-1,20,PM25
bkp74t,2026-08-14,05:00,12,7.0,11,21,-999,-1,-999,-1,-999,-1,-999,-1,12,PM25
bkp75t,2026-08-14,05:00,22,12.9,16,32,-999,-1,-999,-1,-999,-1,-999,-1,22,PM25
bkp76t,2026-08-14,05:00,14,8.5,-999,-1,-999,-1,-999,-1,-999,-1,-999,-1,14,PM25
bkp77t,2026-08-14,05:00,15,8.9,13,25,-999,-1,-999,-1,-999,-1,-999,-1,15,PM25
bkp78t,2026-08-14,05:00,37,19.8,-999,-1,-999,-1,-999,-1,-999,-1,-999,-1,37,PM25
bkp79t,2026-08-14,05:00,22,13.0,15,30,-999,-1,-999,-1,-999,-1,-999,-1,22,PM25
bkp80t,2026-08-14,05:00,28,15.9,36,63,-999,-1,-999,-1,-999,-1,-999,-1,36,PM10
bkp81t,2026-08-14,05:00,31,17.3,30,56,-999,-1,-999,-1,-999,-1,-999,-1,31,PM25
bkp82t,2026-08-14,05:00,24,14.1,-999,-1,-999,-1,-999,-1,-999,-1,-999,-1,24,PM25
bkp83t,2026-08-14,05:00,14,8.3,-999,-1,-999,-1,-999,-1,-999,-1,-999,-1,14,PM25
bkp84t,2026-08-14,05:00,37,19.5,18,36,-999,-1,-999,-1,-999,-1,-999,-1,37,PM25
bkp85t,2026-08-14,05:00,32,17.4,-999,-1,-999,-1,-999,-1,-999,-1,-999,-1,32,PM25
bkp86t,2026-08-14,05:00,23,13.7,10,20,-999,-1,-999,-1,-999,-1,-999,-1,23,PM25
bkp87t,2026-08-14,05:00,19,11.2,12,24,-999,-1,-999,-1,-999,-1,-999,-1,19,PM25
bkp88t,2026-08-14,05:00,29,16.5,-999,-1,-999,-1,-999,-1,-999,-1,-999,-1,29,PM25
bkp89t,2026-08-14,05:00,39,20.6,29,55,-999,-1,-999,-1,-999,-1,-999,-1,39,PM25
bkp90t,2026-08-14,05:00,30,16.7,23,46,-999,-1,-999,-1,-999,-1,-999,-1,30,PM25
bkp91t,2026-08-14,05:00,20,11.8,20,40,-999,-1,-999,-1,-999,-1,-999,-1,20,PM25
bkp92t,2026-08-14,05:00,27,15.5,-999,-1,-999,-1,-999,-1,-999,-1,-999,-1,27,PM25
bkp93t,2026-08-14,05:00,11,6.8,12,23,-999,-1,-999,-1,-999,-1,-999,-1,12,PM10
bkp94t,2026-08-14,05:00,27,15.6,-999,-1,-999,-1,-999,-1,-999,-1,-999,-1,27,PM25
bkp95t,2026-08-14,05:00,23,14.0,-999,-1,-999,-1,-999,-1,-999,-1,-999,-1,23,PM25
bkp96t,2026-08-14,05:00,19,11.3,12,23,-999,-1,-999,-1,-999,-1,-999,-1,19,PM25
bkp97t,2026-08-14,05:00,21,12.7,-999,-1,-999,-1,-999,-1,-999,-1,-999,-1,21,PM25
bkp98t,2026-08-14,05:00,34,18.4,-999,-1,-999,-1,-999,-1,-999,-1,-999,-1,34,PM25
bkp99t,2026-08-14,05:00,19,11.4,10,19,-999,-1,-999,-1,-999,-1,-999,-1,19,PM25
o10,2026-08-14,05:00,20,11.9,-999,-1,-999,-1,-999,-1,-999,-1,-999,-1,20,PM25
o61,2026-08-14,05:00,16,9.3,-999,-1,-999,-1,-999,-1,-999,-1,-999,-1,16,PM25
o63,2026-08-14,05:00,15,8.7,-999,-1,-999,-1,-999,-1,-999,-1,-999,-1,15,PM25
02t,2026-08-14,06:00,20,12.1,-1,-1,-1,-1,-1,-1,-1,-1,-1,-1,20,PM25
08t,2026-08-14,06:00,36,19.1,-1,-1,-1,-1,-1,-1,-1,-1,-1,-1,36,PM25
100t,2026-08-14,06:00,18,10.7,20,40,8,11,0,0.00,1,3,0,0,20,PM10
101t,2026-08-14,06:00,16,9.7,10,20,-1,-1,20,3.60,1,2,0,1,20,CO
102t,2026-08-14,06:00,28,15.8,15,29,-1,-1,-1,-1,-1,-1,0,1,28,PM25
103t,2026-08-14,06:00,19,11.6,15,30,-1,-1,1,0.20,4,10,0,0,19,PM25
104t,2026-08-14,06:00,21,12.7,-1,-1,11,15,1,0.10,1,3,1,2,21,PM25
105t,2026-08-14,06:00,18,10.6,-999,-1,2,3,1,0.20,5,13,0,0,18,PM25
106t,2026-08-14,06:00,9,5.3,-999,-1,4,5,1,0.20,1,3,0,0,9,PM25
107t,2026-08-14,06:00,20,11.7,-1,-1,19,26,1,0.20,1,2,1,2,20,PM25
108t,2026-08-14,06:00,14,8.1,-1,-1,19,27,10,1.80,0,1,1,2,19,O3
109t,2026-08-14,06:00,20,12.2,-1,-1,15,21,1,0.10,2,4,1,3,20,PM25
110t,2026-08-14,06:00,31,17.1,-999,-1,21,30,2,0.30,1,3,0,0,31,PM25
111t,2026-08-14,06:00,13,7.7,-999,-1,19,26,1,0.10,0,0,0,0,19,O3
112t,2026-08-14,06:00,13,7.8,-999,-1,18,25,0,0.00,0,0,0,0,18,O3
113t,2026-08-14,06:00,11,6.8,8,16,36,42,1,0.10,0,0,0,0,36,O3
114t,2026-08-14,06:00,14,8.2,12,23,21,29,2,0.40,2,4,0,1,21,O3
115t,2026-08-14,06:00,15,9.0,10,19,6,8,1,0.20,0,1,0,1,15,PM25
116t,2026-08-14,06:00,12,7.2,10,20,11,16,1,0.10,2,4,0,0,12,PM25
117t,2026-08-14,06:00,18,10.9,-999,-1,5,7,1,0.10,1,3,0,1,18,PM25
118t,2026-08-14,06:00,11,6.8,-1,-1,4,6,2,0.40,2,4,0,0,11,PM25
119t,2026-08-14,06:00,12,7.0,-1,-1,6,8,7,1.20,0,1,1,2,12,PM25
120t,2026-08-14,06:00,11,6.6,-1,-1,7,10,3,0.50,0,1,0,0,11,PM25
121t,2026-08-14,06:00,12,7.1,-1,-1,7,10,1,0.10,1,2,0,1,12,PM25
13t,2026-08-14,06:00,10,6.1,-1,-1,4,6,3,0.50,-1,-1,-1,-1,10,PM25
14t,2026-08-14,06:00,30,16.9,-1,-1,3,4,2,0.30,5,13,0,1,30,PM25
16t,2026-08-14,06:00,17,10.2,11,21,-1,-1,-1,-1,-1,-1,-1,-1,17,PM25
17t,2026-08-14,06:00,24,14.2,-1,-1,-1,-1,-1,-1,-1,-1,-1,-1,24,PM25
19t,2026-08-14,06:00,24,14.4,-1,-1,-1,-1,-1,-1,-1,-1,-1,-1,24,PM25
20t,2026-08-14,06:00,27,15.5,12,24,-1,-1,-1,-1,-1,-1,-1,-1,27,PM25
21t,2026-08-14,06:00,14,8.5,-1,-1,-1,-1,-1,-1,-1,-1,-1,-1,14,PM25
22t,2026-08-14,06:00,14,8.4,10,20,-1,-1,-1,-1,-1,-1,-1,-1,14,PM25
24t,2026-08-14,06:00,31,17.0,29,55,-1,-1,-1,-1,-1,-1,-1,-1,31,PM25
25t,2026-08-14,06:00,19,11.6,14,27,-1,-1,-999,-1,-1,-1,-999,-1,19,PM25
26t,2026-08-14,06:00,25,14.7,-1,-1,-1,-1,-1,-1,-1,-1,-1,-1,25,PM25
27t,2026-08-14,06:00,36,19.4,-1,-1,-1,-1,-999,-1,-1,-1,-1,-1,36,PM25
28t,2026-08-14,06:00,28,15.8,-1,-1,-1,-1,-1,-1,-1,-1,-1,-1,28,PM25
29t,2026-08-14,06:00,39,20.3,25,49,-1,-1,-1,-1,-1,-1,-1,-1,39,PM25
30t,2026-08-14,06:00,20,12.2,18,36,9,13,1,0.10,0,0,0,0,20,PM25
31t,2026-08-14,06:00,28,16.0,-1,-1,-1,-1,-1,-1,-1,-1,-1,-1,28,PM25
33t,2026-08-14,06:00,14,8.3,-1,-1,-1,-1,-999,-1,-1,-1,-999,-1,14,PM25
34t,2026-08-14,06:00,37,19.7,-1,-1,-1,-1,-1,-1,-1,-1,-999,-1,37,PM25
35t,2026-08-14,06:00,26,15.2,-1,-1,-1,-1,-1,-1,-1,-1,-1,-1,26,PM25
36t,2026-08-14,06:00,15,9.2,-1,-1,-999,-1,-1,-1,-1,-1,-1,-1,15,PM25
37t,2026-08-14,06:00,16,9.3,-1,-1,-1,-1,-1,-1,-1,-1,-1,-1,16,PM25
38t,2026-08-14,06:00,15,8.9,-1,-1,12,17,2,0.30,0,1,0,1,15,PM25
39t,2026-08-14,06:00,15,8.8,-1,-1,-1,-1,-999,-1,-1,-1,-1,-1,15,PM25
40t,2026-08-14,06:00,15,9.0,-1,-1,-1,-1,-999,-1,-1,-1,-1,-1,15,PM25
41t,2026-08-14,06:00,14,8.3,-1,-1,-1,-1,-1,-1,-1,-1,-1,-1,14,PM25
46t,2026-08-14,06:00,34,18.6,-1,-1,-1,-1,-1,-1,-1,-1,-1,-1,34,PM25
47t,2026-08-14,06:00,25,15.0,-1,-1,-1,-1,-1,-1,-1,-1,-1,-1,25,PM25
50t,2026-08-14,06:00,27,15.6,-1,-1,-999,-1,-1,-1,-1,-1,-999,-1,27,PM25
52t,2026-08-14,06:00,27,15.5,-1,-1,-1,-1,-1,-1,-1,-1,-1,-1,27,PM25
53t,2026-08-14,06:00,27,15.4,-1,-1,-999,-1,-1,-1,-1,-1,-999,-1,27,PM25
57t,2026-08-14,06:00,13,7.9,15,30,-1,-1,-1,-1,-1,-1,-999,-1,15,PM10
58t,2026-08-14,06:00,12,7.3,8,15,-1,-1,-1,-1,-1,-1,-999,-1,12,PM25
59t,2026-08-14,06:00,18,10.5,11,22,12,17,3,0.50,7,16,-999,-1,18,PM25
60t,2026-08-14,06:00,30,16.8,-1,-1,-1,-1,-999,-1,-1,-1,-1,-1,30,PM25
61t,2026-08-14,06:00,20,12.2,-1,-1,-1,-1,-999,-1,-1,-1,-1,-1,20,PM25
67t,2026-08-14,06:00,37,19.7,-1,-1,-1,-1,-1,-1,-1,-1,-1,-1,37,PM25
68t,2026-08-14,06:00,16,9.6,10,19,-1,-1,-1,-1,-1,-1,-1,-1,16,PM25
69t,2026-08-14,06:00,15,9.2,-1,-1,-1,-1,-1,-1,-1,-1,-1,-1,15,PM25
70t,2026-08-14,06:00,15,9.2,-1,-1,-1,-1,-1,-1,-1,-1,-999,-1,15,PM25
71t,2026-08-14,06:00,14,8.4,9,17,9,12,0,0.00,1,3,3,10,14,PM25
72t,2026-08-14,06:00,15,8.7,9,18,-1,-1,-1,-1,0,0,-1,-1,15,PM25
73t,2026-08-14,06:00,22,13.2,-1,-1,-1,-1,-1,-1,-1,-1,-1,-1,22,PM25
74t,2026-08-14,06:00,38,20.1,-1,-1,-1,-1,-1,-1,-1,-1,-1,-1,38,PM25
75t,2026-08-14,06:00,16,9.6,-1,-1,-1,-1,-1,-1,0,1,2,9,16,PM25
76t,2026-08-14,06:00,15,8.7,-1,-1,-1,-1,-1,-1,-1,-1,-999,-1,15,PM25
77t,2026-08-14,06:00,30,16.6,14,28,-1,-1,-999,-1,-1,-1,-1,-1,30,PM25
79t,2026-08-14,06:00,24,14.6,-1,-1,-1,-1,-1,-1,-1,-1,-1,-1,24,PM25
81t,2026-08-14,06:00,18,11.0,-1,-1,-1,-1,-1,-1,-1,-1,-1,-1,18,PM25
82t,2026-08-14,06:00,17,10.3,22,43,-1,-1,1,0.20,0,1,-1,-1,22,PM10
83t,2026-08-14,06:00,16,9.7,11,21,-1,-1,-1,-1,-1,-1,-1,-1,16,PM25
84t,2026-08-14,06:00,22,13.3,15,29,-1,-1,-1,-1,-1,-1,-1,-1,22,PM25
85t,2026-08-14,06:00,13,7.6,-1,-1,-1,-1,-1,-1,-1,-1,-1,-1,13,PM25
86t,2026-08-14,06:00,30,16.6,16,32,-1,-1,5,0.90,8,19,-1,-1,30,PM25
87t,2026-08-14,06:00,33,18.1,-1,-1,-1,-1,-1,-1,0,0,-1,-1,33,PM25
88t,2026-08-14,06:00,22,13.1,13,25,-1,-1,-1,-1,1,2,-1,-1,22,PM25
90t,2026-08-14,06:00,18,10.7,11,22,-1,-1,-1,-1,-1,-1,-1,-1,18,PM25
91t,2026-08-14,06:00,22,12.9,-1,-1,-1,-1,-1,-1,-1,-1,-1,-1,22,PM25
92t,2026-08-14,06:00,16,9.6,-1,-1,-1,-1,-1,-1,-1,-1,-1,-1,16,PM25
93t,2026-08-14,06:00,10,5.7,9,17,-1,-1,1,0.10,2,4,0,0,10,PM25
94t,2026-08-14,06:00,12,7.4,8,15,-1,-1,-1,-1,-1,-1,-1,-1,12,PM25
95t,2026-08-14,06:00,18,11.0,10,20,-1,-1,-1,-1,-1,-1,-1,-1,18,PM25
96t,2026-08-14,06:00,16,9.7,10,20,-1,-1,0,0.00,1,2,0,1,16,PM25
97t,2026-08-14,06:00,18,10.6,8,16,12,17,0,0.00,1,2,1,3,18,PM25
98t,2026-08-14,06:00,16,9.6,10,19,11,15,1,0.20,-1,-1,0,0,16,PM25
99t,2026-08-14,06:00,17,10.3,11,21,9,13,1,0.10,2,4,1,3,17,PM25
bkp100t,2026-08-14,06:00,12,7.2,-999,-1,-999,-1,-999,-1,-999,-1,-999,-1,12,PM25
bkp101t,2026-08-14,06:00,23,13.5,9,18,-999,-1,-999,-1,-999,-1,-999,-1,23,PM25
bkp102t,2026-08-14,06:00,20,12.2,20,40,-999,-1,-999,-1,-999,-1,-999,-1,20,PM25
bkp103t,2026-08-14,06:00,18,10.6,-999,-1,-999,-1,-999,-1,-999,-1,-999,-1,18,PM25
bkp104t,2026-08-14,06:00,21,12.4,14,27,-999,-1,-999,-1,-999,-1,-999,-1,21,PM25
bkp105t,2026-08-14,06:00,39,20.3,-999,-1,-999,-1,-999,-1,-999,-1,-999,-1,39,PM25
bkp114t,2026-08-14,06:00,14,8.1,-999,-1,-999,-1,-999,-1,-999,-1,-999,-1,14,PM25
bkp115t,2026-08-14,06:00,14,8.2,-999,-1,-999,-1,-999,-1,-999,-1,-999,-1,14,PM25
bkp116t,2026-08-14,06:00,13,7.8,-999,-1,-999,-1,-999,-1,-999,-1,-999,-1,13,PM25
bkp117t,2026-08-14,06:00,13,7.8,-999,-1,-999,-1,-999,-1,-999,-1,-999,-1,13,PM25
bkp118t,2026-08-14,06:00,21,12.4,-999,-1,-999,-1,-999,-1,-999,-1,-999,-1,21,PM25
bkp119t,2026-08-14,06:00,16,9.4,-999,-1,-999,-1,-999,-1,-999,-1,-999,-1,16,PM25
bkp120t,2026-08-14,06:00,13,8.0,-999,-1,-999,-1,-999,-1,-999,-1,-999,-1,13,PM25
bkp121t,2026-08-14,06:00,18,11.0,-999,-1,-999,-1,-999,-1,-999,-1,-999,-1,18,PM25
bkp122t,2026-08-14,06:00,15,8.8,-999,-1,-999,-1,-999,-1,-999,-1,-999,-1,15,PM25
bkp123t,2026-08-14,06:00,14,8.4,-999,-1,-999,-1,-999,-1,-999,-1,-999,-1,14,PM25
bkp124t,2026-08-14,06:00,24,14.1,-999,-1,-999,-1,-999,-1,-999,-1,-999,-1,24,PM25
bkp125t,2026-08-14,06:00,23,13.5,-999,-1,-999,-1,-999,-1,-999,-1,-999,-1,23,PM25
bkp126t,2026-08-14,06:00,24,14.1,-999,-1,-999,-1,-999,-1,-999,-1,-999,-1,24,PM25
bkp127t,2026-08-14,06:00,32,17.4,-999,-1,-999,-1,-999,-1,-999,-1,-999,-1,32,PM25
bkp128t,2026-08-14,06:00,14,8.1,-999,-1,-999,-1,-999,-1,-999,-1,-999,-1,14,PM25
bkp129t,2026-08-14,06:00,15,9.2,-999,-1,-999,-1,-999,-1,-999,-1,-999,-1,15,PM25
bkp130t,2026-08-14,06:00,11,6.6,-999,-1,-999,-1,-999,-1,-999,-1,-999,-1,11,PM25
bkp131t,2026-08-14,06:00,18,10.6,-999,-1,-999,-1,-999,-1,-999,-1,-999,-1,18,PM25
bkp133t,2026-08-14,06:00,17,10.0,-999,-1,-999,-1,-999,-1,-999,-1,-999,-1,17,PM25
bkp56t,2026-08-14,06:00,23,13.5,25,50,-999,-1,-999,-1,-999,-1,-999,-1,25,PM10
bkp57t,2026-08-14,06:00,22,13.4,20,39,-999,-1,-999,-1,-999,-1,-999,-1,22,PM25
bkp58t,2026-08-14,06:00,36,19.4,29,55,-999,-1,-999,-1,-999,-1,-999,-1,36,PM25
bkp59t,2026-08-14,06:00,23,13.5,18,35,-999,-1,-999,-1,-999,-1,-999,-1,23,PM25
bkp60t,2026-08-14,06:00,14,8.6,18,35,-999,-1,-999,-1,-999,-1,-999,-1,18,PM10
bkp61t,2026-08-14,06:00,17,10.0,12,24,-999,-1,-999,-1,-999,-1,-999,-1,17,PM25
bkp62t,2026-08-14,06:00,35,18.9,-999,-1,-999,-1,-999,-1,-999,-1,-999,-1,35,PM25
bkp63t,2026-08-14,06:00,20,12.1,-999,-1,-999,-1,-999,-1,-999,-1,-999,-1,20,PM25
bkp64t,2026-08-14,06:00,34,18.2,-999,-1,-999,-1,-999,-1,-999,-1,-999,-1,34,PM25
bkp65t,2026-08-14,06:00,30,16.9,-999,-1,-999,-1,-999,-1,-999,-1,-999,-1,30,PM25
bkp66t,2026-08-14,06:00,30,16.7,-999,-1,-999,-1,-999,-1,-999,-1,-999,-1,30,PM25
bkp67t,2026-08-14,06:00,33,18.0,-999,-1,-999,-1,-999,-1,-999,-1,-999,-1,33,PM25
bkp69t,2026-08-14,06:00,22,13.4,-999,-1,-999,-1,-999,-1,-999,-1,-999,-1,22,PM25
bkp70t,2026-08-14,06:00,18,10.6,28,53,-999,-1,-999,-1,-999,-1,-999,-1,28,PM10
bkp71t,2026-08-14,06:00,18,10.7,14,28,-999,-1,-999,-1,-999,-1,-999,-1,18,PM25
bkp72t,2026-08-14,06:00,39,20.4,33,59,-999,-1,-999,-1,-999,-1,-999,-1,39,PM25
bkp73t,2026-08-14,06:00,20,11.7,-999,-1,-999,-1,-999,-1,-999,-1,-999,-1,20,PM25
bkp74t,2026-08-14,06:00,12,6.9,10,20,-999,-1,-999,-1,-999,-1,-999,-1,12,PM25
bkp75t,2026-08-14,06:00,21,12.7,16,31,-999,-1,-999,-1,-999,-1,-999,-1,21,PM25
bkp76t,2026-08-14,06:00,14,8.2,-999,-1,-999,-1,-999,-1,-999,-1,-999,-1,14,PM25
bkp77t,2026-08-14,06:00,15,8.7,13,25,-999,-1,-999,-1,-999,-1,-999,-1,15,PM25
bkp78t,2026-08-14,06:00,37,19.5,-999,-1,-999,-1,-999,-1,-999,-1,-999,-1,37,PM25
bkp79t,2026-08-14,06:00,22,12.9,15,29,-999,-1,-999,-1,-999,-1,-999,-1,22,PM25
bkp80t,2026-08-14,06:00,26,15.2,36,63,-999,-1,-999,-1,-999,-1,-999,-1,36,PM10
bkp81t,2026-08-14,06:00,31,17.0,30,56,-999,-1,-999,-1,-999,-1,-999,-1,31,PM25
bkp82t,2026-08-14,06:00,24,14.1,-999,-1,-999,-1,-999,-1,-999,-1,-999,-1,24,PM25
bkp83t,2026-08-14,06:00,14,8.4,-999,-1,-999,-1,-999,-1,-999,-1,-999,-1,14,PM25
bkp84t,2026-08-14,06:00,36,19.2,19,37,-999,-1,-999,-1,-999,-1,-999,-1,36,PM25
bkp85t,2026-08-14,06:00,31,17.2,-999,-1,-999,-1,-999,-1,-999,-1,-999,-1,31,PM25
bkp86t,2026-08-14,06:00,22,13.4,10,19,-999,-1,-999,-1,-999,-1,-999,-1,22,PM25
bkp87t,2026-08-14,06:00,19,11.1,12,24,-999,-1,-999,-1,-999,-1,-999,-1,19,PM25
bkp88t,2026-08-14,06:00,30,16.7,-999,-1,-999,-1,-999,-1,-999,-1,-999,-1,30,PM25
bkp89t,2026-08-14,06:00,40,20.7,30,56,-999,-1,-999,-1,-999,-1,-999,-1,40,PM25
bkp90t,2026-08-14,06:00,29,16.2,23,45,-999,-1,-999,-1,-999,-1,-999,-1,29,PM25
bkp91t,2026-08-14,06:00,20,12.0,20,39,-999,-1,-999,-1,-999,-1,-999,-1,20,PM25
bkp92t,2026-08-14,06:00,27,15.6,-999,-1,-999,-1,-999,-1,-999,-1,-999,-1,27,PM25
bkp93t,2026-08-14,06:00,11,6.5,11,22,-999,-1,-999,-1,-999,-1,-999,-1,11,PM25
bkp94t,2026-08-14,06:00,26,15.2,-999,-1,-999,-1,-999,-1,-999,-1,-999,-1,26,PM25
bkp95t,2026-08-14,06:00,23,13.9,-999,-1,-999,-1,-999,-1,-999,-1,-999,-1,23,PM25
bkp96t,2026-08-14,06:00,19,11.2,11,22,-999,-1,-999,-1,-999,-1,-999,-1,19,PM25
bkp97t,2026-08-14,06:00,21,12.8,-999,-1,-999,-1,-999,-1,-999,-1,-999,-1,21,PM25
bkp98t,2026-08-14,06:00,34,18.5,-999,-1,-999,-1,-999,-1,-999,-1,-999,-1,34,PM25
bkp99t,2026-08-14,06:00,18,10.6,9,18,-999,-1,-999,-1,-999,-1,-999,-1,18,PM25
o10,2026-08-14,06:00,21,12.5,-999,-1,-999,-1,-999,-1,-999,-1,-999,-1,21,PM25
o61,2026-08-14,06:00,15,9.2,-999,-1,-999,-1,-999,-1,-999,-1,-999,-1,15,PM25
o63,2026-08-14,06:00,14,8.6,-999,-1,-999,-1,-999,-1,-999,-1,-999,-1,14,PM25
02t,2026-08-14,08:00,19,11.5,-1,-1,-1,-1,-1,-1,-1,-1,-1,-1,19,PM25
03t,2026-08-14,08:00,27,15.4,-1,-1,-1,-1,-1,-1,-1,-1,-999,-1,27,PM25
08t,2026-08-14,08:00,33,18.1,-1,-1,-1,-1,-1,-1,-1,-1,-1,-1,33,PM25
100t,2026-08-14,08:00,17,10.4,20,39,8,11,0,0.00,3,8,0,0,20,PM10
101t,2026-08-14,08:00,16,9.8,11,21,-1,-1,20,3.60,1,3,0,1,20,CO
102t,2026-08-14,08:00,28,15.9,14,28,-1,-1,-1,-1,-1,-1,0,1,28,PM25
103t,2026-08-14,08:00,19,11.3,15,29,-1,-1,1,0.20,3,8,0,0,19,PM25
104t,2026-08-14,08:00,21,12.5,-1,-1,10,14,1,0.10,1,3,1,2,21,PM25
105t,2026-08-14,08:00,18,10.9,-999,-1,1,2,2,0.30,5,11,0,0,18,PM25
106t,2026-08-14,08:00,9,5.3,-999,-1,4,5,2,0.30,1,2,0,0,9,PM25
107t,2026-08-14,08:00,19,11.6,-1,-1,18,25,1,0.20,1,3,1,2,19,PM25
108t,2026-08-14,08:00,14,8.5,-1,-1,17,24,10,1.80,0,1,1,2,17,O3
109t,2026-08-14,08:00,20,11.9,-1,-1,14,20,1,0.10,2,4,1,3,20,PM25
110t,2026-08-14,08:00,24,14.3,-999,-1,21,29,2,0.30,2,5,0,1,24,PM25
111t,2026-08-14,08:00,13,7.8,-999,-1,16,22,0,0.00,0,1,0,0,16,O3
112t,2026-08-14,08:00,13,7.9,-999,-1,16,22,0,0.00,0,0,0,0,16,O3
113t,2026-08-14,08:00,11,6.8,8,16,31,39,1,0.10,0,0,0,0,31,O3
114t,2026-08-14,08:00,14,8.3,12,23,19,27,2,0.40,2,5,0,1,19,O3
115t,2026-08-14,08:00,15,9.2,10,19,6,8,1,0.20,0,1,0,1,15,PM25
116t,2026-08-14,08:00,12,6.9,10,20,11,15,1,0.10,-1,-1,-1,-1,12,PM25
117t,2026-08-14,08:00,19,11.2,-999,-1,5,7,1,0.20,3,8,-1,-1,19,PM25
118t,2026-08-14,08:00,11,6.5,-1,-1,4,6,2,0.40,3,8,0,0,11,PM25
119t,2026-08-14,08:00,12,6.9,-1,-1,5,7,7,1.20,2,4,1,2,12,PM25
120t,2026-08-14,08:00,12,7.0,-1,-1,8,11,3,0.50,0,1,0,1,12,PM25
121t,2026-08-14,08:00,12,7.2,-1,-1,6,9,1,0.10,1,2,0,0,12,PM25
12t,2026-08-14,08:00,20,12.2,-1,-1,-1,-1,-1,-1,-1,-1,-1,-1,20,PM25
13t,2026-08-14,08:00,10,6.1,-1,-1,4,6,3,0.50,-1,-1,-1,-1,10,PM25
14t,2026-08-14,08:00,30,16.6,-1,-1,3,4,2,0.30,-1,-1,-1,-1,30,PM25
16t,2026-08-14,08:00,17,10.0,10,20,-1,-1,-1,-1,-1,-1,-1,-1,17,PM25
17t,2026-08-14,08:00,23,13.9,-1,-1,-1,-1,-1,-1,-1,-1,-1,-1,23,PM25
19t,2026-08-14,08:00,24,14.1,-1,-1,-1,-1,-1,-1,-1,-1,-1,-1,24,PM25
20t,2026-08-14,08:00,28,15.8,13,25,-1,-1,-1,-1,-1,-1,-1,-1,28,PM25
21t,2026-08-14,08:00,13,8.0,-1,-1,-1,-1,-1,-1,-1,-1,-1,-1,13,PM25
22t,2026-08-14,08:00,14,8.5,10,20,-1,-1,-1,-1,-1,-1,-1,-1,14,PM25
24t,2026-08-14,08:00,32,17.5,31,57,-1,-1,-1,-1,-1,-1,-1,-1,32,PM25
25t,2026-08-14,08:00,19,11.6,14,27,-1,-1,-999,-1,-1,-1,-999,-1,19,PM25
26t,2026-08-14,08:00,24,14.5,-1,-1,-1,-1,-1,-1,-1,-1,-1,-1,24,PM25
27t,2026-08-14,08:00,34,18.5,-1,-1,-1,-1,-999,-1,-1,-1,-1,-1,34,PM25
28t,2026-08-14,08:00,28,15.8,-1,-1,-1,-1,-1,-1,-1,-1,-1,-1,28,PM25
29t,2026-08-14,08:00,37,19.7,24,48,-1,-1,-1,-1,-1,-1,-1,-1,37,PM25
30t,2026-08-14,08:00,19,11.6,17,34,9,13,1,0.10,0,1,0,0,19,PM25
31t,2026-08-14,08:00,26,15.3,-1,-1,-1,-1,-1,-1,-1,-1,-1,-1,26,PM25
33t,2026-08-14,08:00,13,7.9,-1,-1,-1,-1,-999,-1,-1,-1,-999,-1,13,PM25
34t,2026-08-14,08:00,38,19.9,-1,-1,-1,-1,-1,-1,-1,-1,-999,-1,38,PM25
35t,2026-08-14,08:00,26,15.2,-1,-1,-1,-1,-1,-1,-1,-1,-1,-1,26,PM25
36t,2026-08-14,08:00,15,9.1,-1,-1,-999,-1,-1,-1,-1,-1,-1,-1,15,PM25
37t,2026-08-14,08:00,16,9.4,-1,-1,-1,-1,-1,-1,-1,-1,-1,-1,16,PM25
38t,2026-08-14,08:00,15,9.0,-1,-1,12,17,2,0.30,1,3,0,1,15,PM25
39t,2026-08-14,08:00,15,8.9,-1,-1,-1,-1,-999,-1,-1,-1,-1,-1,15,PM25
40t,2026-08-14,08:00,15,9.1,-1,-1,-1,-1,-999,-1,-1,-1,-1,-1,15,PM25
41t,2026-08-14,08:00,14,8.4,-1,-1,-1,-1,-1,-1,-1,-1,-1,-1,14,PM25
42t,2026-08-14,08:00,12,7.2,-1,-1,-1,-1,-1,-1,-1,-1,-1,-1,12,PM25
43t,2026-08-14,08:00,13,7.6,-1,-1,-1,-1,-1,-1,2,5,0,1,13,PM25
44t,2026-08-14,08:00,13,7.9,-1,-1,-1,-1,-1,-1,-1,-1,-1,-1,13,PM25
46t,2026-08-14,08:00,34,18.2,-1,-1,-1,-1,-1,-1,-1,-1,-1,-1,34,PM25
47t,2026-08-14,08:00,26,15.2,-1,-1,-1,-1,-1,-1,-1,-1,-1,-1,26,PM25
50t,2026-08-14,08:00,25,15.0,-1,-1,-999,-1,-1,-1,-1,-1,-999,-1,25,PM25
52t,2026-08-14,08:00,25,14.8,-1,-1,-1,-1,-1,-1,-1,-1,-1,-1,25,PM25
53t,2026-08-14,08:00,25,14.7,-1,-1,-999,-1,-1,-1,-1,-1,-999,-1,25,PM25
54t,2026-08-14,08:00,27,15.5,-1,-1,-1,-1,-1,-1,-1,-1,-1,-1,27,PM25
57t,2026-08-14,08:00,13,7.9,15,30,-1,-1,-1,-1,-1,-1,-999,-1,15,PM10
58t,2026-08-14,08:00,12,7.0,7,14,-1,-1,-1,-1,-1,-1,-999,-1,12,PM25
59t,2026-08-14,08:00,17,10.1,11,21,11,16,3,0.50,7,16,-999,-1,17,PM25
60t,2026-08-14,08:00,30,16.6,-1,-1,-1,-1,-999,-1,-1,-1,-1,-1,30,PM25
61t,2026-08-14,08:00,19,11.6,-1,-1,-1,-1,-999,-1,-1,-1,-1,-1,19,PM25
62t,2026-08-14,08:00,12,7.0,-1,-1,-1,-1,-1,-1,-1,-1,-999,-1,12,PM25
63t,2026-08-14,08:00,11,6.8,-1,-1,-1,-1,-1,-1,-1,-1,-999,-1,11,PM25
67t,2026-08-14,08:00,38,20.2,-1,-1,-1,-1,-1,-1,-1,-1,-1,-1,38,PM25
68t,2026-08-14,08:00,16,9.7,10,20,-1,-1,-1,-1,-1,-1,-1,-1,16,PM25
69t,2026-08-14,08:00,16,9.4,-1,-1,-1,-1,-1,-1,-1,-1,-1,-1,16,PM25
70t,2026-08-14,08:00,16,9.3,-1,-1,-1,-1,-1,-1,-1,-1,-999,-1,16,PM25
71t,2026-08-14,08:00,14,8.1,9,17,9,12,0,0.00,2,4,3,11,14,PM25
72t,2026-08-14,08:00,15,8.7,9,17,-1,-1,-1,-1,0,0,-1,-1,15,PM25
73t,2026-08-14,08:00,23,13.6,-1,-1,-1,-1,-1,-1,-1,-1,-1,-1,23,PM25
74t,2026-08-14,08:00,39,20.6,-1,-1,-1,-1,-1,-1,-1,-1,-1,-1,39,PM25
75t,2026-08-14,08:00,16,9.8,-1,-1,-1,-1,-1,-1,0,1,2,9,16,PM25
76t,2026-08-14,08:00,15,8.8,-1,-1,-1,-1,-1,-1,-1,-1,-999,-1,15,PM25
77t,2026-08-14,08:00,31,17.2,14,28,-1,-1,-999,-1,-1,-1,-1,-1,31,PM25
78t,2026-08-14,08:00,11,6.6,-1,-1,-999,-1,-999,-1,-999,-1,-999,-1,11,PM25
79t,2026-08-14,08:00,25,14.7,-1,-1,-1,-1,-1,-1,-1,-1,-1,-1,25,PM25
80t,2026-08-14,08:00,12,7.1,-1,-1,-1,-1,-1,-1,-1,-1,-1,-1,12,PM25
81t,2026-08-14,08:00,19,11.3,-1,-1,-1,-1,-1,-1,-1,-1,-1,-1,19,PM25
82t,2026-08-14,08:00,17,10.2,22,43,-1,-1,1,0.20,1,2,-1,-1,22,PM10
83t,2026-08-14,08:00,16,9.7,11,21,-1,-1,-1,-1,-1,-1,-1,-1,16,PM25
84t,2026-08-14,08:00,21,12.7,14,28,-1,-1,-1,-1,-1,-1,-1,-1,21,PM25
85t,2026-08-14,08:00,13,7.7,-1,-1,-1,-1,-1,-1,-1,-1,-1,-1,13,PM25
86t,2026-08-14,08:00,30,16.8,17,33,-1,-1,5,0.90,10,23,-1,-1,30,PM25
87t,2026-08-14,08:00,33,17.9,-1,-1,-1,-1,-1,-1,0,0,-1,-1,33,PM25
88t,2026-08-14,08:00,21,12.6,12,24,-1,-1,-1,-1,3,6,-1,-1,21,PM25
89t,2026-08-14,08:00,12,7.0,8,15,-1,-1,-1,-1,5,11,-1,-1,12,PM25
90t,2026-08-14,08:00,19,11.2,11,21,-1,-1,-1,-1,-1,-1,-1,-1,19,PM25
91t,2026-08-14,08:00,20,11.7,-1,-1,-1,-1,-1,-1,-1,-1,-1,-1,20,PM25
92t,2026-08-14,08:00,16,9.8,-1,-1,-1,-1,-1,-1,-1,-1,-1,-1,16,PM25
93t,2026-08-14,08:00,11,6.7,7,14,-1,-1,0,0.00,2,4,0,0,11,PM25
94t,2026-08-14,08:00,13,7.6,8,15,-1,-1,-1,-1,-1,-1,-1,-1,13,PM25
95t,2026-08-14,08:00,18,10.8,11,21,-1,-1,-1,-1,-1,-1,-1,-1,18,PM25
96t,2026-08-14,08:00,16,9.8,11,21,-1,-1,0,0.00,1,2,0,1,16,PM25
97t,2026-08-14,08:00,17,10.1,8,16,11,16,0,0.00,3,7,1,3,17,PM25
98t,2026-08-14,08:00,16,9.7,10,20,10,14,1,0.20,-1,-1,0,0,16,PM25
99t,2026-08-14,08:00,17,10.4,10,20,9,12,1,0.20,1,3,1,4,17,PM25
bkp100t,2026-08-14,08:00,11,6.5,-999,-1,-999,-1,-999,-1,-999,-1,-999,-1,11,PM25
bkp101t,2026-08-14,08:00,22,13.1,8,16,-999,-1,-999,-1,-999,-1,-999,-1,22,PM25
bkp102t,2026-08-14,08:00,21,12.4,20,39,-999,-1,-999,-1,-999,-1,-999,-1,21,PM25
bkp103t,2026-08-14,08:00,17,10.2,-999,-1,-999,-1,-999,-1,-999,-1,-999,-1,17,PM25
bkp104t,2026-08-14,08:00,21,12.7,14,27,-999,-1,-999,-1,-999,-1,-999,-1,21,PM25
bkp105t,2026-08-14,08:00,36,19.1,-999,-1,-999,-1,-999,-1,-999,-1,-999,-1,36,PM25
bkp114t,2026-08-14,08:00,13,7.8,-999,-1,-999,-1,-999,-1,-999,-1,-999,-1,13,PM25
bkp115t,2026-08-14,08:00,14,8.3,-999,-1,-999,-1,-999,-1,-999,-1,-999,-1,14,PM25
bkp116t,2026-08-14,08:00,13,7.6,-999,-1,-999,-1,-999,-1,-999,-1,-999,-1,13,PM25
bkp117t,2026-08-14,08:00,13,7.7,-999,-1,-999,-1,-999,-1,-999,-1,-999,-1,13,PM25
bkp118t,2026-08-14,08:00,21,12.4,-999,-1,-999,-1,-999,-1,-999,-1,-999,-1,21,PM25
bkp119t,2026-08-14,08:00,15,9.2,-999,-1,-999,-1,-999,-1,-999,-1,-999,-1,15,PM25
bkp120t,2026-08-14,08:00,14,8.2,-999,-1,-999,-1,-999,-1,-999,-1,-999,-1,14,PM25
bkp121t,2026-08-14,08:00,18,10.8,-999,-1,-999,-1,-999,-1,-999,-1,-999,-1,18,PM25
bkp122t,2026-08-14,08:00,14,8.6,-999,-1,-999,-1,-999,-1,-999,-1,-999,-1,14,PM25
bkp123t,2026-08-14,08:00,14,8.5,-999,-1,-999,-1,-999,-1,-999,-1,-999,-1,14,PM25
bkp124t,2026-08-14,08:00,23,13.8,-999,-1,-999,-1,-999,-1,-999,-1,-999,-1,23,PM25
bkp125t,2026-08-14,08:00,21,12.6,-999,-1,-999,-1,-999,-1,-999,-1,-999,-1,21,PM25
bkp126t,2026-08-14,08:00,24,14.3,-999,-1,-999,-1,-999,-1,-999,-1,-999,-1,24,PM25
bkp127t,2026-08-14,08:00,32,17.7,-999,-1,-999,-1,-999,-1,-999,-1,-999,-1,32,PM25
bkp128t,2026-08-14,08:00,13,8.0,-999,-1,-999,-1,-999,-1,-999,-1,-999,-1,13,PM25
bkp129t,2026-08-14,08:00,16,9.4,-999,-1,-999,-1,-999,-1,-999,-1,-999,-1,16,PM25
bkp130t,2026-08-14,08:00,11,6.4,-999,-1,-999,-1,-999,-1,-999,-1,-999,-1,11,PM25
bkp131t,2026-08-14,08:00,18,10.9,-999,-1,-999,-1,-999,-1,-999,-1,-999,-1,18,PM25
bkp133t,2026-08-14,08:00,18,10.5,-999,-1,-999,-1,-999,-1,-999,-1,-999,-1,18,PM25
bkp56t,2026-08-14,08:00,22,13.2,24,47,-999,-1,-999,-1,-999,-1,-999,-1,24,PM10
bkp57t,2026-08-14,08:00,21,12.8,19,38,-999,-1,-999,-1,-999,-1,-999,-1,21,PM25
bkp58t,2026-08-14,08:00,34,18.6,28,53,-999,-1,-999,-1,-999,-1,-999,-1,34,PM25
bkp59t,2026-08-14,08:00,24,14.2,18,35,-999,-1,-999,-1,-999,-1,-999,-1,24,PM25
bkp60t,2026-08-14,08:00,13,8.0,17,33,-999,-1,-999,-1,-999,-1,-999,-1,17,PM10
bkp61t,2026-08-14,08:00,17,10.0,12,23,-999,-1,-999,-1,-999,-1,-999,-1,17,PM25
bkp62t,2026-08-14,08:00,36,19.3,-999,-1,-999,-1,-999,-1,-999,-1,-999,-1,36,PM25
bkp63t,2026-08-14,08:00,20,11.7,-999,-1,-999,-1,-999,-1,-999,-1,-999,-1,20,PM25
bkp64t,2026-08-14,08:00,32,17.7,-999,-1,-999,-1,-999,-1,-999,-1,-999,-1,32,PM25
bkp65t,2026-08-14,08:00,29,16.2,-999,-1,-999,-1,-999,-1,-999,-1,-999,-1,29,PM25
bkp66t,2026-08-14,08:00,25,14.9,-999,-1,-999,-1,-999,-1,-999,-1,-999,-1,25,PM25
bkp67t,2026-08-14,08:00,33,17.8,-999,-1,-999,-1,-999,-1,-999,-1,-999,-1,33,PM25
bkp69t,2026-08-14,08:00,23,13.8,-999,-1,-999,-1,-999,-1,-999,-1,-999,-1,23,PM25
bkp70t,2026-08-14,08:00,17,10.1,25,50,-999,-1,-999,-1,-999,-1,-999,-1,25,PM10
bkp71t,2026-08-14,08:00,17,10.4,14,27,-999,-1,-999,-1,-999,-1,-999,-1,17,PM25
bkp72t,2026-08-14,08:00,30,16.6,28,54,-999,-1,-999,-1,-999,-1,-999,-1,30,PM25
bkp73t,2026-08-14,08:00,19,11.4,-999,-1,-999,-1,-999,-1,-999,-1,-999,-1,19,PM25
bkp74t,2026-08-14,08:00,11,6.7,10,20,-999,-1,-999,-1,-999,-1,-999,-1,11,PM25
bkp75t,2026-08-14,08:00,20,12.2,15,30,-999,-1,-999,-1,-999,-1,-999,-1,20,PM25
bkp76t,2026-08-14,08:00,13,7.5,-999,-1,-999,-1,-999,-1,-999,-1,-999,-1,13,PM25
bkp77t,2026-08-14,08:00,14,8.2,12,24,-999,-1,-999,-1,-999,-1,-999,-1,14,PM25
bkp78t,2026-08-14,08:00,35,19.0,-999,-1,-999,-1,-999,-1,-999,-1,-999,-1,35,PM25
bkp79t,2026-08-14,08:00,21,12.8,14,28,-999,-1,-999,-1,-999,-1,-999,-1,21,PM25
bkp80t,2026-08-14,08:00,23,13.7,28,54,-999,-1,-999,-1,-999,-1,-999,-1,28,PM10
bkp81t,2026-08-14,08:00,31,17.2,28,54,-999,-1,-999,-1,-999,-1,-999,-1,31,PM25
bkp82t,2026-08-14,08:00,24,14.1,-999,-1,-999,-1,-999,-1,-999,-1,-999,-1,24,PM25
bkp83t,2026-08-14,08:00,14,8.3,-999,-1,-999,-1,-999,-1,-999,-1,-999,-1,14,PM25
bkp84t,2026-08-14,08:00,38,20.1,19,37,-999,-1,-999,-1,-999,-1,-999,-1,38,PM25
bkp85t,2026-08-14,08:00,31,17.0,-999,-1,-999,-1,-999,-1,-999,-1,-999,-1,31,PM25
bkp86t,2026-08-14,08:00,23,13.6,10,19,-999,-1,-999,-1,-999,-1,-999,-1,23,PM25
bkp87t,2026-08-14,08:00,18,11.0,12,24,-999,-1,-999,-1,-999,-1,-999,-1,18,PM25
bkp88t,2026-08-14,08:00,27,15.7,-999,-1,-999,-1,-999,-1,-999,-1,-999,-1,27,PM25
bkp89t,2026-08-14,08:00,41,21.2,30,56,-999,-1,-999,-1,-999,-1,-999,-1,41,PM25
bkp90t,2026-08-14,08:00,28,16.0,22,44,-999,-1,-999,-1,-999,-1,-999,-1,28,PM25
bkp91t,2026-08-14,08:00,19,11.5,20,40,-999,-1,-999,-1,-999,-1,-999,-1,20,PM10
bkp92t,2026-08-14,08:00,26,15.3,-999,-1,-999,-1,-999,-1,-999,-1,-999,-1,26,PM25
bkp93t,2026-08-14,08:00,10,6.2,11,21,-999,-1,-999,-1,-999,-1,-999,-1,11,PM10
bkp94t,2026-08-14,08:00,24,14.4,-999,-1,-999,-1,-999,-1,-999,-1,-999,-1,24,PM25
bkp95t,2026-08-14,08:00,23,14.0,-999,-1,-999,-1,-999,-1,-999,-1,-999,-1,23,PM25
bkp96t,2026-08-14,08:00,18,10.8,11,22,-999,-1,-999,-1,-999,-1,-999,-1,18,PM25
bkp97t,2026-08-14,08:00,21,12.4,-999,-1,-999,-1,-999,-1,-999,-1,-999,-1,21,PM25
bkp98t,2026-08-14,08:00,34,18.3,-999,-1,-999,-1,-999,-1,-999,-1,-999,-1,34,PM25
bkp99t,2026-08-14,08:00,17,9.9,8,16,-999,-1,-999,-1,-999,-1,-999,-1,17,PM25
o10,2026-08-14,08:00,20,11.8,-999,-1,-999,-1,-999,-1,-999,-1,-999,-1,20,PM25
o61,2026-08-14,08:00,15,9.0,-999,-1,-999,-1,-999,-1,-999,-1,-999,-1,15,PM25
o63,2026-08-14,08:00,14,8.3,-999,-1,-999,-1,-999,-1,-999,-1,-999,-1,14,PM25
03t,2026-08-14,09:00,26,15.1,-1,-1,-1,-1,-1,-1,-1,-1,-999,-1,26,PM25
62t,2026-08-14,09:00,12,6.9,-1,-1,-1,-1,-1,-1,-1,-1,-999,-1,12,PM25
63t,2026-08-14,09:00,11,6.7,-1,-1,-1,-1,-1,-1,-1,-1,-999,-1,11,PM25
79t,2026-08-14,09:00,25,14.7,-1,-1,-1,-1,-1,-1,-1,-1,-1,-1,25,PM25
89t,2026-08-14,09:00,11,6.8,7,14,-1,-1,-1,-1,3,8,-1,-1,11,PM25
02t,2026-08-14,10:00,18,11.0,-1,-1,-1,-1,-1,-1,-1,-1,-1,-1,18,PM25
08t,2026-08-14,10:00,32,17.4,-1,-1,-1,-1,-1,-1,-1,-1,-1,-1,32,PM25
100t,2026-08-14,10:00,16,9.7,19,38,8,11,0,0.00,2,4,0,0,19,PM10
101t,2026-08-14,10:00,17,10.1,11,21,-1,-1,19,3.40,1,2,0,1,19,CO
102t,2026-08-14,10:00,27,15.7,14,28,-1,-1,-1,-1,-1,-1,0,1,27,PM25
103t,2026-08-14,10:00,16,9.8,14,28,-1,-1,1,0.20,3,7,0,0,16,PM25
104t,2026-08-14,10:00,21,12.5,-1,-1,11,15,1,0.10,1,2,1,2,21,PM25
105t,2026-08-14,10:00,19,11.3,-999,-1,2,3,2,0.30,3,8,0,1,19,PM25
106t,2026-08-14,10:00,10,5.7,-999,-1,2,3,2,0.30,0,1,0,0,10,PM25
107t,2026-08-14,10:00,19,11.6,-1,-1,18,25,1,0.20,0,1,1,2,19,PM25
108t,2026-08-14,10:00,14,8.2,-1,-1,16,22,10,1.80,0,1,1,2,16,O3
109t,2026-08-14,10:00,20,11.7,-1,-1,14,19,1,0.20,1,3,1,3,20,PM25
110t,2026-08-14,10:00,25,14.7,-999,-1,20,28,2,0.30,2,4,0,1,25,PM25
111t,2026-08-14,10:00,13,8.0,-999,-1,14,19,0,0.00,0,0,0,0,14,O3
112t,2026-08-14,10:00,13,8.0,-999,-1,13,18,0,0.00,2,4,0,0,13,PM25
113t,2026-08-14,10:00,12,6.9,8,16,29,38,1,0.10,0,0,0,0,29,O3
114t,2026-08-14,10:00,14,8.5,11,22,19,26,2,0.40,1,3,0,1,19,O3
115t,2026-08-14,10:00,16,9.5,10,19,9,12,1,0.20,0,1,0,1,16,PM25
116t,2026-08-14,10:00,11,6.7,10,19,11,15,1,0.10,1,2,0,0,11,PM25
117t,2026-08-14,10:00,19,11.2,-999,-1,6,8,1,0.20,2,4,1,2,19,PM25
118t,2026-08-14,10:00,11,6.5,-1,-1,4,6,3,0.50,1,2,0,0,11,PM25
119t,2026-08-14,10:00,11,6.6,-1,-1,6,9,7,1.20,0,0,1,2,11,PM25
120t,2026-08-14,10:00,11,6.7,-1,-1,9,13,3,0.50,0,0,0,0,11,PM25
121t,2026-08-14,10:00,11,6.8,-1,-1,6,9,1,0.10,0,1,0,1,11,PM25
12t,2026-08-14,10:00,20,11.7,-1,-1,-1,-1,-1,-1,-1,-1,-1,-1,20,PM25
13t,2026-08-14,10:00,11,6.5,-1,-1,6,8,3,0.50,-1,-1,-1,-1,11,PM25
14t,2026-08-14,10:00,29,16.5,-1,-1,3,4,2,0.40,5,12,1,5,29,PM25
16t,2026-08-14,10:00,16,9.5,10,20,-1,-1,-1,-1,-1,-1,-1,-1,16,PM25
17t,2026-08-14,10:00,22,13.0,-1,-1,-1,-1,-1,-1,-1,-1,-1,-1,22,PM25
19t,2026-08-14,10:00,23,13.8,-1,-1,-1,-1,-1,-1,-1,-1,-1,-1,23,PM25
20t,2026-08-14,10:00,28,15.8,12,24,-1,-1,-1,-1,-1,-1,-1,-1,28,PM25
21t,2026-08-14,10:00,14,8.3,-1,-1,-1,-1,-1,-1,-1,-1,-1,-1,14,PM25
22t,2026-08-14,10:00,14,8.4,10,20,-1,-1,-1,-1,-1,-1,-1,-1,14,PM25
24t,2026-08-14,10:00,30,16.9,28,54,-1,-1,-1,-1,-1,-1,-1,-1,30,PM25
25t,2026-08-14,10:00,20,11.7,14,27,-1,-1,-999,-1,-1,-1,-999,-1,20,PM25
26t,2026-08-14,10:00,26,15.1,-1,-1,-1,-1,-1,-1,-1,-1,-1,-1,26,PM25
27t,2026-08-14,10:00,32,17.4,-1,-1,-1,-1,-999,-1,-1,-1,-1,-1,32,PM25
28t,2026-08-14,10:00,26,15.2,-1,-1,-1,-1,-1,-1,-1,-1,-1,-1,26,PM25
29t,2026-08-14,10:00,37,19.8,24,48,-1,-1,-1,-1,-1,-1,-1,-1,37,PM25
30t,2026-08-14,10:00,19,11.1,17,33,10,14,1,0.10,0,1,0,1,19,PM25
31t,2026-08-14,10:00,25,14.9,-1,-1,-1,-1,-1,-1,-1,-1,-1,-1,25,PM25
33t,2026-08-14,10:00,13,7.6,-1,-1,-1,-1,-999,-1,-1,-1,-999,-1,13,PM25
34t,2026-08-14,10:00,38,20.1,-1,-1,-1,-1,-1,-1,-1,-1,-999,-1,38,PM25
35t,2026-08-14,10:00,28,15.8,-1,-1,-1,-1,-1,-1,-1,-1,-1,-1,28,PM25
36t,2026-08-14,10:00,15,9.1,-1,-1,-999,-1,-1,-1,-1,-1,-1,-1,15,PM25
37t,2026-08-14,10:00,16,9.5,-1,-1,-1,-1,-1,-1,-1,-1,-1,-1,16,PM25
38t,2026-08-14,10:00,15,9.1,-1,-1,13,18,2,0.30,1,2,1,2,15,PM25
39t,2026-08-14,10:00,15,9.0,-1,-1,-1,-1,-999,-1,-1,-1,-1,-1,15,PM25
40t,2026-08-14,10:00,15,9.2,-1,-1,-1,-1,-999,-1,-1,-1,-1,-1,15,PM25
41t,2026-08-14,10:00,14,8.5,-1,-1,-1,-1,-1,-1,-1,-1,-1,-1,14,PM25
42t,2026-08-14,10:00,12,6.9,-1,-1,-1,-1,-1,-1,-1,-1,-1,-1,12,PM25
43t,2026-08-14,10:00,12,7.3,-1,-1,-1,-1,-1,-1,1,3,0,1,12,PM25
44t,2026-08-14,10:00,13,7.7,-1,-1,-1,-1,-1,-1,-1,-1,-1,-1,13,PM25
46t,2026-08-14,10:00,34,18.2,-1,-1,-1,-1,-1,-1,-1,-1,-1,-1,34,PM25
47t,2026-08-14,10:00,27,15.5,-1,-1,-1,-1,-1,-1,-1,-1,-1,-1,27,PM25
50t,2026-08-14,10:00,24,14.5,-1,-1,-999,-1,-1,-1,-1,-1,-999,-1,24,PM25
52t,2026-08-14,10:00,24,14.4,-1,-1,-1,-1,-1,-1,-1,-1,-1,-1,24,PM25
53t,2026-08-14,10:00,24,14.2,-1,-1,-999,-1,-1,-1,-1,-1,-999,-1,24,PM25
54t,2026-08-14,10:00,25,15.0,-1,-1,-1,-1,-1,-1,-1,-1,-1,-1,25,PM25
57t,2026-08-14,10:00,13,7.9,15,30,-1,-1,-1,-1,-1,-1,-999,-1,15,PM10
58t,2026-08-14,10:00,11,6.8,7,14,-1,-1,-1,-1,-1,-1,-999,-1,11,PM25
59t,2026-08-14,10:00,16,9.7,10,20,12,17,3,0.60,4,10,-999,-1,16,PM25
60t,2026-08-14,10:00,29,16.2,-1,-1,-1,-1,-999,-1,-1,-1,-1,-1,29,PM25
61t,2026-08-14,10:00,19,11.2,-1,-1,-1,-1,-999,-1,-1,-1,-1,-1,19,PM25
67t,2026-08-14,10:00,40,20.8,-1,-1,-1,-1,-1,-1,-1,-1,-1,-1,40,PM25
68t,2026-08-14,10:00,16,9.8,10,19,-1,-1,-1,-1,-1,-1,-1,-1,16,PM25
69t,2026-08-14,10:00,16,9.4,-1,-1,-1,-1,-1,-1,-1,-1,-1,-1,16,PM25
70t,2026-08-14,10:00,16,9.4,-1,-1,-1,-1,-1,-1,-1,-1,-999,-1,16,PM25
71t,2026-08-14,10:00,13,7.5,8,16,9,12,0,0.00,2,4,3,10,13,PM25
72t,2026-08-14,10:00,15,8.8,9,18,-1,-1,-1,-1,0,0,-1,-1,15,PM25
73t,2026-08-14,10:00,23,13.5,-1,-1,-1,-1,-1,-1,-1,-1,-1,-1,23,PM25
74t,2026-08-14,10:00,37,19.6,-1,-1,-1,-1,-1,-1,-1,-1,-1,-1,37,PM25
75t,2026-08-14,10:00,16,9.6,-1,-1,-1,-1,-1,-1,0,1,2,9,16,PM25
76t,2026-08-14,10:00,15,8.9,-1,-1,-1,-1,-1,-1,-1,-1,-999,-1,15,PM25
77t,2026-08-14,10:00,32,17.4,15,29,-1,-1,-999,-1,-1,-1,-1,-1,32,PM25
78t,2026-08-14,10:00,11,6.3,-1,-1,-999,-1,-999,-1,-999,-1,-999,-1,11,PM25
80t,2026-08-14,10:00,11,6.8,-1,-1,-1,-1,-1,-1,-1,-1,-1,-1,11,PM25
81t,2026-08-14,10:00,19,11.2,-1,-1,-1,-1,-1,-1,-1,-1,-1,-1,19,PM25
82t,2026-08-14,10:00,17,10.2,22,43,-1,-1,1,0.20,0,1,-1,-1,22,PM10
83t,2026-08-14,10:00,17,9.9,11,21,-1,-1,-1,-1,-1,-1,-1,-1,17,PM25
84t,2026-08-14,10:00,20,12.2,13,26,-1,-1,-1,-1,-1,-1,-1,-1,20,PM25
85t,2026-08-14,10:00,13,7.7,-1,-1,-1,-1,-1,-1,-1,-1,-1,-1,13,PM25
86t,2026-08-14,10:00,31,17.0,17,33,-1,-1,5,0.90,8,18,-1,-1,31,PM25
87t,2026-08-14,10:00,31,17.3,-1,-1,-1,-1,-1,-1,0,0,-1,-1,31,PM25
88t,2026-08-14,10:00,20,12.2,12,24,-1,-1,-1,-1,2,5,-1,-1,20,PM25
90t,2026-08-14,10:00,18,10.8,11,21,-1,-1,-1,-1,-1,-1,-1,-1,18,PM25
91t,2026-08-14,10:00,19,11.3,-1,-1,-1,-1,-1,-1,-1,-1,-1,-1,19,PM25
92t,2026-08-14,10:00,16,9.8,-1,-1,-1,-1,-1,-1,-1,-1,-1,-1,16,PM25
93t,2026-08-14,10:00,11,6.4,7,14,-1,-1,0,0.00,-1,-1,0,0,11,PM25
94t,2026-08-14,10:00,13,7.7,8,16,-1,-1,-1,-1,-1,-1,-1,-1,13,PM25
95t,2026-08-14,10:00,17,10.4,11,21,-1,-1,-1,-1,-1,-1,-1,-1,17,PM25
96t,2026-08-14,10:00,17,9.9,11,21,-1,-1,0,0.00,0,1,0,1,17,PM25
97t,2026-08-14,10:00,16,9.7,8,15,11,16,0,0.00,1,2,1,3,16,PM25
98t,2026-08-14,10:00,16,9.7,10,19,9,13,2,0.30,-1,-1,0,0,16,PM25
99t,2026-08-14,10:00,17,10.1,10,20,9,13,1,0.20,1,2,1,3,17,PM25
bkp103t,2026-08-14,10:00,17,10.4,-999,-1,-999,-1,-999,-1,-999,-1,-999,-1,17,PM25
bkp105t,2026-08-14,10:00,34,18.3,-999,-1,-999,-1,-999,-1,-999,-1,-999,-1,34,PM25
bkp114t,2026-08-14,10:00,13,7.5,-999,-1,-999,-1,-999,-1,-999,-1,-999,-1,13,PM25
bkp115t,2026-08-14,10:00,13,7.7,-999,-1,-999,-1,-999,-1,-999,-1,-999,-1,13,PM25
bkp116t,2026-08-14,10:00,12,7.3,-999,-1,-999,-1,-999,-1,-999,-1,-999,-1,12,PM25
bkp117t,2026-08-14,10:00,13,7.6,-999,-1,-999,-1,-999,-1,-999,-1,-999,-1,13,PM25
bkp118t,2026-08-14,10:00,20,11.7,-999,-1,-999,-1,-999,-1,-999,-1,-999,-1,20,PM25
bkp119t,2026-08-14,10:00,15,9.1,-999,-1,-999,-1,-999,-1,-999,-1,-999,-1,15,PM25
bkp120t,2026-08-14,10:00,14,8.5,-999,-1,-999,-1,-999,-1,-999,-1,-999,-1,14,PM25
bkp121t,2026-08-14,10:00,17,10.3,-999,-1,-999,-1,-999,-1,-999,-1,-999,-1,17,PM25
bkp122t,2026-08-14,10:00,13,7.9,-999,-1,-999,-1,-999,-1,-999,-1,-999,-1,13,PM25
bkp123t,2026-08-14,10:00,14,8.1,-999,-1,-999,-1,-999,-1,-999,-1,-999,-1,14,PM25
bkp124t,2026-08-14,10:00,22,13.3,-999,-1,-999,-1,-999,-1,-999,-1,-999,-1,22,PM25
bkp125t,2026-08-14,10:00,20,11.8,-999,-1,-999,-1,-999,-1,-999,-1,-999,-1,20,PM25
bkp126t,2026-08-14,10:00,23,14.0,-999,-1,-999,-1,-999,-1,-999,-1,-999,-1,23,PM25
bkp127t,2026-08-14,10:00,30,16.9,-999,-1,-999,-1,-999,-1,-999,-1,-999,-1,30,PM25
bkp128t,2026-08-14,10:00,13,7.7,-999,-1,-999,-1,-999,-1,-999,-1,-999,-1,13,PM25
bkp129t,2026-08-14,10:00,15,9.0,-999,-1,-999,-1,-999,-1,-999,-1,-999,-1,15,PM25
bkp130t,2026-08-14,10:00,10,6.2,-999,-1,-999,-1,-999,-1,-999,-1,-999,-1,10,PM25
bkp131t,2026-08-14,10:00,18,10.7,-999,-1,-999,-1,-999,-1,-999,-1,-999,-1,18,PM25
bkp133t,2026-08-14,10:00,17,10.0,-999,-1,-999,-1,-999,-1,-999,-1,-999,-1,17,PM25
bkp73t,2026-08-14,10:00,18,11.0,-999,-1,-999,-1,-999,-1,-999,-1,-999,-1,18,PM25
bkp76t,2026-08-14,10:00,12,7.2,-999,-1,-999,-1,-999,-1,-999,-1,-999,-1,12,PM25
bkp94t,2026-08-14,10:00,23,13.7,-999,-1,-999,-1,-999,-1,-999,-1,-999,-1,23,PM25
bkp96t,2026-08-14,10:00,17,10.3,11,21,-999,-1,-999,-1,-999,-1,-999,-1,17,PM25
bkp97t,2026-08-14,10:00,21,12.3,-999,-1,-999,-1,-999,-1,-999,-1,-999,-1,21,PM25
o10,2026-08-14,10:00,19,11.3,-999,-1,-999,-1,-999,-1,-999,-1,-999,-1,19,PM25
o61,2026-08-14,10:00,14,8.6,-999,-1,-999,-1,-999,-1,-999,-1,-999,-1,14,PM25
o63,2026-08-14,10:00,13,7.7,-999,-1,-999,-1,-999,-1,-999,-1,-999,-1,13,PM25
76t,2026-08-14,11:00,15,8.9,-1,-1,-1,-1,-1,-1,-1,-1,-999,-1,15,PM25
bkp100t,2026-08-14,11:00,10,5.7,-999,-1,-999,-1,-999,-1,-999,-1,-999,-1,10,PM25
bkp101t,2026-08-14,11:00,21,12.4,7,14,-999,-1,-999,-1,-999,-1,-999,-1,21,PM25
bkp102t,2026-08-14,11:00,20,12.1,19,37,-999,-1,-999,-1,-999,-1,-999,-1,20,PM25
bkp104t,2026-08-14,11:00,21,12.4,14,28,-999,-1,-999,-1,-999,-1,-999,-1,21,PM25
bkp56t,2026-08-14,11:00,21,12.6,23,46,-999,-1,-999,-1,-999,-1,-999,-1,23,PM10
bkp57t,2026-08-14,11:00,22,12.9,19,37,-999,-1,-999,-1,-999,-1,-999,-1,22,PM25
bkp58t,2026-08-14,11:00,35,18.7,27,52,-999,-1,-999,-1,-999,-1,-999,-1,35,PM25
bkp59t,2026-08-14,11:00,24,14.5,17,34,-999,-1,-999,-1,-999,-1,-999,-1,24,PM25
bkp60t,2026-08-14,11:00,12,7.3,16,32,-999,-1,-999,-1,-999,-1,-999,-1,16,PM10
bkp61t,2026-08-14,11:00,16,9.5,11,22,-999,-1,-999,-1,-999,-1,-999,-1,16,PM25
bkp62t,2026-08-14,11:00,38,20.2,-999,-1,-999,-1,-999,-1,-999,-1,-999,-1,38,PM25
bkp63t,2026-08-14,11:00,19,11.3,-999,-1,-999,-1,-999,-1,-999,-1,-999,-1,19,PM25
bkp64t,2026-08-14,11:00,30,16.6,-999,-1,-999,-1,-999,-1,-999,-1,-999,-1,30,PM25
bkp65t,2026-08-14,11:00,27,15.6,-999,-1,-999,-1,-999,-1,-999,-1,-999,-1,27,PM25
bkp67t,2026-08-14,11:00,31,17.2,-999,-1,-999,-1,-999,-1,-999,-1,-999,-1,31,PM25
bkp69t,2026-08-14,11:00,23,13.8,-999,-1,-999,-1,-999,-1,-999,-1,-999,-1,23,PM25
bkp70t,2026-08-14,11:00,16,9.3,22,43,-999,-1,-999,-1,-999,-1,-999,-1,22,PM10
bkp71t,2026-08-14,11:00,18,10.5,13,25,-999,-1,-999,-1,-999,-1,-999,-1,18,PM25
bkp72t,2026-08-14,11:00,26,15.2,24,48,-999,-1,-999,-1,-999,-1,-999,-1,26,PM25
bkp74t,2026-08-14,11:00,12,7.0,10,19,-999,-1,-999,-1,-999,-1,-999,-1,12,PM25
bkp75t,2026-08-14,11:00,19,11.3,14,28,-999,-1,-999,-1,-999,-1,-999,-1,19,PM25
bkp77t,2026-08-14,11:00,12,7.4,11,22,-999,-1,-999,-1,-999,-1,-999,-1,12,PM25
bkp78t,2026-08-14,11:00,34,18.3,-999,-1,-999,-1,-999,-1,-999,-1,-999,-1,34,PM25
bkp79t,2026-08-14,11:00,20,11.9,14,27,-999,-1,-999,-1,-999,-1,-999,-1,20,PM25
bkp80t,2026-08-14,11:00,22,13.1,27,52,-999,-1,-999,-1,-999,-1,-999,-1,27,PM10
bkp81t,2026-08-14,11:00,30,16.9,27,52,-999,-1,-999,-1,-999,-1,-999,-1,30,PM25
bkp82t,2026-08-14,11:00,23,13.9,-999,-1,-999,-1,-999,-1,-999,-1,-999,-1,23,PM25
bkp83t,2026-08-14,11:00,14,8.6,-999,-1,-999,-1,-999,-1,-999,-1,-999,-1,14,PM25
bkp84t,2026-08-14,11:00,36,19.2,19,37,-999,-1,-999,-1,-999,-1,-999,-1,36,PM25
bkp85t,2026-08-14,11:00,30,16.8,-999,-1,-999,-1,-999,-1,-999,-1,-999,-1,30,PM25
bkp86t,2026-08-14,11:00,22,13.3,10,19,-999,-1,-999,-1,-999,-1,-999,-1,22,PM25
bkp87t,2026-08-14,11:00,19,11.2,12,23,-999,-1,-999,-1,-999,-1,-999,-1,19,PM25
bkp88t,2026-08-14,11:00,27,15.5,-999,-1,-999,-1,-999,-1,-999,-1,-999,-1,27,PM25
bkp89t,2026-08-14,11:00,39,20.5,29,55,-999,-1,-999,-1,-999,-1,-999,-1,39,PM25
bkp90t,2026-08-14,11:00,26,15.1,22,44,-999,-1,-999,-1,-999,-1,-999,-1,26,PM25
bkp91t,2026-08-14,11:00,18,10.9,20,39,-999,-1,-999,-1,-999,-1,-999,-1,20,PM10
bkp92t,2026-08-14,11:00,24,14.4,-999,-1,-999,-1,-999,-1,-999,-1,-999,-1,24,PM25
bkp93t,2026-08-14,11:00,10,6.1,10,19,-999,-1,-999,-1,-999,-1,-999,-1,10,PM25
bkp95t,2026-08-14,11:00,24,14.1,-999,-1,-999,-1,-999,-1,-999,-1,-999,-1,24,PM25
bkp98t,2026-08-14,11:00,32,17.5,-999,-1,-999,-1,-999,-1,-999,-1,-999,-1,32,PM25
bkp99t,2026-08-14,11:00,15,9.2,7,13,-999,-1,-999,-1,-999,-1,-999,-1,15,PM25
02t,2026-08-14,12:00,18,10.7,-1,-1,-1,-1,-1,-1,-1,-1,-1,-1,18,PM25
03t,2026-08-14,12:00,24,14.5,-1,-1,-1,-1,-1,-1,-1,-1,-999,-1,24,PM25
05t,2026-08-14,12:00,19,11.6,-1,-1,-1,-1,-1,-1,-1,-1,-1,-1,19,PM25
08t,2026-08-14,12:00,30,16.9,-1,-1,-1,-1,-1,-1,-1,-1,-1,-1,30,PM25
100t,2026-08-14,12:00,16,9.7,19,38,9,12,0,0.00,2,4,0,0,19,PM10
101t,2026-08-14,12:00,17,10.2,11,22,-1,-1,19,3.30,1,2,0,1,19,CO
102t,2026-08-14,12:00,27,15.6,14,28,-1,-1,-1,-1,-1,-1,1,2,27,PM25
103t,2026-08-14,12:00,15,8.9,14,28,-1,-1,2,0.30,3,7,0,0,15,PM25
104t,2026-08-14,12:00,21,12.3,-1,-1,14,19,1,0.10,1,2,1,2,21,PM25
105t,2026-08-14,12:00,20,11.9,-999,-1,6,9,2,0.30,3,7,0,1,20,PM25
106t,2026-08-14,12:00,10,6.0,-999,-1,2,3,2,0.30,0,1,0,0,10,PM25
107t,2026-08-14,12:00,19,11.2,-1,-1,20,28,1,0.20,0,1,1,3,20,O3
108t,2026-08-14,12:00,14,8.2,-1,-1,17,24,10,1.80,0,1,1,2,17,O3
109t,2026-08-14,12:00,19,11.5,-1,-1,15,21,1,0.10,1,2,1,3,19,PM25
110t,2026-08-14,12:00,25,14.8,-999,-1,21,29,2,0.30,1,3,0,1,25,PM25
111t,2026-08-14,12:00,14,8.2,-999,-1,14,20,0,0.00,0,0,0,0,14,PM25
112t,2026-08-14,12:00,13,8.0,-999,-1,14,19,0,0.00,0,1,0,0,14,O3
113t,2026-08-14,12:00,12,7.0,8,16,31,39,1,0.10,0,0,0,0,31,O3
114t,2026-08-14,12:00,15,8.7,12,23,19,27,2,0.40,-1,-1,-1,-1,19,O3
115t,2026-08-14,12:00,16,9.4,10,19,11,16,1,0.20,1,2,0,1,16,PM25
116t,2026-08-14,12:00,11,6.6,10,19,14,19,1,0.10,0,1,0,0,14,O3
117t,2026-08-14,12:00,19,11.3,-999,-1,8,11,1,0.20,1,2,0,1,19,PM25
118t,2026-08-14,12:00,11,6.5,-1,-1,5,7,3,0.50,1,2,0,0,11,PM25
119t,2026-08-14,12:00,11,6.6,-1,-1,9,12,7,1.20,0,0,1,2,11,PM25
120t,2026-08-14,12:00,11,6.6,-1,-1,11,15,3,0.50,0,0,0,0,11,PM25
121t,2026-08-14,12:00,11,6.8,-1,-1,7,10,1,0.10,0,1,0,1,11,PM25
12t,2026-08-14,12:00,19,11.3,-1,-1,-1,-1,-1,-1,-1,-1,-1,-1,19,PM25
14t,2026-08-14,12:00,28,16.1,-1,-1,6,8,2,0.40,4,10,1,2,28,PM25
16t,2026-08-14,12:00,16,9.4,10,20,-1,-1,-1,-1,-1,-1,-1,-1,16,PM25
17t,2026-08-14,12:00,21,12.3,-1,-1,-1,-1,-1,-1,-1,-1,-1,-1,21,PM25
19t,2026-08-14,12:00,22,13.3,-1,-1,-1,-1,-1,-1,-1,-1,-1,-1,22,PM25
20t,2026-08-14,12:00,27,15.5,12,24,-1,-1,-1,-1,-1,-1,-1,-1,27,PM25
21t,2026-08-14,12:00,13,8.0,-1,-1,-1,-1,-1,-1,-1,-1,-1,-1,13,PM25
22t,2026-08-14,12:00,14,8.2,10,20,-1,-1,-1,-1,-1,-1,-1,-1,14,PM25
24t,2026-08-14,12:00,30,16.7,28,53,-1,-1,-1,-1,-1,-1,-1,-1,30,PM25
25t,2026-08-14,12:00,20,11.9,14,27,-1,-1,-999,-1,-1,-1,-999,-1,20,PM25
26t,2026-08-14,12:00,24,14.4,-1,-1,-1,-1,-1,-1,-1,-1,-1,-1,24,PM25
27t,2026-08-14,12:00,31,17.1,-1,-1,-1,-1,-999,-1,-1,-1,-1,-1,31,PM25
28t,2026-08-14,12:00,26,15.3,-1,-1,-1,-1,-1,-1,-1,-1,-1,-1,26,PM25
29t,2026-08-14,12:00,37,19.7,24,48,-1,-1,-1,-1,-1,-1,-1,-1,37,PM25
30t,2026-08-14,12:00,18,10.7,16,32,10,14,1,0.10,0,1,0,1,18,PM25
31t,2026-08-14,12:00,24,14.5,-1,-1,-1,-1,-1,-1,-1,-1,-1,-1,24,PM25
33t,2026-08-14,12:00,12,7.3,-1,-1,-1,-1,-999,-1,-1,-1,-999,-1,12,PM25
34t,2026-08-14,12:00,38,20.1,-1,-1,-1,-1,-1,-1,-1,-1,-999,-1,38,PM25
35t,2026-08-14,12:00,28,15.9,-1,-1,-1,-1,-1,-1,-1,-1,-1,-1,28,PM25
36t,2026-08-14,12:00,15,8.8,-1,-1,-999,-1,-1,-1,-1,-1,-1,-1,15,PM25
37t,2026-08-14,12:00,16,9.5,-1,-1,-1,-1,-1,-1,-1,-1,-1,-1,16,PM25
38t,2026-08-14,12:00,15,9.1,-1,-1,15,21,2,0.30,0,1,1,2,15,PM25
39t,2026-08-14,12:00,15,9.0,-1,-1,-1,-1,-999,-1,-1,-1,-1,-1,15,PM25
40t,2026-08-14,12:00,16,9.3,-1,-1,-1,-1,-999,-1,-1,-1,-1,-1,16,PM25
41t,2026-08-14,12:00,14,8.6,-1,-1,-1,-1,-1,-1,-1,-1,-1,-1,14,PM25
42t,2026-08-14,12:00,11,6.8,-1,-1,-1,-1,-1,-1,-1,-1,-1,-1,11,PM25
43t,2026-08-14,12:00,12,7.2,-1,-1,-1,-1,-1,-1,1,3,0,1,12,PM25
44t,2026-08-14,12:00,13,7.6,-1,-1,-1,-1,-1,-1,-1,-1,-1,-1,13,PM25
46t,2026-08-14,12:00,32,17.6,-1,-1,-1,-1,-1,-1,-1,-1,-1,-1,32,PM25
47t,2026-08-14,12:00,27,15.7,-1,-1,-1,-1,-1,-1,-1,-1,-1,-1,27,PM25
50t,2026-08-14,12:00,24,14.1,-1,-1,-999,-1,-1,-1,-1,-1,-999,-1,24,PM25
52t,2026-08-14,12:00,23,14.0,-1,-1,-1,-1,-1,-1,-1,-1,-1,-1,23,PM25
53t,2026-08-14,12:00,23,13.8,-1,-1,-999,-1,-1,-1,-1,-1,-999,-1,23,PM25
54t,2026-08-14,12:00,24,14.6,-1,-1,-1,-1,-1,-1,-1,-1,-1,-1,24,PM25
57t,2026-08-14,12:00,14,8.2,16,31,-1,-1,-1,-1,-1,-1,-999,-1,16,PM10
58t,2026-08-14,12:00,12,7.0,7,14,-1,-1,-1,-1,-1,-1,-999,-1,12,PM25
59t,2026-08-14,12:00,16,9.5,10,19,15,21,3,0.60,3,8,-999,-1,16,PM25
60t,2026-08-14,12:00,28,15.8,-1,-1,-1,-1,-999,-1,-1,-1,-1,-1,28,PM25
61t,2026-08-14,12:00,18,10.8,-1,-1,-1,-1,-999,-1,-1,-1,-1,-1,18,PM25
62t,2026-08-14,12:00,11,6.7,-1,-1,-1,-1,-1,-1,-1,-1,-999,-1,11,PM25
63t,2026-08-14,12:00,11,6.5,-1,-1,-1,-1,-1,-1,-1,-1,-999,-1,11,PM25
67t,2026-08-14,12:00,41,21.1,-1,-1,-1,-1,-1,-1,-1,-1,-1,-1,41,PM25
68t,2026-08-14,12:00,16,9.8,10,19,-1,-1,-1,-1,-1,-1,-1,-1,16,PM25
69t,2026-08-14,12:00,16,9.5,-1,-1,-1,-1,-1,-1,-1,-1,-1,-1,16,PM25
70t,2026-08-14,12:00,16,9.5,-1,-1,-1,-1,-1,-1,-1,-1,-999,-1,16,PM25
71t,2026-08-14,12:00,11,6.8,8,15,9,12,0,0.00,1,2,3,10,11,PM25
72t,2026-08-14,12:00,15,8.9,9,18,-1,-1,-1,-1,0,0,-1,-1,15,PM25
73t,2026-08-14,12:00,22,12.9,-1,-1,-1,-1,-1,-1,-1,-1,-1,-1,22,PM25
74t,2026-08-14,12:00,36,19.2,-1,-1,-1,-1,-1,-1,-1,-1,-1,-1,36,PM25
75t,2026-08-14,12:00,16,9.7,-1,-1,-1,-1,-1,-1,0,1,-1,-1,16,PM25
77t,2026-08-14,12:00,31,17.0,15,29,-1,-1,-999,-1,-1,-1,-1,-1,31,PM25
78t,2026-08-14,12:00,11,6.3,-1,-1,-999,-1,-999,-1,-999,-1,-999,-1,11,PM25
79t,2026-08-14,12:00,24,14.5,-1,-1,-1,-1,-1,-1,-1,-1,-1,-1,24,PM25
80t,2026-08-14,12:00,11,6.7,-1,-1,-1,-1,-1,-1,-1,-1,-1,-1,11,PM25
81t,2026-08-14,12:00,19,11.4,-1,-1,-1,-1,-1,-1,-1,-1,-1,-1,19,PM25
82t,2026-08-14,12:00,17,10.2,22,44,-1,-1,1,0.20,0,1,-1,-1,22,PM10
83t,2026-08-14,12:00,17,9.9,11,21,-1,-1,-1,-1,-1,-1,-1,-1,17,PM25
84t,2026-08-14,12:00,20,11.9,13,26,-1,-1,-1,-1,-1,-1,-1,-1,20,PM25
85t,2026-08-14,12:00,14,8.3,-1,-1,-1,-1,-1,-1,-1,-1,-1,-1,14,PM25
87t,2026-08-14,12:00,30,16.9,-1,-1,-1,-1,-1,-1,0,0,-1,-1,30,PM25
89t,2026-08-14,12:00,11,6.6,7,14,-1,-1,-1,-1,2,5,-1,-1,11,PM25
90t,2026-08-14,12:00,17,10.2,11,21,-1,-1,-1,-1,-1,-1,-1,-1,17,PM25
91t,2026-08-14,12:00,20,11.8,-1,-1,-1,-1,-1,-1,-1,-1,-1,-1,20,PM25
92t,2026-08-14,12:00,17,10.0,-1,-1,-1,-1,-1,-1,-1,-1,-1,-1,17,PM25
93t,2026-08-14,12:00,11,6.4,7,13,-1,-1,0,0.00,1,2,0,1,11,PM25
94t,2026-08-14,12:00,13,7.9,8,16,-1,-1,-1,-1,-1,-1,-1,-1,13,PM25
95t,2026-08-14,12:00,17,10.1,10,20,-1,-1,-1,-1,-1,-1,-1,-1,17,PM25
96t,2026-08-14,12:00,16,9.8,11,21,-1,-1,0,0.00,1,2,0,1,16,PM25
97t,2026-08-14,12:00,17,10.2,8,16,12,17,0,0.00,1,2,1,3,17,PM25
98t,2026-08-14,12:00,16,9.8,10,20,11,15,2,0.30,-1,-1,0,0,16,PM25
99t,2026-08-14,12:00,17,10.0,10,19,11,16,1,0.20,1,3,1,5,17,PM25
bkp114t,2026-08-14,12:00,13,7.7,-999,-1,-999,-1,-999,-1,-999,-1,-999,-1,13,PM25
bkp117t,2026-08-14,12:00,12,7.4,-999,-1,-999,-1,-999,-1,-999,-1,-999,-1,12,PM25
o10,2026-08-14,12:00,18,11.0,-999,-1,-999,-1,-999,-1,-999,-1,-999,-1,18,PM25
o61,2026-08-14,12:00,14,8.4,-999,-1,-999,-1,-999,-1,-999,-1,-999,-1,14,PM25
o63,2026-08-14,12:00,12,7.1,-999,-1,-999,-1,-999,-1,-999,-1,-999,-1,12,PM25
13t,2026-08-14,13:00,10,6.0,-1,-1,12,17,2,0.40,3,6,-1,-1,12,O3
86t,2026-08-14,13:00,32,17.7,17,34,-1,-1,5,0.90,7,17,-1,-1,32,PM25
88t,2026-08-14,13:00,20,12.0,12,23,-1,-1,-1,-1,-1,-1,-1,-1,20,PM25
bkp100t,2026-08-14,13:00,10,5.9,-999,-1,-999,-1,-999,-1,-999,-1,-999,-1,10,PM25
bkp101t,2026-08-14,13:00,20,12.1,7,14,-999,-1,-999,-1,-999,-1,-999,-1,20,PM25
bkp102t,2026-08-14,13:00,19,11.6,18,36,-999,-1,-999,-1,-999,-1,-999,-1,19,PM25
bkp103t,2026-08-14,13:00,17,10.4,-999,-1,-999,-1,-999,-1,-999,-1,-999,-1,17,PM25
bkp104t,2026-08-14,13:00,21,12.3,14,28,-999,-1,-999,-1,-999,-1,-999,-1,21,PM25
bkp105t,2026-08-14,13:00,33,18.1,-999,-1,-999,-1,-999,-1,-999,-1,-999,-1,33,PM25
bkp115t,2026-08-14,13:00,13,7.6,-999,-1,-999,-1,-999,-1,-999,-1,-999,-1,13,PM25
bkp116t,2026-08-14,13:00,12,7.3,-999,-1,-999,-1,-999,-1,-999,-1,-999,-1,12,PM25
bkp118t,2026-08-14,13:00,20,11.7,-999,-1,-999,-1,-999,-1,-999,-1,-999,-1,20,PM25
bkp119t,2026-08-14,13:00,15,8.7,-999,-1,-999,-1,-999,-1,-999,-1,-999,-1,15,PM25
bkp120t,2026-08-14,13:00,14,8.5,-999,-1,-999,-1,-999,-1,-999,-1,-999,-1,14,PM25
bkp121t,2026-08-14,13:00,17,9.9,-999,-1,-999,-1,-999,-1,-999,-1,-999,-1,17,PM25
bkp122t,2026-08-14,13:00,13,7.9,-999,-1,-999,-1,-999,-1,-999,-1,-999,-1,13,PM25
bkp123t,2026-08-14,13:00,13,7.8,-999,-1,-999,-1,-999,-1,-999,-1,-999,-1,13,PM25
bkp124t,2026-08-14,13:00,22,13.2,-999,-1,-999,-1,-999,-1,-999,-1,-999,-1,22,PM25
bkp125t,2026-08-14,13:00,21,12.3,-999,-1,-999,-1,-999,-1,-999,-1,-999,-1,21,PM25
bkp126t,2026-08-14,13:00,23,13.9,-999,-1,-999,-1,-999,-1,-999,-1,-999,-1,23,PM25
bkp127t,2026-08-14,13:00,30,16.6,-999,-1,-999,-1,-999,-1,-999,-1,-999,-1,30,PM25
bkp128t,2026-08-14,13:00,13,7.7,-999,-1,-999,-1,-999,-1,-999,-1,-999,-1,13,PM25
bkp129t,2026-08-14,13:00,15,8.9,-999,-1,-999,-1,-999,-1,-999,-1,-999,-1,15,PM25
bkp130t,2026-08-14,13:00,10,6.2,-999,-1,-999,-1,-999,-1,-999,-1,-999,-1,10,PM25
bkp131t,2026-08-14,13:00,17,10.1,-999,-1,-999,-1,-999,-1,-999,-1,-999,-1,17,PM25
bkp133t,2026-08-14,13:00,17,9.9,-999,-1,-999,-1,-999,-1,-999,-1,-999,-1,17,PM25
bkp56t,2026-08-14,13:00,21,12.5,23,45,-999,-1,-999,-1,-999,-1,-999,-1,23,PM10
bkp57t,2026-08-14,13:00,21,12.7,19,37,-999,-1,-999,-1,-999,-1,-999,-1,21,PM25
bkp58t,2026-08-14,13:00,34,18.4,27,52,-999,-1,-999,-1,-999,-1,-999,-1,34,PM25
bkp59t,2026-08-14,13:00,24,14.3,17,33,-999,-1,-999,-1,-999,-1,-999,-1,24,PM25
bkp60t,2026-08-14,13:00,12,7.4,16,31,-999,-1,-999,-1,-999,-1,-999,-1,16,PM10
bkp61t,2026-08-14,13:00,16,9.7,11,21,-999,-1,-999,-1,-999,-1,-999,-1,16,PM25
bkp62t,2026-08-14,13:00,38,20.0,-999,-1,-999,-1,-999,-1,-999,-1,-999,-1,38,PM25
bkp63t,2026-08-14,13:00,19,11.1,-999,-1,-999,-1,-999,-1,-999,-1,-999,-1,19,PM25
bkp64t,2026-08-14,13:00,28,16.0,-999,-1,-999,-1,-999,-1,-999,-1,-999,-1,28,PM25
bkp65t,2026-08-14,13:00,26,15.2,-999,-1,-999,-1,-999,-1,-999,-1,-999,-1,26,PM25
bkp67t,2026-08-14,13:00,30,16.8,-999,-1,-999,-1,-999,-1,-999,-1,-999,-1,30,PM25
bkp69t,2026-08-14,13:00,24,14.1,-999,-1,-999,-1,-999,-1,-999,-1,-999,-1,24,PM25
bkp70t,2026-08-14,13:00,16,9.4,20,40,-999,-1,-999,-1,-999,-1,-999,-1,20,PM10
bkp71t,2026-08-14,13:00,17,10.0,13,25,-999,-1,-999,-1,-999,-1,-999,-1,17,PM25
bkp72t,2026-08-14,13:00,27,15.7,24,47,-999,-1,-999,-1,-999,-1,-999,-1,27,PM25
bkp73t,2026-08-14,13:00,18,10.8,-999,-1,-999,-1,-999,-1,-999,-1,-999,-1,18,PM25
bkp74t,2026-08-14,13:00,12,7.1,10,19,-999,-1,-999,-1,-999,-1,-999,-1,12,PM25
bkp75t,2026-08-14,13:00,20,11.7,14,27,-999,-1,-999,-1,-999,-1,-999,-1,20,PM25
bkp76t,2026-08-14,13:00,12,7.2,-999,-1,-999,-1,-999,-1,-999,-1,-999,-1,12,PM25
bkp77t,2026-08-14,13:00,13,7.7,11,22,-999,-1,-999,-1,-999,-1,-999,-1,13,PM25
bkp78t,2026-08-14,13:00,33,17.8,-999,-1,-999,-1,-999,-1,-999,-1,-999,-1,33,PM25
bkp79t,2026-08-14,13:00,21,12.6,14,27,-999,-1,-999,-1,-999,-1,-999,-1,21,PM25
bkp80t,2026-08-14,13:00,22,13.2,26,51,-999,-1,-999,-1,-999,-1,-999,-1,26,PM10
bkp81t,2026-08-14,13:00,30,16.8,26,51,-999,-1,-999,-1,-999,-1,-999,-1,30,PM25
bkp82t,2026-08-14,13:00,22,13.1,-999,-1,-999,-1,-999,-1,-999,-1,-999,-1,22,PM25
bkp83t,2026-08-14,13:00,14,8.6,-999,-1,-999,-1,-999,-1,-999,-1,-999,-1,14,PM25
bkp84t,2026-08-14,13:00,38,20.2,18,36,-999,-1,-999,-1,-999,-1,-999,-1,38,PM25
bkp85t,2026-08-14,13:00,30,16.8,-999,-1,-999,-1,-999,-1,-999,-1,-999,-1,30,PM25
bkp86t,2026-08-14,13:00,21,12.7,10,19,-999,-1,-999,-1,-999,-1,-999,-1,21,PM25
bkp87t,2026-08-14,13:00,19,11.5,11,22,-999,-1,-999,-1,-999,-1,-999,-1,19,PM25
bkp88t,2026-08-14,13:00,27,15.5,-999,-1,-999,-1,-999,-1,-999,-1,-999,-1,27,PM25
bkp89t,2026-08-14,13:00,40,20.7,28,54,-999,-1,-999,-1,-999,-1,-999,-1,40,PM25
bkp90t,2026-08-14,13:00,27,15.5,21,42,-999,-1,-999,-1,-999,-1,-999,-1,27,PM25
bkp91t,2026-08-14,13:00,19,11.3,21,41,-999,-1,-999,-1,-999,-1,-999,-1,21,PM10
bkp92t,2026-08-14,13:00,22,13.4,-999,-1,-999,-1,-999,-1,-999,-1,-999,-1,22,PM25
bkp93t,2026-08-14,13:00,10,6.0,10,19,-999,-1,-999,-1,-999,-1,-999,-1,10,PM25
bkp94t,2026-08-14,13:00,22,13.3,-999,-1,-999,-1,-999,-1,-999,-1,-999,-1,22,PM25
bkp95t,2026-08-14,13:00,23,13.9,-999,-1,-999,-1,-999,-1,-999,-1,-999,-1,23,PM25
bkp96t,2026-08-14,13:00,18,10.7,10,20,-999,-1,-999,-1,-999,-1,-999,-1,18,PM25
bkp97t,2026-08-14,13:00,20,12.1,-999,-1,-999,-1,-999,-1,-999,-1,-999,-1,20,PM25
bkp98t,2026-08-14,13:00,30,16.7,-999,-1,-999,-1,-999,-1,-999,-1,-999,-1,30,PM25
bkp99t,2026-08-14,13:00,15,8.8,7,13,-999,-1,-999,-1,-999,-1,-999,-1,15,PM25
