station_id,date,time,pm25_aqi,pm25_value,pm10_aqi,pm10_value,o3_aqi,o3_value,co_aqi,co_value,no2_aqi,no2_value,so2_aqi,so2_value,aqi,aqi_param
02t,2026-09-01,00:00,31,17.3,-1,-1,-1,-1,-1,-1,-1,-1,-1,-1,31,PM25
08t,2026-09-01,00:00,40,20.7,-1,-1,-1,-1,-1,-1,-1,-1,-1,-1,40,PM25
100t,2026-09-01,00:00,24,14.4,20,39,6,9,0,0.00,3,6,0,0,24,PM25
101t,2026-09-01,00:00,14,8.1,9,18,-1,-1,19,3.30,1,2,0,1,19,CO
102t,2026-09-01,00:00,21,12.8,13,25,-1,-1,-1,-1,-1,-1,-1,-1,21,PM25
103t,2026-09-01,00:00,13,7.8,15,29,-1,-1,1,0.20,3,6,0,0,15,PM10
104t,2026-09-01,00:00,16,9.8,-1,-1,11,15,1,0.10,0,1,0,0,16,PM25
105t,2026-09-01,00:00,15,8.7,-999,-1,9,13,1,0.10,4,9,0,0,15,PM25
106t,2026-09-01,00:00,11,6.6,-999,-1,7,10,2,0.30,0,1,0,0,11,PM25
107t,2026-09-01,00:00,16,9.3,-1,-1,14,20,11,1.90,2,4,0,1,16,PM25
108t,2026-09-01,00:00,16,9.4,-1,-1,16,22,13,2.20,0,0,1,2,16,PM25
109t,2026-09-01,00:00,12,7.0,-1,-1,16,22,1,0.10,0,1,1,3,16,O3
110t,2026-09-01,00:00,14,8.2,-999,-1,24,33,1,0.10,0,1,-1,-1,24,O3
111t,2026-09-01,00:00,10,6.2,-999,-1,19,26,1,0.10,0,0,0,0,19,O3
112t,2026-09-01,00:00,9,5.3,-999,-1,17,24,0,0.00,0,0,0,1,17,O3
113t,2026-09-01,00:00,15,8.8,10,20,25,35,1,0.10,0,0,0,0,25,O3
114t,2026-09-01,00:00,12,7.2,9,18,17,24,2,0.40,1,2,0,1,17,O3
115t,2026-09-01,00:00,14,8.3,9,17,8,11,1,0.20,0,1,0,1,14,PM25
116t,2026-09-01,00:00,16,9.3,12,23,12,17,1,0.10,1,3,0,1,16,PM25
117t,2026-09-01,00:00,20,11.8,-999,-1,6,9,1,0.20,1,2,0,1,20,PM25
118t,2026-09-01,00:00,15,9.1,-1,-1,4,5,-1,-1,-1,-1,-1,-1,15,PM25
119t,2026-09-01,00:00,16,9.5,-1,-1,8,11,8,1.40,3,6,1,2,16,PM25
120t,2026-09-01,00:00,19,11.2,-1,-1,11,16,3,0.60,1,3,0,0,19,PM25
121t,2026-09-01,00:00,24,14.3,-1,-1,12,17,2,0.30,5,11,0,0,24,PM25
13t,2026-09-01,00:00,15,9.2,14,27,5,7,2,0.40,-1,-1,-1,-1,15,PM25
14t,2026-09-01,00:00,35,19.0,-1,-1,4,5,3,0.50,5,13,1,2,35,PM25
16t,2026-09-01,00:00,22,13.1,13,25,-1,-1,-1,-1,-1,-1,-1,-1,22,PM25
17t,2026-09-01,00:00,27,15.7,-1,-1,-1,-1,-1,-1,-1,-1,-1,-1,27,PM25
18t,2026-09-01,00:00,43,22.0,-1,-1,-1,-1,-1,-1,-1,-1,-1,-1,43,PM25
19t,2026-09-01,00:00,25,14.8,-1,-1,-1,-1,-1,-1,-1,-1,-1,-1,25,PM25
20t,2026-09-01,00:00,38,20.1,16,32,-1,-1,-1,-1,-1,-1,-1,-1,38,PM25
21t,2026-09-01,00:00,17,10.4,-1,-1,-1,-1,-1,-1,-1,-1,-1,-1,17,PM25
22t,2026-09-01,00:00,19,11.6,13,26,-1,-1,-1,-1,-1,-1,-1,-1,19,PM25
24t,2026-09-01,00:00,26,15.2,26,51,-1,-1,-1,-1,-1,-1,-1,-1,26,PM10
25t,2026-09-01,00:00,17,10.3,11,22,-1,-1,-999,-1,-1,-1,-999,-1,17,PM25
26t,2026-09-01,00:00,28,16.1,-1,-1,-1,-1,-1,-1,-1,-1,-1,-1,28,PM25
27t,2026-09-01,00:00,30,16.6,-1,-1,-1,-1,-999,-1,-1,-1,-1,-1,30,PM25
28t,2026-09-01,00:00,38,20.2,-1,-1,-1,-1,-1,-1,-1,-1,-1,-1,38,PM25
30t,2026-09-01,00:00,23,13.8,22,44,9,13,0,0.00,0,1,0,0,23,PM25
31t,2026-09-01,00:00,47,23.8,-1,-1,-1,-1,-1,-1,-1,-1,-1,-1,47,PM25
34t,2026-09-01,00:00,60,27.3,-1,-1,-1,-1,-1,-1,-1,-1,-999,-1,60,PM25
35t,2026-09-01,00:00,27,15.7,-1,-1,-1,-1,-1,-1,-1,-1,-1,-1,27,PM25
36t,2026-09-01,00:00,14,8.6,-1,-1,-999,-1,-1,-1,-1,-1,-1,-1,14,PM25
40t,2026-09-01,00:00,17,10.0,-1,-1,-1,-1,-999,-1,-1,-1,-1,-1,17,PM25
46t,2026-09-01,00:00,28,16.1,-1,-1,-1,-1,-1,-1,-1,-1,-1,-1,28,PM25
47t,2026-09-01,00:00,32,17.5,-1,-1,-1,-1,-1,-1,-1,-1,-1,-1,32,PM25
50t,2026-09-01,00:00,39,20.3,-1,-1,-999,-1,-1,-1,-1,-1,-999,-1,39,PM25
52t,2026-09-01,00:00,36,19.2,-1,-1,-1,-1,-1,-1,-1,-1,-1,-1,36,PM25
53t,2026-09-01,00:00,37,19.5,-1,-1,-999,-1,-1,-1,-1,-1,-999,-1,37,PM25
57t,2026-09-01,00:00,12,7.2,14,27,-1,-1,-1,-1,-1,-1,-999,-1,14,PM10
58t,2026-09-01,00:00,12,7.3,8,15,-1,-1,-1,-1,-1,-1,-999,-1,12,PM25
59t,2026-09-01,00:00,22,13.1,13,26,14,19,3,0.60,5,12,-999,-1,22,PM25
60t,2026-09-01,00:00,27,15.6,-1,-1,-1,-1,-999,-1,-1,-1,-1,-1,27,PM25
61t,2026-09-01,00:00,29,16.3,-1,-1,-1,-1,-999,-1,-1,-1,-1,-1,29,PM25
67t,2026-09-01,00:00,33,18.0,-1,-1,-1,-1,-1,-1,-1,-1,-1,-1,33,PM25
68t,2026-09-01,00:00,17,9.9,9,18,-1,-1,-1,-1,-1,-1,-1,-1,17,PM25
69t,2026-09-01,00:00,17,9.9,-1,-1,-1,-1,-1,-1,-1,-1,-1,-1,17,PM25
70t,2026-09-01,00:00,18,11.0,-1,-1,-1,-1,-1,-1,-1,-1,-999,-1,18,PM25
71t,2026-09-01,00:00,10,5.8,7,13,9,12,0,0.00,1,2,3,10,10,PM25
72t,2026-09-01,00:00,16,9.5,11,22,-1,-1,-1,-1,0,0,-1,-1,16,PM25
73t,2026-09-01,00:00,23,13.7,-1,-1,-1,-1,-1,-1,-1,-1,-1,-1,23,PM25
74t,2026-09-01,00:00,41,21.2,-1,-1,-1,-1,-1,-1,-1,-1,-1,-1,41,PM25
75t,2026-09-01,00:00,15,8.8,-1,-1,-1,-1,-1,-1,0,0,2,9,15,PM25
77t,2026-09-01,00:00,25,15.0,13,25,-1,-1,-999,-1,-1,-1,-1,-1,25,PM25
79t,2026-09-01,00:00,42,21.8,-1,-1,-1,-1,-1,-1,-1,-1,-1,-1,42,PM25
81t,2026-09-01,00:00,31,17.2,-1,-1,-1,-1,-1,-1,-1,-1,-1,-1,31,PM25
82t,2026-09-01,00:00,21,12.6,14,28,-1,-1,1,0.20,1,2,-1,-1,21,PM25
83t,2026-09-01,00:00,12,7.1,9,17,-1,-1,-1,-1,-1,-1,-1,-1,12,PM25
84t,2026-09-01,00:00,24,14.4,17,34,-1,-1,-1,-1,-1,-1,-1,-1,24,PM25
85t,2026-09-01,00:00,20,12.0,-1,-1,-1,-1,-1,-1,-1,-1,-1,-1,20,PM25
86t,2026-09-01,00:00,22,13.3,13,25,-1,-1,5,0.90,6,15,-1,-1,22,PM25
87t,2026-09-01,00:00,24,14.4,-1,-1,-1,-1,-1,-1,0,0,-1,-1,24,PM25
88t,2026-09-01,00:00,17,10.3,11,21,-1,-1,-1,-1,1,3,-1,-1,17,PM25
90t,2026-09-01,00:00,13,8.0,8,15,-1,-1,-1,-1,-1,-1,-1,-1,13,PM25
91t,2026-09-01,00:00,19,11.2,-1,-1,-1,-1,-1,-1,-1,-1,-1,-1,19,PM25
92t,2026-09-01,00:00,18,10.6,10,20,-1,-1,-1,-1,-1,-1,-1,-1,18,PM25
93t,2026-09-01,00:00,19,11.2,13,25,-1,-1,1,0.10,3,7,0,0,19,PM25
94t,2026-09-01,00:00,19,11.6,11,21,-1,-1,-1,-1,-1,-1,-1,-1,19,PM25
95t,2026-09-01,00:00,13,7.9,8,16,-1,-1,-1,-1,-1,-1,-1,-1,13,PM25
96t,2026-09-01,00:00,14,8.3,10,20,-1,-1,5,0.80,1,2,0,1,14,PM25
97t,2026-09-01,00:00,10,6.1,7,13,11,15,0,0.00,0,1,1,3,11,O3
98t,2026-09-01,00:00,18,10.6,11,21,11,15,2,0.30,-1,-1,0,0,18,PM25
99t,2026-09-01,00:00,16,9.6,11,22,12,17,1,0.20,1,3,1,3,16,PM25
bkp100t,2026-09-01,00:00,18,10.5,-999,-1,-999,-1,-999,-1,-999,-1,-999,-1,18,PM25
bkp101t,2026-09-01,00:00,27,15.6,14,28,-999,-1,-999,-1,-999,-1,-999,-1,27,PM25
bkp102t,2026-09-01,00:00,26,15.2,35,62,-999,-1,-999,-1,-999,-1,-999,-1,35,PM10
bkp103t,2026-09-01,00:00,30,16.9,-999,-1,-999,-1,-999,-1,-999,-1,-999,-1,30,PM25
bkp104t,2026-09-01,00:00,28,15.8,20,39,-999,-1,-999,-1,-999,-1,-999,-1,28,PM25
bkp105t,2026-09-01,00:00,55,26.0,-999,-1,-999,-1,-999,-1,-999,-1,-999,-1,55,PM25
bkp115t,2026-09-01,00:00,19,11.6,-999,-1,-999,-1,-999,-1,-999,-1,-999,-1,19,PM25
bkp116t,2026-09-01,00:00,21,12.7,-999,-1,-999,-1,-999,-1,-999,-1,-999,-1,21,PM25
bkp117t,2026-09-01,00:00,22,13.4,-999,-1,-999,-1,-999,-1,-999,-1,-999,-1,22,PM25
bkp118t,2026-09-01,00:00,30,16.7,-999,-1,-999,-1,-999,-1,-999,-1,-999,-1,30,PM25
bkp119t,2026-09-01,00:00,24,14.5,-999,-1,-999,-1,-999,-1,-999,-1,-999,-1,24,PM25
bkp120t,2026-09-01,00:00,23,13.6,-999,-1,-999,-1,-999,-1,-999,-1,-999,-1,23,PM25
bkp121t,2026-09-01,00:00,22,13.4,-999,-1,-999,-1,-999,-1,-999,-1,-999,-1,22,PM25
bkp122t,2026-09-01,00:00,21,12.8,-999,-1,-999,-1,-999,-1,-999,-1,-999,-1,21,PM25
bkp123t,2026-09-01,00:00,19,11.5,-999,-1,-999,-1,-999,-1,-999,-1,-999,-1,19,PM25
bkp124t,2026-09-01,00:00,34,18.4,-999,-1,-999,-1,-999,-1,-999,-1,-999,-1,34,PM25
bkp126t,2026-09-01,00:00,28,15.8,-999,-1,-999,-1,-999,-1,-999,-1,-999,-1,28,PM25
bkp127t,2026-09-01,00:00,40,21.0,-999,-1,-999,-1,-999,-1,-999,-1,-999,-1,40,PM25
bkp128t,2026-09-01,00:00,22,13.1,-999,-1,-999,-1,-999,-1,-999,-1,-999,-1,22,PM25
bkp129t,2026-09-01,00:00,18,10.6,-999,-1,-999,-1,-999,-1,-999,-1,-999,-1,18,PM25
bkp130t,2026-09-01,00:00,19,11.2,-999,-1,-999,-1,-999,-1,-999,-1,-999,-1,19,PM25
bkp131t,2026-09-01,00:00,37,19.6,-999,-1,-999,-1,-999,-1,-999,-1,-999,-1,37,PM25
bkp133t,2026-09-01,00:00,22,13.3,-999,-1,-999,-1,-999,-1,-999,-1,-999,-1,22,PM25
bkp56t,2026-09-01,00:00,31,17.0,36,63,-999,-1,-999,-1,-999,-1,-999,-1,36,PM10
bkp57t,2026-09-01,00:00,34,18.5,29,55,-999,-1,-999,-1,-999,-1,-999,-1,34,PM25
bkp58t,2026-09-01,00:00,51,25.2,44,73,-999,-1,-999,-1,-999,-1,-999,-1,51,PM25
bkp59t,2026-09-01,00:00,34,18.2,24,47,-999,-1,-999,-1,-999,-1,-999,-1,34,PM25
bkp60t,2026-09-01,00:00,24,14.2,24,48,-999,-1,-999,-1,-999,-1,-999,-1,24,PM25
bkp61t,2026-09-01,00:00,28,16.0,16,32,-999,-1,-999,-1,-999,-1,-999,-1,28,PM25
bkp62t,2026-09-01,00:00,44,22.7,-999,-1,-999,-1,-999,-1,-999,-1,-999,-1,44,PM25
bkp63t,2026-09-01,00:00,30,16.9,-999,-1,-999,-1,-999,-1,-999,-1,-999,-1,30,PM25
bkp64t,2026-09-01,00:00,45,23.0,-999,-1,-999,-1,-999,-1,-999,-1,-999,-1,45,PM25
bkp65t,2026-09-01,00:00,38,20.0,-999,-1,-999,-1,-999,-1,-999,-1,-999,-1,38,PM25
bkp66t,2026-09-01,00:00,43,22.1,-999,-1,-999,-1,-999,-1,-999,-1,-999,-1,43,PM25
bkp67t,2026-09-01,00:00,38,20.1,-999,-1,-999,-1,-999,-1,-999,-1,-999,-1,38,PM25
bkp69t,2026-09-01,00:00,34,18.4,-999,-1,-999,-1,-999,-1,-999,-1,-999,-1,34,PM25
bkp70t,2026-09-01,00:00,23,13.8,21,42,-999,-1,-999,-1,-999,-1,-999,-1,23,PM25
bkp71t,2026-09-01,00:00,28,15.8,21,42,-999,-1,-999,-1,-999,-1,-999,-1,28,PM25
bkp72t,2026-09-01,00:00,47,23.6,33,60,-999,-1,-999,-1,-999,-1,-999,-1,47,PM25
bkp73t,2026-09-01,00:00,29,16.2,-999,-1,-999,-1,-999,-1,-999,-1,-999,-1,29,PM25
bkp74t,2026-09-01,00:00,18,10.9,14,27,-999,-1,-999,-1,-999,-1,-999,-1,18,PM25
bkp75t,2026-09-01,00:00,27,15.5,20,40,-999,-1,-999,-1,-999,-1,-999,-1,27,PM25
bkp76t,2026-09-01,00:00,22,13.3,-999,-1,-999,-1,-999,-1,-999,-1,-999,-1,22,PM25
bkp77t,2026-09-01,00:00,21,12.4,19,37,-999,-1,-999,-1,-999,-1,-999,-1,21,PM25
bkp78t,2026-09-01,00:00,46,23.5,-999,-1,-999,-1,-999,-1,-999,-1,-999,-1,46,PM25
bkp79t,2026-09-01,00:00,30,16.7,17,34,-999,-1,-999,-1,-999,-1,-999,-1,30,PM25
bkp80t,2026-09-01,00:00,32,17.7,45,74,-999,-1,-999,-1,-999,-1,-999,-1,45,PM10
bkp81t,2026-09-01,00:00,55,26.0,41,69,-999,-1,-999,-1,-999,-1,-999,-1,55,PM25
bkp82t,2026-09-01,00:00,31,17.2,-999,-1,-999,-1,-999,-1,-999,-1,-999,-1,31,PM25
bkp83t,2026-09-01,00:00,24,14.1,-999,-1,-999,-1,-999,-1,-999,-1,-999,-1,24,PM25
bkp84t,2026-09-01,00:00,48,24.0,27,52,-999,-1,-999,-1,-999,-1,-999,-1,48,PM25
bkp85t,2026-09-01,00:00,39,20.4,-999,-1,-999,-1,-999,-1,-999,-1,-999,-1,39,PM25
bkp86t,2026-09-01,00:00,33,17.9,21,41,-999,-1,-999,-1,-999,-1,-999,-1,33,PM25
bkp87t,2026-09-01,00:00,29,16.5,19,38,-999,-1,-999,-1,-999,-1,-999,-1,29,PM25
bkp88t,2026-09-01,00:00,42,21.7,-999,-1,-999,-1,-999,-1,-999,-1,-999,-1,42,PM25
bkp89t,2026-09-01,00:00,42,21.8,34,61,-999,-1,-999,-1,-999,-1,-999,-1,42,PM25
bkp90t,2026-09-01,00:00,47,23.8,37,64,-999,-1,-999,-1,-999,-1,-999,-1,47,PM25
bkp91t,2026-09-01,00:00,22,13.2,21,42,-999,-1,-999,-1,-999,-1,-999,-1,22,PM25
bkp92t,2026-09-01,00:00,42,21.7,-999,-1,-999,-1,-999,-1,-999,-1,-999,-1,42,PM25
bkp93t,2026-09-01,00:00,22,13.3,21,42,-999,-1,-999,-1,-999,-1,-999,-1,22,PM25
bkp94t,2026-09-01,00:00,37,19.7,-999,-1,-999,-1,-999,-1,-999,-1,-999,-1,37,PM25
bkp95t,2026-09-01,00:00,33,17.8,-999,-1,-999,-1,-999,-1,-999,-1,-999,-1,33,PM25
bkp96t,2026-09-01,00:00,28,16.0,16,32,-999,-1,-999,-1,-999,-1,-999,-1,28,PM25
bkp97t,2026-09-01,00:00,33,17.9,-999,-1,-999,-1,-999,-1,-999,-1,-999,-1,33,PM25
bkp98t,2026-09-01,00:00,44,22.5,-999,-1,-999,-1,-999,-1,-999,-1,-999,-1,44,PM25
bkp99t,2026-09-01,00:00,24,14.3,14,28,-999,-1,-999,-1,-999,-1,-999,-1,24,PM25
o10,2026-09-01,00:00,27,15.5,-999,-1,-999,-1,-999,-1,-999,-1,-999,-1,27,PM25
o61,2026-09-01,00:00,16,9.8,-999,-1,-999,-1,-999,-1,-999,-1,-999,-1,16,PM25
o63,2026-09-01,00:00,16,9.5,-999,-1,-999,-1,-999,-1,-999,-1,-999,-1,16,PM25
101t,2026-09-01,04:00,14,8.3,10,19,-1,-1,19,3.30,1,2,0,1,19,CO
102t,2026-09-01,04:00,20,12.2,12,23,-1,-1,-1,-1,-1,-1,1,3,20,PM25
103t,2026-09-01,04:00,12,7.4,15,29,-1,-1,1,0.10,3,6,0,0,15,PM10
106t,2026-09-01,04:00,10,5.9,-999,-1,6,9,2,0.30,1,2,0,0,10,PM25
108t,2026-09-01,04:00,19,11.3,-1,-1,14,19,12,2.10,0,0,1,2,19,PM25
111t,2026-09-01,04:00,11,6.5,-999,-1,15,21,1,0.10,0,0,0,0,15,O3
113t,2026-09-01,04:00,14,8.5,10,19,25,35,1,0.10,0,0,0,0,25,O3
115t,2026-09-01,04:00,14,8.2,9,17,6,8,1,0.20,0,0,0,1,14,PM25
116t,2026-09-01,04:00,15,9.0,11,22,10,14,1,0.10,2,4,0,1,15,PM25
19t,2026-09-01,04:00,27,15.5,-1,-1,-1,-1,-1,-1,-1,-1,-1,-1,27,PM25
29t,2026-09-01,04:00,25,14.8,28,53,-1,-1,-1,-1,-1,-1,-1,-1,28,PM10
33t,2026-09-01,04:00,20,11.8,-1,-1,-1,-1,-999,-1,-1,-1,-999,-1,20,PM25
50t,2026-09-01,04:00,38,20.0,-1,-1,-999,-1,-1,-1,-1,-1,-999,-1,38,PM25
60t,2026-09-01,04:00,28,15.8,-1,-1,-1,-1,-999,-1,-1,-1,-1,-1,28,PM25
73t,2026-09-01,04:00,22,13.3,-1,-1,-1,-1,-1,-1,-1,-1,-1,-1,22,PM25
94t,2026-09-01,04:00,22,13.4,11,21,-1,-1,-1,-1,-1,-1,-1,-1,22,PM25
95t,2026-09-01,04:00,12,7.2,8,15,-1,-1,-1,-1,-1,-1,-1,-1,12,PM25
02t,2026-09-01,05:00,31,17.0,-1,-1,-1,-1,-1,-1,-1,-1,-1,-1,31,PM25
08t,2026-09-01,05:00,36,19.1,-1,-1,-1,-1,-1,-1,-1,-1,-1,-1,36,PM25
100t,2026-09-01,05:00,23,13.9,19,37,5,7,0,0.00,2,5,0,0,23,PM25
104t,2026-09-01,05:00,16,9.7,-1,-1,7,10,1,0.10,1,2,0,0,16,PM25
105t,2026-09-01,05:00,16,9.6,-999,-1,3,4,1,0.10,2,5,0,0,16,PM25
107t,2026-09-01,05:00,15,9.0,-1,-1,15,21,7,1.30,1,2,0,0,15,PM25
109t,2026-09-01,05:00,11,6.8,-1,-1,15,21,1,0.10,1,2,1,3,15,O3
110t,2026-09-01,05:00,13,7.8,-999,-1,21,30,1,0.20,1,2,0,0,21,O3
112t,2026-09-01,05:00,9,5.2,-999,-1,17,24,0,0.00,0,0,0,1,17,O3
114t,2026-09-01,05:00,11,6.8,9,17,18,25,2,0.40,-1,-1,-1,-1,18,O3
117t,2026-09-01,05:00,19,11.4,-999,-1,6,8,1,0.20,2,4,0,1,19,PM25
118t,2026-09-01,05:00,15,8.8,-1,-1,2,3,-1,-1,1,3,0,0,15,PM25
119t,2026-09-01,05:00,16,9.6,-1,-1,4,5,8,1.40,1,2,1,2,16,PM25
120t,2026-09-01,05:00,19,11.4,-1,-1,8,11,3,0.60,3,7,0,0,19,PM25
121t,2026-09-01,05:00,23,13.9,-1,-1,7,10,2,0.40,1,3,0,0,23,PM25
13t,2026-09-01,05:00,13,7.6,13,25,2,3,2,0.30,-1,-1,-1,-1,13,PM10
14t,2026-09-01,05:00,36,19.1,-1,-1,4,5,2,0.30,6,14,1,3,36,PM25
16t,2026-09-01,05:00,23,13.6,12,24,-1,-1,-1,-1,-1,-1,-1,-1,23,PM25
17t,2026-09-01,05:00,27,15.6,-1,-1,-1,-1,-1,-1,-1,-1,-1,-1,27,PM25
18t,2026-09-01,05:00,45,23.0,-1,-1,-1,-1,-1,-1,-1,-1,-1,-1,45,PM25
20t,2026-09-01,05:00,39,20.3,16,32,-1,-1,-1,-1,-1,-1,-1,-1,39,PM25
21t,2026-09-01,05:00,17,9.9,-1,-1,-1,-1,-1,-1,-1,-1,-1,-1,17,PM25
22t,2026-09-01,05:00,18,10.6,12,24,-1,-1,-1,-1,-1,-1,-1,-1,18,PM25
24t,2026-09-01,05:00,28,16.1,27,52,-1,-1,-1,-1,-1,-1,-1,-1,28,PM25
25t,2026-09-01,05:00,20,11.7,12,23,-1,-1,-999,-1,-1,-1,-999,-1,20,PM25
26t,2026-09-01,05:00,29,16.4,-1,-1,-1,-1,-1,-1,-1,-1,-1,-1,29,PM25
27t,2026-09-01,05:00,35,18.7,-1,-1,-1,-1,-999,-1,-1,-1,-1,-1,35,PM25
28t,2026-09-01,05:00,42,21.5,-1,-1,-1,-1,-1,-1,-1,-1,-1,-1,42,PM25
30t,2026-09-01,05:00,24,14.1,22,44,6,9,1,0.10,1,2,0,0,24,PM25
31t,2026-09-01,05:00,72,30.4,-1,-1,-1,-1,-1,-1,-1,-1,-1,-1,72,PM25
34t,2026-09-01,05:00,61,27.7,-1,-1,-1,-1,-1,-1,-1,-1,-999,-1,61,PM25
35t,2026-09-01,05:00,27,15.7,-1,-1,-1,-1,-1,-1,-1,-1,-1,-1,27,PM25
36t,2026-09-01,05:00,16,9.3,-1,-1,-999,-1,-1,-1,-1,-1,-1,-1,16,PM25
40t,2026-09-01,05:00,16,9.5,-1,-1,-1,-1,-999,-1,-1,-1,-1,-1,16,PM25
46t,2026-09-01,05:00,25,15.0,-1,-1,-1,-1,-1,-1,-1,-1,-1,-1,25,PM25
47t,2026-09-01,05:00,31,17.3,-1,-1,-1,-1,-1,-1,-1,-1,-1,-1,31,PM25
52t,2026-09-01,05:00,32,17.6,-1,-1,-1,-1,-1,-1,-1,-1,-1,-1,32,PM25
53t,2026-09-01,05:00,33,17.9,-1,-1,-999,-1,-1,-1,-1,-1,-999,-1,33,PM25
57t,2026-09-01,05:00,13,7.9,14,27,-1,-1,-1,-1,-1,-1,-999,-1,14,PM10
58t,2026-09-01,05:00,13,7.5,8,15,-1,-1,-1,-1,-1,-1,-999,-1,13,PM25
59t,2026-09-01,05:00,19,11.5,13,25,20,28,2,0.30,6,14,-999,-1,20,O3
61t,2026-09-01,05:00,27,15.5,-1,-1,-1,-1,-999,-1,-1,-1,-1,-1,27,PM25
67t,2026-09-01,05:00,35,18.8,-1,-1,-1,-1,-1,-1,-1,-1,-1,-1,35,PM25
68t,2026-09-01,05:00,18,10.9,10,19,-1,-1,-1,-1,-1,-1,-1,-1,18,PM25
69t,2026-09-01,05:00,15,9.0,-1,-1,-1,-1,-1,-1,-1,-1,-1,-1,15,PM25
70t,2026-09-01,05:00,18,10.9,-1,-1,-1,-1,-1,-1,-1,-1,-999,-1,18,PM25
71t,2026-09-01,05:00,10,5.8,8,15,9,12,0,0.00,1,2,3,10,10,PM25
72t,2026-09-01,05:00,15,8.7,10,20,-1,-1,-1,-1,0,0,-1,-1,15,PM25
74t,2026-09-01,05:00,40,21.0,-1,-1,-1,-1,-1,-1,-1,-1,-1,-1,40,PM25
75t,2026-09-01,05:00,16,9.5,-1,-1,-1,-1,-1,-1,0,0,-1,-1,16,PM25
77t,2026-09-01,05:00,26,15.3,14,28,-1,-1,-999,-1,-1,-1,-1,-1,26,PM25
79t,2026-09-01,05:00,34,18.2,-1,-1,-1,-1,-1,-1,-1,-1,-1,-1,34,PM25
81t,2026-09-01,05:00,27,15.5,-1,-1,-1,-1,-1,-1,-1,-1,-1,-1,27,PM25
82t,2026-09-01,05:00,21,12.7,14,28,-1,-1,1,0.20,0,1,-1,-1,21,PM25
83t,2026-09-01,05:00,11,6.8,8,16,-1,-1,-1,-1,-1,-1,-1,-1,11,PM25
84t,2026-09-01,05:00,24,14.2,17,33,-1,-1,-1,-1,-1,-1,-1,-1,24,PM25
85t,2026-09-01,05:00,18,11.0,-1,-1,-1,-1,-1,-1,-1,-1,-1,-1,18,PM25
86t,2026-09-01,05:00,19,11.2,11,22,-1,-1,5,0.80,7,16,-1,-1,19,PM25
87t,2026-09-01,05:00,24,14.4,-1,-1,-1,-1,-1,-1,0,0,-1,-1,24,PM25
88t,2026-09-01,05:00,17,9.9,10,20,-1,-1,-1,-1,1,2,-1,-1,17,PM25
90t,2026-09-01,05:00,13,7.6,7,13,-1,-1,-1,-1,-1,-1,-1,-1,13,PM25
91t,2026-09-01,05:00,16,9.8,-1,-1,-1,-1,-1,-1,-1,-1,-1,-1,16,PM25
92t,2026-09-01,05:00,18,10.8,10,19,-1,-1,-1,-1,-1,-1,-1,-1,18,PM25
93t,2026-09-01,05:00,18,10.5,13,25,-1,-1,1,0.20,2,4,0,0,18,PM25
96t,2026-09-01,05:00,13,7.5,9,18,-1,-1,5,0.80,-1,-1,-1,-1,13,PM25
97t,2026-09-01,05:00,10,6.0,6,12,11,16,0,0.00,0,1,1,3,11,O3
98t,2026-09-01,05:00,19,11.2,11,22,10,14,1,0.20,-1,-1,0,0,19,PM25
99t,2026-09-01,05:00,17,9.9,10,20,9,13,1,0.20,2,5,1,4,17,PM25
bkp100t,2026-09-01,05:00,19,11.1,-999,-1,-999,-1,-999,-1,-999,-1,-999,-1,19,PM25
bkp101t,2026-09-01,05:00,26,15.1,13,26,-999,-1,-999,-1,-999,-1,-999,-1,26,PM25
bkp102t,2026-09-01,05:00,24,14.4,30,56,-999,-1,-999,-1,-999,-1,-999,-1,30,PM10
bkp103t,2026-09-01,05:00,26,15.2,-999,-1,-999,-1,-999,-1,-999,-1,-999,-1,26,PM25
bkp104t,2026-09-01,05:00,27,15.4,19,37,-999,-1,-999,-1,-999,-1,-999,-1,27,PM25
bkp105t,2026-09-01,05:00,48,24.0,-999,-1,-999,-1,-999,-1,-999,-1,-999,-1,48,PM25
bkp114t,2026-09-01,05:00,18,10.9,-999,-1,-999,-1,-999,-1,-999,-1,-999,-1,18,PM25
bkp115t,2026-09-01,05:00,18,10.9,-999,-1,-999,-1,-999,-1,-999,-1,-999,-1,18,PM25
bkp116t,2026-09-01,05:00,19,11.6,-999,-1,-999,-1,-999,-1,-999,-1,-999,-1,19,PM25
bkp117t,2026-09-01,05:00,22,13.1,-999,-1,-999,-1,-999,-1,-999,-1,-999,-1,22,PM25
bkp118t,2026-09-01,05:00,32,17.7,-999,-1,-999,-1,-999,-1,-999,-1,-999,-1,32,PM25
bkp119t,2026-09-01,05:00,22,12.9,-999,-1,-999,-1,-999,-1,-999,-1,-999,-1,22,PM25
bkp120t,2026-09-01,05:00,21,12.5,-999,-1,-999,-1,-999,-1,-999,-1,-999,-1,21,PM25
bkp121t,2026-09-01,05:00,22,13.3,-999,-1,-999,-1,-999,-1,-999,-1,-999,-1,22,PM25
bkp122t,2026-09-01,05:00,19,11.4,-999,-1,-999,-1,-999,-1,-999,-1,-999,-1,19,PM25
bkp123t,2026-09-01,05:00,17,10.4,-999,-1,-999,-1,-999,-1,-999,-1,-999,-1,17,PM25
bkp124t,2026-09-01,05:00,32,17.4,-999,-1,-999,-1,-999,-1,-999,-1,-999,-1,32,PM25
bkp126t,2026-09-01,05:00,29,16.3,-999,-1,-999,-1,-999,-1,-999,-1,-999,-1,29,PM25
bkp127t,2026-09-01,05:00,42,21.9,-999,-1,-999,-1,-999,-1,-999,-1,-999,-1,42,PM25
bkp128t,2026-09-01,05:00,23,13.5,-999,-1,-999,-1,-999,-1,-999,-1,-999,-1,23,PM25
bkp129t,2026-09-01,05:00,21,12.4,-999,-1,-999,-1,-999,-1,-999,-1,-999,-1,21,PM25
bkp130t,2026-09-01,05:00,17,10.4,-999,-1,-999,-1,-999,-1,-999,-1,-999,-1,17,PM25
bkp131t,2026-09-01,05:00,34,18.4,-999,-1,-999,-1,-999,-1,-999,-1,-999,-1,34,PM25
bkp133t,2026-09-01,05:00,22,13.0,-999,-1,-999,-1,-999,-1,-999,-1,-999,-1,22,PM25
bkp56t,2026-09-01,05:00,30,16.6,37,64,-999,-1,-999,-1,-999,-1,-999,-1,37,PM10
bkp57t,2026-09-01,05:00,30,16.6,25,49,-999,-1,-999,-1,-999,-1,-999,-1,30,PM25
bkp58t,2026-09-01,05:00,47,23.8,41,69,-999,-1,-999,-1,-999,-1,-999,-1,47,PM25
bkp59t,2026-09-01,05:00,30,16.9,23,46,-999,-1,-999,-1,-999,-1,-999,-1,30,PM25
bkp60t,2026-09-01,05:00,22,13.3,24,47,-999,-1,-999,-1,-999,-1,-999,-1,24,PM10
bkp61t,2026-09-01,05:00,25,15.0,16,32,-999,-1,-999,-1,-999,-1,-999,-1,25,PM25
bkp62t,2026-09-01,05:00,44,22.6,-999,-1,-999,-1,-999,-1,-999,-1,-999,-1,44,PM25
bkp63t,2026-09-01,05:00,27,15.6,-999,-1,-999,-1,-999,-1,-999,-1,-999,-1,27,PM25
bkp64t,2026-09-01,05:00,44,22.4,-999,-1,-999,-1,-999,-1,-999,-1,-999,-1,44,PM25
bkp65t,2026-09-01,05:00,35,18.7,-999,-1,-999,-1,-999,-1,-999,-1,-999,-1,35,PM25
bkp66t,2026-09-01,05:00,39,20.4,-999,-1,-999,-1,-999,-1,-999,-1,-999,-1,39,PM25
bkp67t,2026-09-01,05:00,34,18.4,-999,-1,-999,-1,-999,-1,-999,-1,-999,-1,34,PM25
bkp69t,2026-09-01,05:00,32,17.4,-999,-1,-999,-1,-999,-1,-999,-1,-999,-1,32,PM25
bkp70t,2026-09-01,05:00,21,12.8,21,41,-999,-1,-999,-1,-999,-1,-999,-1,21,PM25
bkp71t,2026-09-01,05:00,24,14.6,21,41,-999,-1,-999,-1,-999,-1,-999,-1,24,PM25
bkp72t,2026-09-01,05:00,46,23.5,32,58,-999,-1,-999,-1,-999,-1,-999,-1,46,PM25
bkp73t,2026-09-01,05:00,24,14.4,-999,-1,-999,-1,-999,-1,-999,-1,-999,-1,24,PM25
bkp74t,2026-09-01,05:00,17,10.0,13,26,-999,-1,-999,-1,-999,-1,-999,-1,17,PM25
bkp75t,2026-09-01,05:00,28,16.0,21,41,-999,-1,-999,-1,-999,-1,-999,-1,28,PM25
bkp76t,2026-09-01,05:00,22,12.9,-999,-1,-999,-1,-999,-1,-999,-1,-999,-1,22,PM25
bkp77t,2026-09-01,05:00,20,11.7,18,35,-999,-1,-999,-1,-999,-1,-999,-1,20,PM25
bkp78t,2026-09-01,05:00,51,25.1,-999,-1,-999,-1,-999,-1,-999,-1,-999,-1,51,PM25
bkp79t,2026-09-01,05:00,34,18.4,19,37,-999,-1,-999,-1,-999,-1,-999,-1,34,PM25
bkp80t,2026-09-01,05:00,33,17.8,46,75,-999,-1,-999,-1,-999,-1,-999,-1,46,PM10
bkp81t,2026-09-01,05:00,54,25.9,42,70,-999,-1,-999,-1,-999,-1,-999,-1,54,PM25
bkp82t,2026-09-01,05:00,30,16.6,-999,-1,-999,-1,-999,-1,-999,-1,-999,-1,30,PM25
bkp83t,2026-09-01,05:00,21,12.6,-999,-1,-999,-1,-999,-1,-999,-1,-999,-1,21,PM25
bkp84t,2026-09-01,05:00,41,21.4,23,46,-999,-1,-999,-1,-999,-1,-999,-1,41,PM25
bkp85t,2026-09-01,05:00,34,18.3,-999,-1,-999,-1,-999,-1,-999,-1,-999,-1,34,PM25
bkp86t,2026-09-01,05:00,30,16.6,19,38,-999,-1,-999,-1,-999,-1,-999,-1,30,PM25
bkp87t,2026-09-01,05:00,28,16.1,18,35,-999,-1,-999,-1,-999,-1,-999,-1,28,PM25
bkp88t,2026-09-01,05:00,37,19.7,-999,-1,-999,-1,-999,-1,-999,-1,-999,-1,37,PM25
bkp89t,2026-09-01,05:00,45,23.0,35,62,-999,-1,-999,-1,-999,-1,-999,-1,45,PM25
bkp90t,2026-09-01,05:00,45,22.8,32,58,-999,-1,-999,-1,-999,-1,-999,-1,45,PM25
bkp91t,2026-09-01,05:00,21,12.5,20,40,-999,-1,-999,-1,-999,-1,-999,-1,21,PM25
bkp92t,2026-09-01,05:00,39,20.5,-999,-1,-999,-1,-999,-1,-999,-1,-999,-1,39,PM25
bkp93t,2026-09-01,05:00,21,12.3,20,39,-999,-1,-999,-1,-999,-1,-999,-1,21,PM25
bkp94t,2026-09-01,05:00,37,19.5,-999,-1,-999,-1,-999,-1,-999,-1,-999,-1,37,PM25
bkp95t,2026-09-01,05:00,30,16.9,-999,-1,-999,-1,-999,-1,-999,-1,-999,-1,30,PM25
bkp96t,2026-09-01,05:00,26,15.1,17,33,-999,-1,-999,-1,-999,-1,-999,-1,26,PM25
bkp97t,2026-09-01,05:00,30,16.8,-999,-1,-999,-1,-999,-1,-999,-1,-999,-1,30,PM25
bkp98t,2026-09-01,05:00,44,22.5,-999,-1,-999,-1,-999,-1,-999,-1,-999,-1,44,PM25
bkp99t,2026-09-01,05:00,25,14.7,14,28,-999,-1,-999,-1,-999,-1,-999,-1,25,PM25
o10,2026-09-01,05:00,23,14.0,-999,-1,-999,-1,-999,-1,-999,-1,-999,-1,23,PM25
o61,2026-09-01,05:00,18,10.6,-999,-1,-999,-1,-999,-1,-999,-1,-999,-1,18,PM25
o63,2026-09-01,05:00,16,9.6,-999,-1,-999,-1,-999,-1,-999,-1,-999,-1,16,PM25
02t,2026-09-01,08:00,24,14.5,-1,-1,-1,-1,-1,-1,-1,-1,-1,-1,24,PM25
03t,2026-09-01,08:00,35,18.8,-1,-1,-1,-1,-1,-1,-1,-1,-999,-1,35,PM25
05t,2026-09-01,08:00,26,15.2,-1,-1,-1,-1,-1,-1,-1,-1,-1,-1,26,PM25
08t,2026-09-01,08:00,36,19.3,-1,-1,-1,-1,-1,-1,-1,-1,-1,-1,36,PM25
100t,2026-09-01,08:00,23,13.9,18,35,4,6,1,0.10,6,14,0,0,23,PM25
101t,2026-09-01,08:00,14,8.4,10,19,-1,-1,20,3.60,1,3,0,1,20,CO
102t,2026-09-01,08:00,20,12.1,11,22,-1,-1,-1,-1,-1,-1,1,4,20,PM25
103t,2026-09-01,08:00,12,6.9,16,31,-1,-1,1,0.10,4,10,0,0,16,PM10
104t,2026-09-01,08:00,16,9.6,-1,-1,6,8,1,0.10,1,3,0,0,16,PM25
105t,2026-09-01,08:00,17,10.2,-999,-1,1,2,2,0.30,4,9,0,0,17,PM25
106t,2026-09-01,08:00,9,5.6,-999,-1,4,6,2,0.30,0,1,0,0,9,PM25
107t,2026-09-01,08:00,14,8.2,-1,-1,15,21,3,0.60,2,4,0,0,15,O3
108t,2026-09-01,08:00,22,12.9,-1,-1,12,17,12,2.10,0,1,1,2,22,PM25
109t,2026-09-01,08:00,12,7.1,-1,-1,14,19,1,0.10,1,3,1,3,14,O3
110t,2026-09-01,08:00,13,7.8,-999,-1,19,26,1,0.20,2,5,0,0,19,O3
111t,2026-09-01,08:00,11,6.6,-999,-1,10,14,1,0.10,0,1,0,0,11,PM25
112t,2026-09-01,08:00,9,5.2,-999,-1,14,20,0,0.00,-1,-1,-1,-1,14,O3
113t,2026-09-01,08:00,14,8.2,9,18,24,33,1,0.10,0,0,0,0,24,O3
114t,2026-09-01,08:00,11,6.6,9,17,18,25,2,0.40,2,4,0,1,18,O3
115t,2026-09-01,08:00,14,8.2,9,18,5,7,1,0.20,1,2,0,1,14,PM25
116t,2026-09-01,08:00,14,8.6,11,22,9,13,1,0.10,2,4,0,0,14,PM25
117t,2026-09-01,08:00,19,11.1,-999,-1,4,6,1,0.20,3,8,-1,-1,19,PM25
118t,2026-09-01,08:00,15,8.9,-1,-1,3,4,-1,-1,3,8,0,0,15,PM25
119t,2026-09-01,08:00,15,9.0,-1,-1,4,5,8,1.40,2,4,1,2,15,PM25
120t,2026-09-01,08:00,18,10.7,-1,-1,6,9,3,0.60,1,3,0,0,18,PM25
121t,2026-09-01,08:00,23,13.7,-1,-1,7,10,2,0.40,2,5,0,0,23,PM25
12t,2026-09-01,08:00,26,15.1,-1,-1,-1,-1,-1,-1,-1,-1,-1,-1,26,PM25
13t,2026-09-01,08:00,11,6.6,12,23,2,3,2,0.40,-1,-1,-1,-1,12,PM10
14t,2026-09-01,08:00,35,18.8,-1,-1,3,4,3,0.50,6,15,1,3,35,PM25
16t,2026-09-01,08:00,26,15.2,13,25,-1,-1,-1,-1,-1,-1,-1,-1,26,PM25
17t,2026-09-01,08:00,30,16.6,-1,-1,-1,-1,-1,-1,-1,-1,-1,-1,30,PM25
18t,2026-09-01,08:00,47,23.9,-1,-1,-1,-1,-1,-1,-1,-1,-1,-1,47,PM25
19t,2026-09-01,08:00,30,16.8,-1,-1,-1,-1,-1,-1,-1,-1,-1,-1,30,PM25
20t,2026-09-01,08:00,38,20.0,16,31,-1,-1,-1,-1,-1,-1,-1,-1,38,PM25
21t,2026-09-01,08:00,15,9.1,-1,-1,-1,-1,-1,-1,-1,-1,-1,-1,15,PM25
22t,2026-09-01,08:00,17,10.4,12,23,-1,-1,-1,-1,-1,-1,-1,-1,17,PM25
24t,2026-09-01,08:00,31,17.1,31,57,-1,-1,-1,-1,-1,-1,-1,-1,31,PM10
25t,2026-09-01,08:00,20,11.8,12,24,-1,-1,-999,-1,-1,-1,-999,-1,20,PM25
26t,2026-09-01,08:00,30,16.7,-1,-1,-1,-1,-1,-1,-1,-1,-1,-1,30,PM25
27t,2026-09-01,08:00,42,21.7,-1,-1,-1,-1,-999,-1,-1,-1,-1,-1,42,PM25
28t,2026-09-01,08:00,43,22.1,-1,-1,-1,-1,-1,-1,-1,-1,-1,-1,43,PM25
29t,2026-09-01,08:00,26,15.3,28,54,-1,-1,-1,-1,-1,-1,-1,-1,28,PM10
30t,2026-09-01,08:00,24,14.3,22,44,6,8,1,0.20,0,1,0,0,24,PM25
31t,2026-09-01,08:00,95,36.3,-1,-1,-1,-1,-1,-1,-1,-1,-1,-1,95,PM25
33t,2026-09-01,08:00,20,12.2,-1,-1,-1,-1,-999,-1,-1,-1,-999,-1,20,PM25
34t,2026-09-01,08:00,59,27.2,-1,-1,-1,-1,-1,-1,-1,-1,-999,-1,59,PM25
35t,2026-09-01,08:00,27,15.6,-1,-1,-1,-1,-1,-1,-1,-1,-1,-1,27,PM25
36t,2026-09-01,08:00,15,9.2,-1,-1,-999,-1,-1,-1,-1,-1,-1,-1,15,PM25
37t,2026-09-01,08:00,16,9.3,-1,-1,-1,-1,-1,-1,-1,-1,-1,-1,16,PM25
38t,2026-09-01,08:00,15,8.9,-1,-1,6,8,2,0.30,1,2,0,0,15,PM25
39t,2026-09-01,08:00,15,8.8,-1,-1,-1,-1,-999,-1,-1,-1,0,0,15,PM25
40t,2026-09-01,08:00,15,9.1,-1,-1,-1,-1,-999,-1,-1,-1,-1,-1,15,PM25
41t,2026-09-01,08:00,15,9.2,-1,-1,-1,-1,-1,-1,-1,-1,-1,-1,15,PM25
42t,2026-09-01,08:00,18,10.9,-1,-1,-1,-1,-1,-1,-1,-1,-1,-1,18,PM25
43t,2026-09-01,08:00,19,11.1,-1,-1,-1,-1,-1,-1,-1,-1,-1,-1,19,PM25
44t,2026-09-01,08:00,19,11.3,-1,-1,-1,-1,-1,-1,-1,-1,-1,-1,19,PM25
46t,2026-09-01,08:00,25,14.9,-1,-1,-1,-1,-1,-1,-1,-1,-1,-1,25,PM25
47t,2026-09-01,08:00,31,17.0,-1,-1,-1,-1,-1,-1,-1,-1,-1,-1,31,PM25
50t,2026-09-01,08:00,34,18.4,-1,-1,-999,-1,-1,-1,-1,-1,-999,-1,34,PM25
52t,2026-09-01,08:00,34,18.3,-1,-1,-1,-1,-1,-1,-1,-1,-1,-1,34,PM25
53t,2026-09-01,08:00,33,18.1,-1,-1,-999,-1,-1,-1,-1,-1,-999,-1,33,PM25
54t,2026-09-01,08:00,35,19.0,-1,-1,-1,-1,0,0.00,-1,-1,-1,-1,35,PM25
57t,2026-09-01,08:00,14,8.3,14,28,-1,-1,-1,-1,-1,-1,-999,-1,14,PM10
58t,2026-09-01,08:00,12,7.2,8,15,-1,-1,-1,-1,-1,-1,-999,-1,12,PM25
59t,2026-09-01,08:00,23,13.6,13,26,9,12,2,0.30,6,14,-999,-1,23,PM25
60t,2026-09-01,08:00,30,16.8,-1,-1,-1,-1,-999,-1,-1,-1,-1,-1,30,PM25
61t,2026-09-01,08:00,25,14.7,-1,-1,-1,-1,-999,-1,-1,-1,-1,-1,25,PM25
62t,2026-09-01,08:00,24,14.2,-1,-1,-1,-1,-1,-1,-1,-1,-999,-1,24,PM25
63t,2026-09-01,08:00,24,14.1,-1,-1,-1,-1,-1,-1,-1,-1,-999,-1,24,PM25
67t,2026-09-01,08:00,35,18.9,-1,-1,-1,-1,-1,-1,-1,-1,-1,-1,35,PM25
68t,2026-09-01,08:00,17,10.0,10,19,-1,-1,-1,-1,-1,-1,-1,-1,17,PM25
69t,2026-09-01,08:00,16,9.4,-1,-1,-1,-1,-1,-1,-1,-1,-1,-1,16,PM25
70t,2026-09-01,08:00,16,9.8,-1,-1,-1,-1,-1,-1,-1,-1,-999,-1,16,PM25
71t,2026-09-01,08:00,10,6.0,9,17,9,12,0,0.00,3,6,3,10,10,PM25
72t,2026-09-01,08:00,14,8.4,10,19,-1,-1,-1,-1,0,0,-1,-1,14,PM25
73t,2026-09-01,08:00,22,12.9,-1,-1,-1,-1,-1,-1,-1,-1,-1,-1,22,PM25
74t,2026-09-01,08:00,40,20.9,-1,-1,-1,-1,-1,-1,-1,-1,-1,-1,40,PM25
75t,2026-09-01,08:00,16,9.8,-1,-1,-1,-1,-1,-1,0,0,2,9,16,PM25
76t,2026-09-01,08:00,16,9.3,-1,-1,-1,-1,-1,-1,-1,-1,-999,-1,16,PM25
77t,2026-09-01,08:00,28,16.1,15,29,-1,-1,-999,-1,-1,-1,-1,-1,28,PM25
78t,2026-09-01,08:00,23,13.7,-1,-1,-999,-1,-999,-1,-999,-1,-999,-1,23,PM25
79t,2026-09-01,08:00,32,17.4,-1,-1,-1,-1,-1,-1,-1,-1,-1,-1,32,PM25
80t,2026-09-01,08:00,18,10.8,-1,-1,-1,-1,-1,-1,-1,-1,-1,-1,18,PM25
81t,2026-09-01,08:00,25,14.8,-1,-1,-1,-1,-1,-1,-1,-1,-1,-1,25,PM25
82t,2026-09-01,08:00,22,13.3,15,29,-1,-1,1,0.20,2,4,-1,-1,22,PM25
83t,2026-09-01,08:00,11,6.7,8,16,-1,-1,-1,-1,-1,-1,-1,-1,11,PM25
84t,2026-09-01,08:00,25,14.7,17,34,-1,-1,-1,-1,-1,-1,-1,-1,25,PM25
85t,2026-09-01,08:00,17,10.3,-1,-1,-1,-1,-1,-1,-1,-1,-1,-1,17,PM25
86t,2026-09-01,08:00,18,10.7,11,22,-1,-1,5,0.90,8,19,-1,-1,18,PM25
87t,2026-09-01,08:00,24,14.6,-1,-1,-1,-1,-1,-1,0,0,-1,-1,24,PM25
88t,2026-09-01,08:00,16,9.5,10,19,-1,-1,-1,-1,2,5,-1,-1,16,PM25
89t,2026-09-01,08:00,18,10.8,12,23,-1,-1,-1,-1,-1,-1,-1,-1,18,PM25
90t,2026-09-01,08:00,12,7.4,6,12,-1,-1,-1,-1,-1,-1,-1,-1,12,PM25
91t,2026-09-01,08:00,15,9.1,-1,-1,-1,-1,-1,-1,-1,-1,-1,-1,15,PM25
92t,2026-09-01,08:00,17,10.0,10,20,-1,-1,-1,-1,-1,-1,-1,-1,17,PM25
93t,2026-09-01,08:00,18,10.6,12,24,-1,-1,1,0.20,3,6,0,0,18,PM25
94t,2026-09-01,08:00,17,10.1,10,19,-1,-1,-1,-1,-1,-1,-1,-1,17,PM25
95t,2026-09-01,08:00,11,6.7,7,14,-1,-1,-1,-1,-1,-1,-1,-1,11,PM25
96t,2026-09-01,08:00,13,7.8,10,19,-1,-1,5,0.80,1,2,0,1,13,PM25
97t,2026-09-01,08:00,10,6.1,7,13,11,15,0,0.00,3,7,1,3,11,O3
98t,2026-09-01,08:00,17,10.1,10,20,8,11,2,0.30,-1,-1,0,1,17,PM25
99t,2026-09-01,08:00,16,9.7,11,21,8,11,1,0.20,1,3,1,4,16,PM25
bkp100t,2026-09-01,08:00,19,11.3,-999,-1,-999,-1,-999,-1,-999,-1,-999,-1,19,PM25
bkp101t,2026-09-01,08:00,26,15.1,14,28,-999,-1,-999,-1,-999,-1,-999,-1,26,PM25
bkp102t,2026-09-01,08:00,24,14.5,28,54,-999,-1,-999,-1,-999,-1,-999,-1,28,PM10
bkp103t,2026-09-01,08:00,24,14.3,-999,-1,-999,-1,-999,-1,-999,-1,-999,-1,24,PM25
bkp104t,2026-09-01,08:00,24,14.5,18,35,-999,-1,-999,-1,-999,-1,-999,-1,24,PM25
bkp105t,2026-09-01,08:00,47,23.8,-999,-1,-999,-1,-999,-1,-999,-1,-999,-1,47,PM25
bkp114t,2026-09-01,08:00,19,11.2,-999,-1,-999,-1,-999,-1,-999,-1,-999,-1,19,PM25
bkp115t,2026-09-01,08:00,17,10.4,-999,-1,-999,-1,-999,-1,-999,-1,-999,-1,17,PM25
bkp116t,2026-09-01,08:00,18,11.0,-999,-1,-999,-1,-999,-1,-999,-1,-999,-1,18,PM25
bkp117t,2026-09-01,08:00,22,13.1,-999,-1,-999,-1,-999,-1,-999,-1,-999,-1,22,PM25
bkp118t,2026-09-01,08:00,33,18.1,-999,-1,-999,-1,-999,-1,-999,-1,-999,-1,33,PM25
bkp119t,2026-09-01,08:00,22,13.3,-999,-1,-999,-1,-999,-1,-999,-1,-999,-1,22,PM25
bkp120t,2026-09-01,08:00,19,11.4,-999,-1,-999,-1,-999,-1,-999,-1,-999,-1,19,PM25
bkp121t,2026-09-01,08:00,24,14.2,-999,-1,-999,-1,-999,-1,-999,-1,-999,-1,24,PM25
bkp122t,2026-09-01,08:00,19,11.6,-999,-1,-999,-1,-999,-1,-999,-1,-999,-1,19,PM25
bkp123t,2026-09-01,08:00,16,9.3,-999,-1,-999,-1,-999,-1,-999,-1,-999,-1,16,PM25
bkp124t,2026-09-01,08:00,31,17.2,-999,-1,-999,-1,-999,-1,-999,-1,-999,-1,31,PM25
bkp125t,2026-09-01,08:00,19,11.2,-999,-1,-999,-1,-999,-1,-999,-1,-999,-1,19,PM25
bkp126t,2026-09-01,08:00,28,15.8,-999,-1,-999,-1,-999,-1,-999,-1,-999,-1,28,PM25
bkp127t,2026-09-01,08:00,42,21.8,-999,-1,-999,-1,-999,-1,-999,-1,-999,-1,42,PM25
bkp128t,2026-09-01,08:00,22,13.3,-999,-1,-999,-1,-999,-1,-999,-1,-999,-1,22,PM25
bkp129t,2026-09-01,08:00,23,13.9,-999,-1,-999,-1,-999,-1,-999,-1,-999,-1,23,PM25
bkp130t,2026-09-01,08:00,17,10.3,-999,-1,-999,-1,-999,-1,-999,-1,-999,-1,17,PM25
bkp131t,2026-09-01,08:00,36,19.3,-999,-1,-999,-1,-999,-1,-999,-1,-999,-1,36,PM25
bkp133t,2026-09-01,08:00,21,12.7,-999,-1,-999,-1,-999,-1,-999,-1,-999,-1,21,PM25
bkp56t,2026-09-01,08:00,32,17.7,38,66,-999,-1,-999,-1,-999,-1,-999,-1,38,PM10
bkp57t,2026-09-01,08:00,29,16.5,24,47,-999,-1,-999,-1,-999,-1,-999,-1,29,PM25
bkp58t,2026-09-01,08:00,50,24.8,43,71,-999,-1,-999,-1,-999,-1,-999,-1,50,PM25
bkp59t,2026-09-01,08:00,30,16.9,23,45,-999,-1,-999,-1,-999,-1,-999,-1,30,PM25
bkp60t,2026-09-01,08:00,21,12.8,23,46,-999,-1,-999,-1,-999,-1,-999,-1,23,PM10
bkp61t,2026-09-01,08:00,26,15.1,16,31,-999,-1,-999,-1,-999,-1,-999,-1,26,PM25
bkp62t,2026-09-01,08:00,48,24.3,-999,-1,-999,-1,-999,-1,-999,-1,-999,-1,48,PM25
bkp63t,2026-09-01,08:00,25,15.0,-999,-1,-999,-1,-999,-1,-999,-1,-999,-1,25,PM25
bkp64t,2026-09-01,08:00,45,22.8,-999,-1,-999,-1,-999,-1,-999,-1,-999,-1,45,PM25
bkp65t,2026-09-01,08:00,36,19.3,-999,-1,-999,-1,-999,-1,-999,-1,-999,-1,36,PM25
bkp66t,2026-09-01,08:00,37,19.8,-999,-1,-999,-1,-999,-1,-999,-1,-999,-1,37,PM25
bkp67t,2026-09-01,08:00,35,18.8,-999,-1,-999,-1,-999,-1,-999,-1,-999,-1,35,PM25
bkp69t,2026-09-01,08:00,34,18.6,-999,-1,-999,-1,-999,-1,-999,-1,-999,-1,34,PM25
bkp70t,2026-09-01,08:00,22,13.3,21,42,-999,-1,-999,-1,-999,-1,-999,-1,22,PM25
bkp71t,2026-09-01,08:00,22,13.4,19,37,-999,-1,-999,-1,-999,-1,-999,-1,22,PM25
bkp72t,2026-09-01,08:00,46,23.4,38,66,-999,-1,-999,-1,-999,-1,-999,-1,46,PM25
bkp73t,2026-09-01,08:00,22,12.9,-999,-1,-999,-1,-999,-1,-999,-1,-999,-1,22,PM25
bkp74t,2026-09-01,08:00,15,8.7,13,26,-999,-1,-999,-1,-999,-1,-999,-1,15,PM25
bkp75t,2026-09-01,08:00,29,16.3,23,45,-999,-1,-999,-1,-999,-1,-999,-1,29,PM25
bkp76t,2026-09-01,08:00,22,13.4,-999,-1,-999,-1,-999,-1,-999,-1,-999,-1,22,PM25
bkp77t,2026-09-01,08:00,20,11.7,17,33,-999,-1,-999,-1,-999,-1,-999,-1,20,PM25
bkp78t,2026-09-01,08:00,55,26.0,-999,-1,-999,-1,-999,-1,-999,-1,-999,-1,55,PM25
bkp79t,2026-09-01,08:00,35,18.7,19,37,-999,-1,-999,-1,-999,-1,-999,-1,35,PM25
bkp80t,2026-09-01,08:00,38,19.9,49,79,-999,-1,-999,-1,-999,-1,-999,-1,49,PM10
bkp81t,2026-09-01,08:00,53,25.5,43,72,-999,-1,-999,-1,-999,-1,-999,-1,53,PM25
bkp82t,2026-09-01,08:00,29,16.5,-999,-1,-999,-1,-999,-1,-999,-1,-999,-1,29,PM25
bkp83t,2026-09-01,08:00,22,13.3,-999,-1,-999,-1,-999,-1,-999,-1,-999,-1,22,PM25
bkp84t,2026-09-01,08:00,37,19.8,22,43,-999,-1,-999,-1,-999,-1,-999,-1,37,PM25
bkp85t,2026-09-01,08:00,33,18.0,-999,-1,-999,-1,-999,-1,-999,-1,-999,-1,33,PM25
bkp86t,2026-09-01,08:00,28,16.1,18,36,-999,-1,-999,-1,-999,-1,-999,-1,28,PM25
bkp87t,2026-09-01,08:00,29,16.3,17,34,-999,-1,-999,-1,-999,-1,-999,-1,29,PM25
bkp88t,2026-09-01,08:00,35,18.8,-999,-1,-999,-1,-999,-1,-999,-1,-999,-1,35,PM25
bkp89t,2026-09-01,08:00,45,23.0,33,59,-999,-1,-999,-1,-999,-1,-999,-1,45,PM25
bkp90t,2026-09-01,08:00,44,22.4,30,56,-999,-1,-999,-1,-999,-1,-999,-1,44,PM25
bkp91t,2026-09-01,08:00,23,13.5,20,40,-999,-1,-999,-1,-999,-1,-999,-1,23,PM25
bkp92t,2026-09-01,08:00,39,20.3,-999,-1,-999,-1,-999,-1,-999,-1,-999,-1,39,PM25
bkp93t,2026-09-01,08:00,20,12.0,19,38,-999,-1,-999,-1,-999,-1,-999,-1,20,PM25
bkp94t,2026-09-01,08:00,36,19.1,-999,-1,-999,-1,-999,-1,-999,-1,-999,-1,36,PM25
bkp95t,2026-09-01,08:00,29,16.4,-999,-1,-999,-1,-999,-1,-999,-1,-999,-1,29,PM25
bkp96t,2026-09-01,08:00,25,14.9,16,31,-999,-1,-999,-1,-999,-1,-999,-1,25,PM25
bkp97t,2026-09-01,08:00,28,15.8,-999,-1,-999,-1,-999,-1,-999,-1,-999,-1,28,PM25
bkp98t,2026-09-01,08:00,43,22.1,-999,-1,-999,-1,-999,-1,-999,-1,-999,-1,43,PM25
bkp99t,2026-09-01,08:00,24,14.3,14,27,-999,-1,-999,-1,-999,-1,-999,-1,24,PM25
o10,2026-09-01,08:00,25,14.7,-999,-1,-999,-1,-999,-1,-999,-1,-999,-1,25,PM25
o61,2026-09-01,08:00,18,11.0,-999,-1,-999,-1,-999,-1,-999,-1,-999,-1,18,PM25
o63,2026-09-01,08:00,16,9.5,-999,-1,-999,-1,-999,-1,-999,-1,-999,-1,16,PM25
52t,2026-09-01,10:00,34,18.5,-1,-1,-1,-1,-1,-1,-1,-1,-1,-1,34,PM25
03t,2026-09-01,12:00,37,19.5,-1,-1,-1,-1,-1,-1,-1,-1,-999,-1,37,PM25
05t,2026-09-01,12:00,28,15.9,-1,-1,-1,-1,-1,-1,-1,-1,-1,-1,28,PM25
12t,2026-09-01,12:00,28,15.8,-1,-1,-1,-1,-1,-1,-1,-1,-1,-1,28,PM25
19t,2026-09-01,12:00,33,18.1,-1,-1,-1,-1,-1,-1,-1,-1,-1,-1,33,PM25
37t,2026-09-01,12:00,15,9.2,-1,-1,-1,-1,-1,-1,-1,-1,-1,-1,15,PM25
38t,2026-09-01,12:00,15,8.8,-1,-1,11,16,2,0.30,0,1,0,0,15,PM25
39t,2026-09-01,12:00,15,8.7,-1,-1,-1,-1,-999,-1,-1,-1,0,0,15,PM25
41t,2026-09-01,12:00,15,9.1,-1,-1,-1,-1,-1,-1,-1,-1,-1,-1,15,PM25
54t,2026-09-01,12:00,37,19.7,-1,-1,-1,-1,0,0.00,-1,-1,-1,-1,37,PM25
76t,2026-09-01,12:00,15,9.2,-1,-1,-1,-1,-1,-1,-1,-1,-999,-1,15,PM25
02t,2026-09-01,13:00,27,15.4,-1,-1,-1,-1,-1,-1,-1,-1,-1,-1,27,PM25
42t,2026-09-01,13:00,19,11.1,-1,-1,-1,-1,-1,-1,-1,-1,-1,-1,19,PM25
43t,2026-09-01,13:00,19,11.2,-1,-1,-1,-1,-1,-1,-1,-1,-1,-1,19,PM25
44t,2026-09-01,13:00,19,11.5,-1,-1,-1,-1,-1,-1,-1,-1,-1,-1,19,PM25
50t,2026-09-01,13:00,37,19.5,-1,-1,-999,-1,-1,-1,-1,-1,-999,-1,37,PM25
62t,2026-09-01,13:00,24,14.6,-1,-1,-1,-1,-1,-1,-1,-1,-999,-1,24,PM25
63t,2026-09-01,13:00,25,14.7,-1,-1,-1,-1,-1,-1,-1,-1,-999,-1,25,PM25
73t,2026-09-01,13:00,21,12.4,-1,-1,-1,-1,-1,-1,-1,-1,-1,-1,21,PM25
79t,2026-09-01,13:00,29,16.5,-1,-1,-1,-1,-1,-1,-1,-1,-1,-1,29,PM25
80t,2026-09-01,13:00,18,10.9,-1,-1,-1,-1,-1,-1,-1,-1,-1,-1,18,PM25
82t,2026-09-01,13:00,22,13.2,15,30,-1,-1,1,0.20,0,1,-1,-1,22,PM25
89t,2026-09-01,13:00,18,10.9,12,23,-1,-1,-1,-1,-1,-1,-1,-1,18,PM25
08t,2026-09-01,14:00,41,21.4,-1,-1,-1,-1,-1,-1,-1,-1,-1,-1,41,PM25
100t,2026-09-01,14:00,23,13.5,17,33,6,9,1,0.20,2,5,0,0,23,PM25
101t,2026-09-01,14:00,15,8.8,10,20,-1,-1,20,3.50,1,2,0,1,20,CO
102t,2026-09-01,14:00,20,11.7,11,22,-1,-1,-1,-1,-1,-1,1,3,20,PM25
103t,2026-09-01,14:00,15,8.7,16,32,-1,-1,1,0.20,3,7,0,0,16,PM10
104t,2026-09-01,14:00,15,9.1,-1,-1,14,19,1,0.10,0,1,0,0,15,PM25
105t,2026-09-01,14:00,16,9.6,-999,-1,9,12,2,0.40,2,4,0,1,16,PM25
106t,2026-09-01,14:00,9,5.6,-999,-1,10,14,1,0.20,0,1,0,0,10,O3
107t,2026-09-01,14:00,13,7.7,-1,-1,18,25,-1,-1,0,1,0,0,18,O3
108t,2026-09-01,14:00,12,7.4,-1,-1,14,20,12,2.10,0,0,1,2,14,O3
109t,2026-09-01,14:00,12,7.2,-1,-1,14,19,1,0.10,0,1,1,3,14,O3
110t,2026-09-01,14:00,13,7.6,-999,-1,19,26,1,0.20,1,3,0,0,19,O3
111t,2026-09-01,14:00,11,6.8,-999,-1,14,19,1,0.10,0,0,0,0,14,O3
112t,2026-09-01,14:00,9,5.4,-999,-1,9,12,0,0.00,5,13,2,8,9,PM25
113t,2026-09-01,14:00,12,7.2,8,16,24,34,1,0.20,0,0,0,0,24,O3
114t,2026-09-01,14:00,12,7.0,8,16,19,27,2,0.40,1,2,0,1,19,O3
115t,2026-09-01,14:00,13,7.7,9,18,13,18,1,0.20,0,1,0,1,13,PM25
116t,2026-09-01,14:00,14,8.4,12,23,16,22,1,0.10,0,1,0,1,16,O3
117t,2026-09-01,14:00,18,10.7,-999,-1,10,14,1,0.20,1,3,0,1,18,PM25
118t,2026-09-01,14:00,15,8.7,-1,-1,8,11,-1,-1,0,1,0,0,15,PM25
119t,2026-09-01,14:00,15,8.9,-1,-1,10,14,8,1.40,2,5,1,3,15,PM25
120t,2026-09-01,14:00,18,11.0,-1,-1,13,18,3,0.50,1,2,0,0,18,PM25
121t,2026-09-01,14:00,24,14.3,-1,-1,14,19,2,0.30,1,3,0,0,24,PM25
13t,2026-09-01,14:00,12,7.1,12,23,14,19,3,0.50,3,8,-1,-1,14,O3
14t,2026-09-01,14:00,41,21.1,-1,-1,9,13,3,0.50,5,13,1,2,41,PM25
16t,2026-09-01,14:00,32,17.5,14,28,-1,-1,-1,-1,-1,-1,-1,-1,32,PM25
17t,2026-09-01,14:00,31,17.1,-1,-1,-1,-1,-1,-1,-1,-1,-1,-1,31,PM25
18t,2026-09-01,14:00,56,26.3,-1,-1,-1,-1,-1,-1,-1,-1,-1,-1,56,PM25
20t,2026-09-01,14:00,34,18.5,15,30,-1,-1,-1,-1,-1,-1,-1,-1,34,PM25
21t,2026-09-01,14:00,14,8.1,-1,-1,-1,-1,-1,-1,-1,-1,-1,-1,14,PM25
22t,2026-09-01,14:00,18,10.6,12,24,-1,-1,-1,-1,-1,-1,-1,-1,18,PM25
24t,2026-09-01,14:00,30,16.9,32,58,-1,-1,-1,-1,-1,-1,-1,-1,32,PM10
25t,2026-09-01,14:00,20,11.9,12,23,-1,-1,-999,-1,-1,-1,-999,-1,20,PM25
26t,2026-09-01,14:00,31,17.3,-1,-1,-1,-1,-1,-1,-1,-1,-1,-1,31,PM25
27t,2026-09-01,14:00,50,24.8,-1,-1,-1,-1,-999,-1,-1,-1,-1,-1,50,PM25
28t,2026-09-01,14:00,40,20.9,-1,-1,-1,-1,-1,-1,-1,-1,-1,-1,40,PM25
29t,2026-09-01,14:00,24,14.4,28,54,-1,-1,-1,-1,-1,-1,-1,-1,28,PM10
30t,2026-09-01,14:00,22,13.2,22,43,9,13,1,0.20,0,0,0,0,22,PM10
31t,2026-09-01,14:00,108,40.4,-1,-1,-1,-1,-1,-1,-1,-1,-1,-1,108,PM25
33t,2026-09-01,14:00,21,12.6,-1,-1,-1,-1,-999,-1,-1,-1,-999,-1,21,PM25
34t,2026-09-01,14:00,53,25.6,-1,-1,-1,-1,-1,-1,-1,-1,-999,-1,53,PM25
35t,2026-09-01,14:00,24,14.6,-1,-1,-1,-1,-1,-1,-1,-1,-1,-1,24,PM25
36t,2026-09-01,14:00,14,8.1,-1,-1,-999,-1,-1,-1,-1,-1,-1,-1,14,PM25
40t,2026-09-01,14:00,15,8.9,-1,-1,-1,-1,-999,-1,-1,-1,-1,-1,15,PM25
46t,2026-09-01,14:00,23,13.8,-1,-1,-1,-1,-1,-1,-1,-1,-1,-1,23,PM25
47t,2026-09-01,14:00,31,17.1,-1,-1,-1,-1,-1,-1,-1,-1,-1,-1,31,PM25
53t,2026-09-01,14:00,35,18.7,-1,-1,-999,-1,-1,-1,-1,-1,-999,-1,35,PM25
57t,2026-09-01,14:00,13,8.0,13,26,-1,-1,-1,-1,-1,-1,-999,-1,13,PM10
58t,2026-09-01,14:00,11,6.3,7,13,-1,-1,-1,-1,-1,-1,-999,-1,11,PM25
59t,2026-09-01,14:00,23,14.0,14,27,2,3,3,0.50,3,6,-999,-1,23,PM25
60t,2026-09-01,14:00,35,19.0,-1,-1,-1,-1,-999,-1,-1,-1,-1,-1,35,PM25
61t,2026-09-01,14:00,27,15.5,-1,-1,-1,-1,-999,-1,-1,-1,-1,-1,27,PM25
67t,2026-09-01,14:00,34,18.3,-1,-1,-1,-1,-1,-1,-1,-1,-1,-1,34,PM25
68t,2026-09-01,14:00,16,9.6,9,18,-1,-1,-1,-1,-1,-1,-1,-1,16,PM25
69t,2026-09-01,14:00,15,9.1,-1,-1,-1,-1,-1,-1,-1,-1,-1,-1,15,PM25
70t,2026-09-01,14:00,16,9.4,-1,-1,-1,-1,-1,-1,-1,-1,-999,-1,16,PM25
71t,2026-09-01,14:00,11,6.5,8,16,9,12,0,0.00,1,3,3,10,11,PM25
72t,2026-09-01,14:00,14,8.1,10,19,-1,-1,-1,-1,0,0,-1,-1,14,PM25
74t,2026-09-01,14:00,41,21.1,-1,-1,-1,-1,-1,-1,-1,-1,-1,-1,41,PM25
75t,2026-09-01,14:00,17,9.9,-1,-1,-1,-1,-1,-1,0,0,2,9,17,PM25
77t,2026-09-01,14:00,33,17.9,16,31,-1,-1,-999,-1,-1,-1,-1,-1,33,PM25
78t,2026-09-01,14:00,24,14.3,-1,-1,-999,-1,-999,-1,-999,-1,-999,-1,24,PM25
81t,2026-09-01,14:00,24,14.3,-1,-1,-1,-1,-1,-1,-1,-1,-1,-1,24,PM25
83t,2026-09-01,14:00,11,6.6,8,16,-1,-1,-1,-1,-1,-1,-1,-1,11,PM25
84t,2026-09-01,14:00,24,14.4,17,33,-1,-1,-1,-1,-1,-1,-1,-1,24,PM25
85t,2026-09-01,14:00,16,9.5,-1,-1,-1,-1,-1,-1,-1,-1,-1,-1,16,PM25
86t,2026-09-01,14:00,16,9.3,11,22,-1,-1,5,0.90,7,16,-1,-1,16,PM25
87t,2026-09-01,14:00,23,13.9,-1,-1,-1,-1,-1,-1,1,2,-1,-1,23,PM25
88t,2026-09-01,14:00,17,10.1,10,19,-1,-1,-1,-1,2,5,-1,-1,17,PM25
90t,2026-09-01,14:00,11,6.6,6,12,-1,-1,-1,-1,-1,-1,-1,-1,11,PM25
91t,2026-09-01,14:00,15,9.1,-1,-1,-1,-1,-1,-1,-1,-1,-1,-1,15,PM25
92t,2026-09-01,14:00,16,9.8,10,19,-1,-1,-1,-1,-1,-1,-1,-1,16,PM25
93t,2026-09-01,14:00,18,10.9,12,23,-1,-1,1,0.10,1,3,-1,-1,18,PM25
94t,2026-09-01,14:00,16,9.7,10,19,-1,-1,-1,-1,-1,-1,-1,-1,16,PM25
95t,2026-09-01,14:00,9,5.5,7,14,-1,-1,-1,-1,-1,-1,-1,-1,9,PM25
96t,2026-09-01,14:00,14,8.2,10,20,-1,-1,5,0.80,0,1,0,1,14,PM25
97t,2026-09-01,14:00,10,5.8,7,13,11,16,0,0.00,0,1,1,3,11,O3
98t,2026-09-01,14:00,17,9.9,10,20,15,21,2,0.30,-1,-1,0,0,17,PM25
99t,2026-09-01,14:00,15,9.0,10,20,14,20,1,0.20,1,2,1,4,15,PM25
bkp100t,2026-09-01,14:00,20,12.2,-999,-1,-999,-1,-999,-1,-999,-1,-999,-1,20,PM25
bkp101t,2026-09-01,14:00,28,16.0,15,29,-999,-1,-999,-1,-999,-1,-999,-1,28,PM25
bkp102t,2026-09-01,14:00,26,15.2,28,54,-999,-1,-999,-1,-999,-1,-999,-1,28,PM10
bkp103t,2026-09-01,14:00,28,16.1,-999,-1,-999,-1,-999,-1,-999,-1,-999,-1,28,PM25
bkp104t,2026-09-01,14:00,27,15.5,17,34,-999,-1,-999,-1,-999,-1,-999,-1,27,PM25
bkp105t,2026-09-01,14:00,55,26.0,-999,-1,-999,-1,-999,-1,-999,-1,-999,-1,55,PM25
bkp114t,2026-09-01,14:00,20,11.8,-999,-1,-999,-1,-999,-1,-999,-1,-999,-1,20,PM25
bkp115t,2026-09-01,14:00,20,12.0,-999,-1,-999,-1,-999,-1,-999,-1,-999,-1,20,PM25
bkp116t,2026-09-01,14:00,21,12.3,-999,-1,-999,-1,-999,-1,-999,-1,-999,-1,21,PM25
bkp117t,2026-09-01,14:00,22,12.9,-999,-1,-999,-1,-999,-1,-999,-1,-999,-1,22,PM25
bkp118t,2026-09-01,14:00,34,18.4,-999,-1,-999,-1,-999,-1,-999,-1,-999,-1,34,PM25
bkp119t,2026-09-01,14:00,25,14.7,-999,-1,-999,-1,-999,-1,-999,-1,-999,-1,25,PM25
bkp120t,2026-09-01,14:00,20,12.1,-999,-1,-999,-1,-999,-1,-999,-1,-999,-1,20,PM25
bkp121t,2026-09-01,14:00,27,15.6,-999,-1,-999,-1,-999,-1,-999,-1,-999,-1,27,PM25
bkp122t,2026-09-01,14:00,21,12.6,-999,-1,-999,-1,-999,-1,-999,-1,-999,-1,21,PM25
bkp123t,2026-09-01,14:00,18,10.5,-999,-1,-999,-1,-999,-1,-999,-1,-999,-1,18,PM25
bkp124t,2026-09-01,14:00,34,18.3,-999,-1,-999,-1,-999,-1,-999,-1,-999,-1,34,PM25
bkp125t,2026-09-01,14:00,23,13.5,-999,-1,-999,-1,-999,-1,-999,-1,-999,-1,23,PM25
bkp126t,2026-09-01,14:00,32,17.6,-999,-1,-999,-1,-999,-1,-999,-1,-999,-1,32,PM25
bkp127t,2026-09-01,14:00,47,23.8,-999,-1,-999,-1,-999,-1,-999,-1,-999,-1,47,PM25
bkp128t,2026-09-01,14:00,24,14.4,-999,-1,-999,-1,-999,-1,-999,-1,-999,-1,24,PM25
bkp129t,2026-09-01,14:00,24,14.5,-999,-1,-999,-1,-999,-1,-999,-1,-999,-1,24,PM25
bkp130t,2026-09-01,14:00,18,10.6,-999,-1,-999,-1,-999,-1,-999,-1,-999,-1,18,PM25
bkp131t,2026-09-01,14:00,37,19.8,-999,-1,-999,-1,-999,-1,-999,-1,-999,-1,37,PM25
bkp133t,2026-09-01,14:00,24,14.6,-999,-1,-999,-1,-999,-1,-999,-1,-999,-1,24,PM25
bkp56t,2026-09-01,14:00,34,18.4,38,65,-999,-1,-999,-1,-999,-1,-999,-1,38,PM10
bkp57t,2026-09-01,14:00,33,17.8,25,49,-999,-1,-999,-1,-999,-1,-999,-1,33,PM25
bkp58t,2026-09-01,14:00,55,26.0,45,74,-999,-1,-999,-1,-999,-1,-999,-1,55,PM25
bkp59t,2026-09-01,14:00,30,16.8,23,45,-999,-1,-999,-1,-999,-1,-999,-1,30,PM25
bkp60t,2026-09-01,14:00,24,14.2,24,47,-999,-1,-999,-1,-999,-1,-999,-1,24,PM25
bkp61t,2026-09-01,14:00,28,16.0,16,32,-999,-1,-999,-1,-999,-1,-999,-1,28,PM25
bkp62t,2026-09-01,14:00,64,28.3,-999,-1,-999,-1,-999,-1,-999,-1,-999,-1,64,PM25
bkp63t,2026-09-01,14:00,26,15.2,-999,-1,-999,-1,-999,-1,-999,-1,-999,-1,26,PM25
bkp64t,2026-09-01,14:00,48,24.1,-999,-1,-999,-1,-999,-1,-999,-1,-999,-1,48,PM25
bkp65t,2026-09-01,14:00,39,20.3,-999,-1,-999,-1,-999,-1,-999,-1,-999,-1,39,PM25
bkp66t,2026-09-01,14:00,42,21.5,-999,-1,-999,-1,-999,-1,-999,-1,-999,-1,42,PM25
bkp67t,2026-09-01,14:00,37,19.8,-999,-1,-999,-1,-999,-1,-999,-1,-999,-1,37,PM25
bkp69t,2026-09-01,14:00,41,21.1,-999,-1,-999,-1,-999,-1,-999,-1,-999,-1,41,PM25
bkp70t,2026-09-01,14:00,24,14.3,22,43,-999,-1,-999,-1,-999,-1,-999,-1,24,PM25
bkp71t,2026-09-01,14:00,25,15.0,19,37,-999,-1,-999,-1,-999,-1,-999,-1,25,PM25
bkp72t,2026-09-01,14:00,52,25.3,46,75,-999,-1,-999,-1,-999,-1,-999,-1,52,PM25
bkp73t,2026-09-01,14:00,23,13.5,-999,-1,-999,-1,-999,-1,-999,-1,-999,-1,23,PM25
bkp74t,2026-09-01,14:00,15,9.0,12,23,-999,-1,-999,-1,-999,-1,-999,-1,15,PM25
bkp75t,2026-09-01,14:00,34,18.4,25,50,-999,-1,-999,-1,-999,-1,-999,-1,34,PM25
bkp76t,2026-09-01,14:00,24,14.3,-999,-1,-999,-1,-999,-1,-999,-1,-999,-1,24,PM25
bkp77t,2026-09-01,14:00,21,12.7,17,33,-999,-1,-999,-1,-999,-1,-999,-1,21,PM25
bkp78t,2026-09-01,14:00,64,28.5,-999,-1,-999,-1,-999,-1,-999,-1,-999,-1,64,PM25
bkp79t,2026-09-01,14:00,40,20.7,19,37,-999,-1,-999,-1,-999,-1,-999,-1,40,PM25
bkp80t,2026-09-01,14:00,40,20.9,55,84,-999,-1,-999,-1,-999,-1,-999,-1,55,PM10
bkp81t,2026-09-01,14:00,64,28.4,48,78,-999,-1,-999,-1,-999,-1,-999,-1,64,PM25
bkp82t,2026-09-01,14:00,33,17.9,-999,-1,-999,-1,-999,-1,-999,-1,-999,-1,33,PM25
bkp83t,2026-09-01,14:00,25,14.8,-999,-1,-999,-1,-999,-1,-999,-1,-999,-1,25,PM25
bkp84t,2026-09-01,14:00,46,23.4,24,48,-999,-1,-999,-1,-999,-1,-999,-1,46,PM25
bkp85t,2026-09-01,14:00,37,19.8,-999,-1,-999,-1,-999,-1,-999,-1,-999,-1,37,PM25
bkp86t,2026-09-01,14:00,31,17.2,18,36,-999,-1,-999,-1,-999,-1,-999,-1,31,PM25
bkp87t,2026-09-01,14:00,34,18.3,18,35,-999,-1,-999,-1,-999,-1,-999,-1,34,PM25
bkp88t,2026-09-01,14:00,39,20.5,-999,-1,-999,-1,-999,-1,-999,-1,-999,-1,39,PM25
bkp89t,2026-09-01,14:00,48,24.0,32,58,-999,-1,-999,-1,-999,-1,-999,-1,48,PM25
bkp90t,2026-09-01,14:00,47,23.7,30,56,-999,-1,-999,-1,-999,-1,-999,-1,47,PM25
bkp91t,2026-09-01,14:00,24,14.1,21,42,-999,-1,-999,-1,-999,-1,-999,-1,24,PM25
bkp92t,2026-09-01,14:00,41,21.2,-999,-1,-999,-1,-999,-1,-999,-1,-999,-1,41,PM25
bkp93t,2026-09-01,14:00,21,12.6,20,39,-999,-1,-999,-1,-999,-1,-999,-1,21,PM25
bkp94t,2026-09-01,14:00,39,20.4,-999,-1,-999,-1,-999,-1,-999,-1,-999,-1,39,PM25
bkp95t,2026-09-01,14:00,30,16.9,-999,-1,-999,-1,-999,-1,-999,-1,-999,-1,30,PM25
bkp96t,2026-09-01,14:00,26,15.2,14,28,-999,-1,-999,-1,-999,-1,-999,-1,26,PM25
bkp97t,2026-09-01,14:00,27,15.7,-999,-1,-999,-1,-999,-1,-999,-1,-999,-1,27,PM25
bkp98t,2026-09-01,14:00,43,22.2,-999,-1,-999,-1,-999,-1,-999,-1,-999,-1,43,PM25
bkp99t,2026-09-01,14:00,26,15.3,15,29,-999,-1,-999,-1,-999,-1,-999,-1,26,PM25
o10,2026-09-01,14:00,27,15.7,-999,-1,-999,-1,-999,-1,-999,-1,-999,-1,27,PM25
o61,2026-09-01,14:00,19,11.6,-999,-1,-999,-1,-999,-1,-999,-1,-999,-1,19,PM25
o63,2026-09-01,14:00,17,10.1,-999,-1,-999,-1,-999,-1,-999,-1,-999,-1,17,PM25
03t,2026-09-01,15:00,38,20.1,-1,-1,-1,-1,-1,-1,-1,-1,-999,-1,38,PM25
05t,2026-09-01,17:00,29,16.5,-1,-1,-1,-1,-1,-1,-1,-1,-1,-1,29,PM25
100t,2026-09-01,17:00,22,13.1,16,32,8,11,1,0.10,3,8,0,0,22,PM25
12t,2026-09-01,17:00,29,16.4,-1,-1,-1,-1,-1,-1,-1,-1,-1,-1,29,PM25
19t,2026-09-01,17:00,32,17.5,-1,-1,-1,-1,-1,-1,-1,-1,-1,-1,32,PM25
37t,2026-09-01,17:00,15,8.7,-1,-1,-1,-1,-1,-1,-1,-1,-1,-1,15,PM25
38t,2026-09-01,17:00,14,8.4,-1,-1,21,30,2,0.30,0,1,0,0,21,O3
39t,2026-09-01,17:00,14,8.3,-1,-1,-1,-1,-999,-1,-1,-1,0,0,14,PM25
41t,2026-09-01,17:00,15,8.7,-1,-1,-1,-1,-1,-1,-1,-1,-1,-1,15,PM25
54t,2026-09-01,17:00,39,20.4,-1,-1,-1,-1,0,0.00,-1,-1,-1,-1,39,PM25
62t,2026-09-01,17:00,25,14.7,-1,-1,-1,-1,-1,-1,-1,-1,-999,-1,25,PM25
63t,2026-09-01,17:00,25,14.7,-1,-1,-1,-1,-1,-1,-1,-1,-999,-1,25,PM25
76t,2026-09-01,17:00,15,8.8,-1,-1,-1,-1,-1,-1,-1,-1,-999,-1,15,PM25
42t,2026-09-01,18:00,18,11.0,-1,-1,-1,-1,-1,-1,-1,-1,-1,-1,18,PM25
43t,2026-09-01,18:00,19,11.2,-1,-1,-1,-1,-1,-1,-1,-1,-1,-1,19,PM25
44t,2026-09-01,18:00,19,11.4,-1,-1,-1,-1,-1,-1,-1,-1,-1,-1,19,PM25
80t,2026-09-01,18:00,18,10.9,-1,-1,-1,-1,-1,-1,-1,-1,-1,-1,18,PM25
89t,2026-09-01,18:00,18,10.8,11,22,-1,-1,-1,-1,-1,-1,-1,-1,18,PM25
bkp129t,2026-09-01,18:00,24,14.6,-999,-1,-999,-1,-999,-1,-999,-1,-999,-1,24,PM25
bkp133t,2026-09-01,18:00,26,15.1,-999,-1,-999,-1,-999,-1,-999,-1,-999,-1,26,PM25
02t,2026-09-01,19:00,28,15.9,-1,-1,-1,-1,-1,-1,-1,-1,-1,-1,28,PM25
08t,2026-09-01,19:00,41,21.2,-1,-1,-1,-1,-1,-1,-1,-1,-1,-1,41,PM25
101t,2026-09-01,19:00,17,10.4,12,23,-1,-1,19,3.30,3,6,0,1,19,CO
102t,2026-09-01,19:00,19,11.4,11,22,-1,-1,-1,-1,-1,-1,1,3,19,PM25
103t,2026-09-01,19:00,20,12.0,17,33,-1,-1,1,0.20,3,8,0,0,20,PM25
104t,2026-09-01,19:00,16,9.4,-1,-1,21,29,1,0.10,2,4,0,0,21,O3
105t,2026-09-01,19:00,16,9.8,-999,-1,33,40,1,0.10,5,13,0,1,33,O3
106t,2026-09-01,19:00,9,5.4,-999,-1,14,20,2,0.30,1,3,-1,-1,14,O3
107t,2026-09-01,19:00,12,7.4,-1,-1,21,30,-1,-1,4,9,0,0,21,O3
108t,2026-09-01,19:00,12,7.4,-1,-1,17,24,12,2.10,1,2,0,1,17,O3
109t,2026-09-01,19:00,12,7.1,-1,-1,17,24,1,0.10,1,2,1,3,17,O3
110t,2026-09-01,19:00,12,7.3,-999,-1,21,30,1,0.20,2,5,0,0,21,O3
111t,2026-09-01,19:00,13,7.8,-999,-1,20,28,1,0.20,2,4,0,0,20,O3
112t,2026-09-01,19:00,11,6.3,-999,-1,12,17,0,0.00,2,5,3,12,12,O3
113t,2026-09-01,19:00,12,7.4,8,16,31,39,1,0.10,0,0,0,0,31,O3
114t,2026-09-01,19:00,11,6.5,8,15,21,29,2,0.40,2,5,0,1,21,O3
115t,2026-09-01,19:00,13,7.8,9,18,16,23,1,0.20,0,1,0,1,16,O3
116t,2026-09-01,19:00,15,9.1,13,25,24,34,1,0.10,2,4,0,1,24,O3
117t,2026-09-01,19:00,19,11.4,-999,-1,13,18,1,0.20,3,6,0,1,19,PM25
118t,2026-09-01,19:00,14,8.6,-1,-1,9,13,-1,-1,2,4,0,0,14,PM25
119t,2026-09-01,19:00,15,8.8,-1,-1,14,20,7,1.30,1,2,1,2,15,PM25
120t,2026-09-01,19:00,18,10.8,-1,-1,14,20,3,0.50,1,3,0,0,18,PM25
121t,2026-09-01,19:00,24,14.2,-1,-1,19,26,1,0.20,3,6,0,1,24,PM25
13t,2026-09-01,19:00,14,8.5,13,25,25,35,2,0.40,-1,-1,-1,-1,25,O3
14t,2026-09-01,19:00,39,20.5,-1,-1,12,17,2,0.30,8,19,1,2,39,PM25
16t,2026-09-01,19:00,29,16.5,14,28,-1,-1,-1,-1,-1,-1,-1,-1,29,PM25
17t,2026-09-01,19:00,27,15.7,-1,-1,-1,-1,-1,-1,-1,-1,-1,-1,27,PM25
18t,2026-09-01,19:00,51,25.1,-1,-1,-1,-1,-1,-1,-1,-1,-1,-1,51,PM25
20t,2026-09-01,19:00,34,18.6,16,32,-1,-1,-1,-1,-1,-1,-1,-1,34,PM25
21t,2026-09-01,19:00,14,8.4,-1,-1,-1,-1,-1,-1,-1,-1,-1,-1,14,PM25
22t,2026-09-01,19:00,18,10.8,13,25,-1,-1,-1,-1,-1,-1,-1,-1,18,PM25
24t,2026-09-01,19:00,30,16.6,30,56,-1,-1,-1,-1,-1,-1,-1,-1,30,PM10
25t,2026-09-01,19:00,21,12.4,12,24,-1,-1,-999,-1,-1,-1,-999,-1,21,PM25
26t,2026-09-01,19:00,34,18.3,-1,-1,-1,-1,-1,-1,-1,-1,-1,-1,34,PM25
27t,2026-09-01,19:00,44,22.6,-1,-1,-1,-1,-999,-1,-1,-1,-1,-1,44,PM25
28t,2026-09-01,19:00,31,17.3,-1,-1,-1,-1,-1,-1,-1,-1,-1,-1,31,PM25
29t,2026-09-01,19:00,23,13.6,26,51,-1,-1,-1,-1,-1,-1,-1,-1,26,PM10
30t,2026-09-01,19:00,22,13.0,21,41,12,17,1,0.20,0,0,0,0,22,PM25
31t,2026-09-01,19:00,105,39.0,-1,-1,-1,-1,-1,-1,-1,-1,-1,-1,105,PM25
33t,2026-09-01,19:00,22,13.2,-1,-1,-1,-1,-999,-1,-1,-1,-999,-1,22,PM25
34t,2026-09-01,19:00,48,24.2,-1,-1,-1,-1,-1,-1,-1,-1,-999,-1,48,PM25
35t,2026-09-01,19:00,22,13.1,-1,-1,-1,-1,-1,-1,-1,-1,-1,-1,22,PM25
36t,2026-09-01,19:00,12,7.4,-1,-1,-999,-1,-1,-1,-1,-1,-1,-1,12,PM25
40t,2026-09-01,19:00,14,8.4,-1,-1,-1,-1,-999,-1,-1,-1,-1,-1,14,PM25
46t,2026-09-01,19:00,23,13.8,-1,-1,-1,-1,-1,-1,-1,-1,-1,-1,23,PM25
47t,2026-09-01,19:00,31,17.3,-1,-1,-1,-1,-1,-1,-1,-1,-1,-1,31,PM25
50t,2026-09-01,19:00,39,20.3,-1,-1,-999,-1,-1,-1,-1,-1,-999,-1,39,PM25
53t,2026-09-01,19:00,36,19.4,-1,-1,-999,-1,-1,-1,-1,-1,-999,-1,36,PM25
57t,2026-09-01,19:00,14,8.6,12,23,-1,-1,-1,-1,-1,-1,-999,-1,14,PM25
58t,2026-09-01,19:00,10,5.7,6,12,-1,-1,-1,-1,-1,-1,-999,-1,10,PM25
59t,2026-09-01,19:00,23,14.0,13,26,10,14,2,0.40,10,25,-999,-1,23,PM25
60t,2026-09-01,19:00,33,17.8,-1,-1,-1,-1,-999,-1,-1,-1,-1,-1,33,PM25
61t,2026-09-01,19:00,28,15.8,-1,-1,-1,-1,-999,-1,-1,-1,-1,-1,28,PM25
67t,2026-09-01,19:00,32,17.5,-1,-1,-1,-1,-1,-1,-1,-1,-1,-1,32,PM25
68t,2026-09-01,19:00,15,8.8,9,17,-1,-1,-1,-1,-1,-1,-1,-1,15,PM25
69t,2026-09-01,19:00,14,8.6,-1,-1,-1,-1,-1,-1,-1,-1,-1,-1,14,PM25
70t,2026-09-01,19:00,15,9.0,-1,-1,-1,-1,-1,-1,-1,-1,-999,-1,15,PM25
71t,2026-09-01,19:00,12,6.9,9,17,9,12,0,0.00,4,9,3,10,12,PM25
72t,2026-09-01,19:00,12,7.4,9,18,-1,-1,-1,-1,-1,-1,-1,-1,12,PM25
73t,2026-09-01,19:00,21,12.6,-1,-1,-1,-1,-1,-1,-1,-1,-1,-1,21,PM25
74t,2026-09-01,19:00,37,19.8,-1,-1,-1,-1,-1,-1,-1,-1,-1,-1,37,PM25
75t,2026-09-01,19:00,17,10.2,-1,-1,-1,-1,-1,-1,1,2,2,9,17,PM25
77t,2026-09-01,19:00,36,19.3,17,33,-1,-1,-999,-1,-1,-1,-1,-1,36,PM25
78t,2026-09-01,19:00,24,14.1,-1,-1,-999,-1,-999,-1,-999,-1,-999,-1,24,PM25
79t,2026-09-01,19:00,28,15.9,-1,-1,-1,-1,-1,-1,-1,-1,-1,-1,28,PM25
81t,2026-09-01,19:00,24,14.5,-1,-1,-1,-1,-1,-1,-1,-1,-1,-1,24,PM25
82t,2026-09-01,19:00,22,13.0,15,30,-1,-1,1,0.20,3,6,-1,-1,22,PM25
83t,2026-09-01,19:00,12,7.2,8,16,-1,-1,-1,-1,-1,-1,-1,-1,12,PM25
84t,2026-09-01,19:00,23,14.0,16,31,-1,-1,-1,-1,-1,-1,-1,-1,23,PM25
85t,2026-09-01,19:00,14,8.6,-1,-1,-1,-1,-1,-1,-1,-1,-1,-1,14,PM25
86t,2026-09-01,19:00,16,9.4,12,23,-1,-1,5,0.90,-1,-1,-1,-1,16,PM25
87t,2026-09-01,19:00,24,14.2,-1,-1,-1,-1,-1,-1,0,1,-1,-1,24,PM25
88t,2026-09-01,19:00,17,10.3,10,19,-1,-1,-1,-1,2,4,-1,-1,17,PM25
90t,2026-09-01,19:00,11,6.3,6,12,-1,-1,-1,-1,-1,-1,-1,-1,11,PM25
91t,2026-09-01,19:00,16,9.4,-1,-1,-1,-1,-1,-1,-1,-1,-1,-1,16,PM25
92t,2026-09-01,19:00,16,9.3,10,19,-1,-1,-1,-1,-1,-1,-1,-1,16,PM25
93t,2026-09-01,19:00,18,10.8,11,22,-1,-1,0,0.00,2,5,0,0,18,PM25
94t,2026-09-01,19:00,17,9.9,9,18,-1,-1,-1,-1,-1,-1,-1,-1,17,PM25
95t,2026-09-01,19:00,9,5.6,7,14,-1,-1,-1,-1,-1,-1,-1,-1,9,PM25
96t,2026-09-01,19:00,16,9.4,11,22,-1,-1,5,0.80,1,2,0,1,16,PM25
97t,2026-09-01,19:00,11,6.6,7,13,13,18,0,0.00,2,5,1,3,13,O3
98t,2026-09-01,19:00,16,9.4,9,18,19,27,1,0.20,-1,-1,0,0,19,O3
99t,2026-09-01,19:00,16,9.5,11,22,19,26,1,0.10,3,8,-1,-1,19,O3
bkp100t,2026-09-01,19:00,22,13.3,-999,-1,-999,-1,-999,-1,-999,-1,-999,-1,22,PM25
bkp101t,2026-09-01,19:00,30,16.9,15,30,-999,-1,-999,-1,-999,-1,-999,-1,30,PM25
bkp102t,2026-09-01,19:00,25,14.8,28,53,-999,-1,-999,-1,-999,-1,-999,-1,28,PM10
bkp103t,2026-09-01,19:00,32,17.6,-999,-1,-999,-1,-999,-1,-999,-1,-999,-1,32,PM25
bkp104t,2026-09-01,19:00,25,14.9,17,33,-999,-1,-999,-1,-999,-1,-999,-1,25,PM25
bkp105t,2026-09-01,19:00,53,25.5,-999,-1,-999,-1,-999,-1,-999,-1,-999,-1,53,PM25
bkp114t,2026-09-01,19:00,21,12.8,-999,-1,-999,-1,-999,-1,-999,-1,-999,-1,21,PM25
bkp115t,2026-09-01,19:00,21,12.8,-999,-1,-999,-1,-999,-1,-999,-1,-999,-1,21,PM25
bkp116t,2026-09-01,19:00,22,13.0,-999,-1,-999,-1,-999,-1,-999,-1,-999,-1,22,PM25
bkp117t,2026-09-01,19:00,21,12.6,-999,-1,-999,-1,-999,-1,-999,-1,-999,-1,21,PM25
bkp118t,2026-09-01,19:00,36,19.2,-999,-1,-999,-1,-999,-1,-999,-1,-999,-1,36,PM25
bkp119t,2026-09-01,19:00,24,14.3,-999,-1,-999,-1,-999,-1,-999,-1,-999,-1,24,PM25
bkp120t,2026-09-01,19:00,18,11.0,-999,-1,-999,-1,-999,-1,-999,-1,-999,-1,18,PM25
bkp121t,2026-09-01,19:00,27,15.4,-999,-1,-999,-1,-999,-1,-999,-1,-999,-1,27,PM25
bkp122t,2026-09-01,19:00,21,12.8,-999,-1,-999,-1,-999,-1,-999,-1,-999,-1,21,PM25
bkp123t,2026-09-01,19:00,20,12.1,-999,-1,-999,-1,-999,-1,-999,-1,-999,-1,20,PM25
bkp124t,2026-09-01,19:00,34,18.4,-999,-1,-999,-1,-999,-1,-999,-1,-999,-1,34,PM25
bkp125t,2026-09-01,19:00,24,14.1,-999,-1,-999,-1,-999,-1,-999,-1,-999,-1,24,PM25
bkp126t,2026-09-01,19:00,31,17.0,-999,-1,-999,-1,-999,-1,-999,-1,-999,-1,31,PM25
bkp127t,2026-09-01,19:00,46,23.2,-999,-1,-999,-1,-999,-1,-999,-1,-999,-1,46,PM25
bkp128t,2026-09-01,19:00,23,13.5,-999,-1,-999,-1,-999,-1,-999,-1,-999,-1,23,PM25
bkp130t,2026-09-01,19:00,18,10.9,-999,-1,-999,-1,-999,-1,-999,-1,-999,-1,18,PM25
bkp131t,2026-09-01,19:00,27,15.5,-999,-1,-999,-1,-999,-1,-999,-1,-999,-1,27,PM25
bkp56t,2026-09-01,19:00,34,18.4,37,64,-999,-1,-999,-1,-999,-1,-999,-1,37,PM10
bkp57t,2026-09-01,19:00,33,18.0,25,49,-999,-1,-999,-1,-999,-1,-999,-1,33,PM25
bkp58t,2026-09-01,19:00,53,25.6,48,78,-999,-1,-999,-1,-999,-1,-999,-1,53,PM25
bkp59t,2026-09-01,19:00,30,16.9,22,44,-999,-1,-999,-1,-999,-1,-999,-1,30,PM25
bkp60t,2026-09-01,19:00,26,15.3,24,48,-999,-1,-999,-1,-999,-1,-999,-1,26,PM25
bkp61t,2026-09-01,19:00,28,16.0,16,32,-999,-1,-999,-1,-999,-1,-999,-1,28,PM25
bkp62t,2026-09-01,19:00,69,29.6,-999,-1,-999,-1,-999,-1,-999,-1,-999,-1,69,PM25
bkp63t,2026-09-01,19:00,28,15.8,-999,-1,-999,-1,-999,-1,-999,-1,-999,-1,28,PM25
bkp64t,2026-09-01,19:00,48,24.3,-999,-1,-999,-1,-999,-1,-999,-1,-999,-1,48,PM25
bkp65t,2026-09-01,19:00,40,21.0,-999,-1,-999,-1,-999,-1,-999,-1,-999,-1,40,PM25
bkp66t,2026-09-01,19:00,43,22.2,-999,-1,-999,-1,-999,-1,-999,-1,-999,-1,43,PM25
bkp67t,2026-09-01,19:00,37,19.5,-999,-1,-999,-1,-999,-1,-999,-1,-999,-1,37,PM25
bkp69t,2026-09-01,19:00,40,20.7,-999,-1,-999,-1,-999,-1,-999,-1,-999,-1,40,PM25
bkp70t,2026-09-01,19:00,24,14.2,21,42,-999,-1,-999,-1,-999,-1,-999,-1,24,PM25
bkp71t,2026-09-01,19:00,25,15.0,20,39,-999,-1,-999,-1,-999,-1,-999,-1,25,PM25
bkp72t,2026-09-01,19:00,62,27.8,47,76,-999,-1,-999,-1,-999,-1,-999,-1,62,PM25
bkp73t,2026-09-01,19:00,28,15.9,-999,-1,-999,-1,-999,-1,-999,-1,-999,-1,28,PM25
bkp74t,2026-09-01,19:00,17,10.3,12,24,-999,-1,-999,-1,-999,-1,-999,-1,17,PM25
bkp75t,2026-09-01,19:00,37,19.6,28,53,-999,-1,-999,-1,-999,-1,-999,-1,37,PM25
bkp76t,2026-09-01,19:00,25,14.7,-999,-1,-999,-1,-999,-1,-999,-1,-999,-1,25,PM25
bkp77t,2026-09-01,19:00,23,13.6,18,35,-999,-1,-999,-1,-999,-1,-999,-1,23,PM25
bkp78t,2026-09-01,19:00,62,27.9,-999,-1,-999,-1,-999,-1,-999,-1,-999,-1,62,PM25
bkp79t,2026-09-01,19:00,40,20.9,19,37,-999,-1,-999,-1,-999,-1,-999,-1,40,PM25
bkp80t,2026-09-01,19:00,42,21.5,51,81,-999,-1,-999,-1,-999,-1,-999,-1,51,PM10
bkp81t,2026-09-01,19:00,64,28.5,49,79,-999,-1,-999,-1,-999,-1,-999,-1,64,PM25
bkp82t,2026-09-01,19:00,33,17.9,-999,-1,-999,-1,-999,-1,-999,-1,-999,-1,33,PM25
bkp83t,2026-09-01,19:00,25,14.8,-999,-1,-999,-1,-999,-1,-999,-1,-999,-1,25,PM25
bkp84t,2026-09-01,19:00,45,22.8,25,50,-999,-1,-999,-1,-999,-1,-999,-1,45,PM25
bkp85t,2026-09-01,19:00,37,19.8,-999,-1,-999,-1,-999,-1,-999,-1,-999,-1,37,PM25
bkp86t,2026-09-01,19:00,30,16.8,18,35,-999,-1,-999,-1,-999,-1,-999,-1,30,PM25
bkp87t,2026-09-01,19:00,33,17.9,18,35,-999,-1,-999,-1,-999,-1,-999,-1,33,PM25
bkp88t,2026-09-01,19:00,39,20.5,-999,-1,-999,-1,-999,-1,-999,-1,-999,-1,39,PM25
bkp89t,2026-09-01,19:00,44,22.5,28,54,-999,-1,-999,-1,-999,-1,-999,-1,44,PM25
bkp90t,2026-09-01,19:00,45,23.0,28,53,-999,-1,-999,-1,-999,-1,-999,-1,45,PM25
bkp91t,2026-09-01,19:00,24,14.3,21,42,-999,-1,-999,-1,-999,-1,-999,-1,24,PM25
bkp92t,2026-09-01,19:00,40,20.9,-999,-1,-999,-1,-999,-1,-999,-1,-999,-1,40,PM25
bkp93t,2026-09-01,19:00,23,13.6,20,40,-999,-1,-999,-1,-999,-1,-999,-1,23,PM25
bkp94t,2026-09-01,19:00,41,21.3,-999,-1,-999,-1,-999,-1,-999,-1,-999,-1,41,PM25
bkp95t,2026-09-01,19:00,33,17.9,-999,-1,-999,-1,-999,-1,-999,-1,-999,-1,33,PM25
bkp96t,2026-09-01,19:00,30,16.6,15,29,-999,-1,-999,-1,-999,-1,-999,-1,30,PM25
bkp97t,2026-09-01,19:00,29,16.3,-999,-1,-999,-1,-999,-1,-999,-1,-999,-1,29,PM25
bkp98t,2026-09-01,19:00,42,21.7,-999,-1,-999,-1,-999,-1,-999,-1,-999,-1,42,PM25
bkp99t,2026-09-01,19:00,28,15.8,16,31,-999,-1,-999,-1,-999,-1,-999,-1,28,PM25
o10,2026-09-01,19:00,27,15.7,-999,-1,-999,-1,-999,-1,-999,-1,-999,-1,27,PM25
o61,2026-09-01,19:00,19,11.6,-999,-1,-999,-1,-999,-1,-999,-1,-999,-1,19,PM25
o63,2026-09-01,19:00,16,9.5,-999,-1,-999,-1,-999,-1,-999,-1,-999,-1,16,PM25
91t,2026-09-01,20:00,15,9.0,-1,-1,-1,-1,-1,-1,-1,-1,-1,-1,15,PM25
92t,2026-09-01,20:00,16,9.5,10,19,-1,-1,-1,-1,-1,-1,-1,-1,16,PM25
60t,2026-09-01,22:00,34,18.4,-1,-1,-1,-1,-999,-1,-1,-1,-1,-1,34,PM25
08t,2026-09-01,23:00,40,21.0,-1,-1,-1,-1,-1,-1,-1,-1,-1,-1,40,PM25
109t,2026-09-01,23:00,14,8.2,-1,-1,15,21,1,0.20,1,2,1,3,15,O3
111t,2026-09-01,23:00,13,8.0,-999,-1,17,24,2,0.30,1,2,0,0,17,O3
112t,2026-09-01,23:00,12,6.9,-999,-1,14,20,0,0.00,0,0,7,26,14,O3
113t,2026-09-01,23:00,17,10.0,10,20,24,33,1,0.20,0,0,0,0,24,O3
114t,2026-09-01,23:00,13,7.8,9,18,17,24,2,0.40,1,3,0,1,17,O3
115t,2026-09-01,23:00,14,8.5,10,19,15,21,1,0.20,0,1,0,1,15,O3
120t,2026-09-01,23:00,18,10.8,-1,-1,11,16,3,0.60,1,3,0,0,18,PM25
121t,2026-09-01,23:00,27,15.4,-1,-1,14,19,2,0.30,5,12,0,0,27,PM25
14t,2026-09-01,23:00,39,20.5,-1,-1,6,9,2,0.40,8,18,0,1,39,PM25
16t,2026-09-01,23:00,27,15.4,14,28,-1,-1,-1,-1,-1,-1,-1,-1,27,PM25
17t,2026-09-01,23:00,25,14.9,-1,-1,-1,-1,-1,-1,-1,-1,-1,-1,25,PM25
18t,2026-09-01,23:00,52,25.3,-1,-1,-1,-1,-1,-1,-1,-1,-1,-1,52,PM25
24t,2026-09-01,23:00,29,16.4,30,56,-1,-1,-1,-1,-1,-1,-1,-1,30,PM10
25t,2026-09-01,23:00,20,11.9,12,24,-1,-1,-999,-1,-1,-1,-999,-1,20,PM25
26t,2026-09-01,23:00,35,19.0,-1,-1,-1,-1,-1,-1,-1,-1,-1,-1,35,PM25
27t,2026-09-01,23:00,38,20.2,-1,-1,-1,-1,-999,-1,-1,-1,-1,-1,38,PM25
28t,2026-09-01,23:00,32,17.5,-1,-1,-1,-1,-1,-1,-1,-1,-1,-1,32,PM25
29t,2026-09-01,23:00,27,15.5,26,51,-1,-1,-1,-1,-1,-1,-1,-1,27,PM25
30t,2026-09-01,23:00,22,13.4,20,39,12,17,1,0.20,0,0,0,0,22,PM25
31t,2026-09-01,23:00,107,39.9,-1,-1,-1,-1,-1,-1,-1,-1,-1,-1,107,PM25
33t,2026-09-01,23:00,20,12.1,-1,-1,-1,-1,-999,-1,-1,-1,-999,-1,20,PM25
70t,2026-09-01,23:00,14,8.5,-1,-1,-1,-1,-1,-1,-1,-1,-999,-1,14,PM25
71t,2026-09-01,23:00,13,7.8,10,19,9,12,0,0.00,1,2,3,10,13,PM25
77t,2026-09-01,23:00,38,19.9,17,34,-1,-1,-999,-1,-1,-1,-1,-1,38,PM25
78t,2026-09-01,23:00,24,14.5,-1,-1,-999,-1,-999,-1,-999,-1,-999,-1,24,PM25
83t,2026-09-01,23:00,15,8.8,10,19,-1,-1,-1,-1,-1,-1,-1,-1,15,PM25
84t,2026-09-01,23:00,24,14.4,16,32,-1,-1,-1,-1,-1,-1,-1,-1,24,PM25
85t,2026-09-01,23:00,17,10.3,-1,-1,-1,-1,-1,-1,-1,-1,-1,-1,17,PM25
87t,2026-09-01,23:00,24,14.2,-1,-1,-1,-1,-1,-1,0,0,-1,-1,24,PM25
88t,2026-09-01,23:00,17,10.1,10,19,-1,-1,-1,-1,1,3,-1,-1,17,PM25
90t,2026-09-01,23:00,14,8.4,7,13,-1,-1,-1,-1,-1,-1,-1,-1,14,PM25
93t,2026-09-01,23:00,18,10.9,12,23,-1,-1,1,0.10,3,8,0,0,18,PM25
95t,2026-09-01,23:00,9,5.6,8,15,-1,-1,-1,-1,-1,-1,-1,-1,9,PM25
96t,2026-09-01,23:00,16,9.3,11,21,-1,-1,5,0.80,1,2,0,1,16,PM25
98t,2026-09-01,23:00,15,9.0,9,18,18,25,1,0.20,-1,-1,0,0,18,O3
o10,2026-09-01,23:00,27,15.6,-999,-1,-999,-1,-999,-1,-999,-1,-999,-1,27,PM25
o61,2026-09-01,23:00,20,12.1,-999,-1,-999,-1,-999,-1,-999,-1,-999,-1,20,PM25
o63,2026-09-01,23:00,15,8.8,-999,-1,-999,-1,-999,-1,-999,-1,-999,-1,15,PM25
02t,2026-09-02,00:00,28,15.9,-1,-1,-1,-1,-1,-1,-1,-1,-1,-1,28,PM25
101t,2026-09-02,00:00,18,11.0,13,25,-1,-1,19,3.30,1,2,0,1,19,CO
102t,2026-09-02,00:00,18,11.0,11,21,-1,-1,-1,-1,-1,-1,1,3,18,PM25
103t,2026-09-02,00:00,21,12.7,17,33,-1,-1,2,0.30,4,10,0,0,21,PM25
104t,2026-09-02,00:00,18,10.8,-1,-1,13,18,1,0.10,1,3,0,0,18,PM25
105t,2026-09-02,00:00,17,10.0,-999,-1,19,26,1,0.10,2,5,0,1,19,O3
106t,2026-09-02,00:00,9,5.5,-999,-1,14,20,2,0.40,0,1,0,0,14,O3
107t,2026-09-02,00:00,15,8.8,-1,-1,15,21,3,0.50,1,3,-1,-1,15,PM25
108t,2026-09-02,00:00,11,6.6,-1,-1,16,23,13,2.20,0,1,1,2,16,O3
110t,2026-09-02,00:00,15,9.0,-999,-1,18,25,2,0.30,1,2,0,0,18,O3
116t,2026-09-02,00:00,16,9.6,13,25,16,23,1,0.10,3,7,0,1,16,PM25
117t,2026-09-02,00:00,20,11.7,-999,-1,10,14,1,0.20,2,4,1,2,20,PM25
118t,2026-09-02,00:00,15,8.9,-1,-1,6,8,-1,-1,3,7,0,0,15,PM25
119t,2026-09-02,00:00,15,9.0,-1,-1,11,15,8,1.40,1,3,1,2,15,PM25
13t,2026-09-02,00:00,14,8.5,13,26,6,9,3,0.50,-1,-1,-1,-1,14,PM25
20t,2026-09-02,00:00,37,19.6,16,32,-1,-1,-1,-1,-1,-1,-1,-1,37,PM25
21t,2026-09-02,00:00,13,8.0,-1,-1,-1,-1,-1,-1,-1,-1,-1,-1,13,PM25
22t,2026-09-02,00:00,19,11.2,13,26,-1,-1,-1,-1,-1,-1,-1,-1,19,PM25
34t,2026-09-02,00:00,35,19.0,-1,-1,-1,-1,-1,-1,-1,-1,-999,-1,35,PM25
35t,2026-09-02,00:00,21,12.5,-1,-1,-1,-1,-1,-1,-1,-1,-1,-1,21,PM25
36t,2026-09-02,00:00,13,7.8,-1,-1,-999,-1,-1,-1,-1,-1,-1,-1,13,PM25
40t,2026-09-02,00:00,15,9.2,-1,-1,-1,-1,-999,-1,-1,-1,-1,-1,15,PM25
46t,2026-09-02,00:00,24,14.6,-1,-1,-1,-1,-1,-1,-1,-1,-1,-1,24,PM25
47t,2026-09-02,00:00,34,18.5,-1,-1,-1,-1,-1,-1,-1,-1,-1,-1,34,PM25
50t,2026-09-02,00:00,39,20.6,-1,-1,-999,-1,-1,-1,-1,-1,-999,-1,39,PM25
53t,2026-09-02,00:00,35,18.7,-1,-1,-999,-1,-1,-1,-1,-1,-999,-1,35,PM25
57t,2026-09-02,00:00,16,9.3,10,20,-1,-1,-1,-1,-1,-1,-999,-1,16,PM25
58t,2026-09-02,00:00,10,6.1,6,12,-1,-1,-1,-1,-1,-1,-999,-1,10,PM25
59t,2026-09-02,00:00,21,12.5,13,25,6,9,3,0.50,7,17,-999,-1,21,PM25
61t,2026-09-02,00:00,28,16.0,-1,-1,-1,-1,-999,-1,-1,-1,-1,-1,28,PM25
67t,2026-09-02,00:00,31,17.2,-1,-1,-1,-1,-1,-1,-1,-1,-1,-1,31,PM25
68t,2026-09-02,00:00,15,9.0,9,18,-1,-1,-1,-1,-1,-1,-1,-1,15,PM25
69t,2026-09-02,00:00,15,9.2,-1,-1,-1,-1,-1,-1,-1,-1,-1,-1,15,PM25
72t,2026-09-02,00:00,11,6.4,8,16,-1,-1,-1,-1,0,0,-1,-1,11,PM25
73t,2026-09-02,00:00,20,11.7,-1,-1,-1,-1,-1,-1,-1,-1,-1,-1,20,PM25
74t,2026-09-02,00:00,36,19.4,-1,-1,-1,-1,-1,-1,-1,-1,-1,-1,36,PM25
75t,2026-09-02,00:00,17,10.4,-1,-1,-1,-1,-1,-1,0,0,2,9,17,PM25
79t,2026-09-02,00:00,28,15.8,-1,-1,-1,-1,-1,-1,-1,-1,-1,-1,28,PM25
81t,2026-09-02,00:00,22,12.9,-1,-1,-1,-1,-1,-1,-1,-1,-1,-1,22,PM25
82t,2026-09-02,00:00,20,12.0,14,28,-1,-1,2,0.30,1,2,-1,-1,20,PM25
86t,2026-09-02,00:00,17,10.2,13,25,-1,-1,5,0.90,8,19,-1,-1,17,PM25
94t,2026-09-02,00:00,19,11.4,10,19,-1,-1,-1,-1,-1,-1,-1,-1,19,PM25
97t,2026-09-02,00:00,10,6.0,6,12,13,18,0,0.00,1,2,1,3,13,O3
99t,2026-09-02,00:00,18,10.7,12,23,14,19,1,0.20,2,5,1,4,18,PM25
bkp100t,2026-09-02,00:00,21,12.7,-999,-1,-999,-1,-999,-1,-999,-1,-999,-1,21,PM25
bkp101t,2026-09-02,00:00,31,17.1,15,30,-999,-1,-999,-1,-999,-1,-999,-1,31,PM25
bkp102t,2026-09-02,00:00,24,14.2,27,52,-999,-1,-999,-1,-999,-1,-999,-1,27,PM10
bkp103t,2026-09-02,00:00,32,17.6,-999,-1,-999,-1,-999,-1,-999,-1,-999,-1,32,PM25
bkp104t,2026-09-02,00:00,23,13.6,16,31,-999,-1,-999,-1,-999,-1,-999,-1,23,PM25
bkp105t,2026-09-02,00:00,48,24.1,-999,-1,-999,-1,-999,-1,-999,-1,-999,-1,48,PM25
bkp114t,2026-09-02,00:00,20,12.2,-999,-1,-999,-1,-999,-1,-999,-1,-999,-1,20,PM25
bkp115t,2026-09-02,00:00,22,13.1,-999,-1,-999,-1,-999,-1,-999,-1,-999,-1,22,PM25
bkp116t,2026-09-02,00:00,22,13.0,-999,-1,-999,-1,-999,-1,-999,-1,-999,-1,22,PM25
bkp117t,2026-09-02,00:00,19,11.1,-999,-1,-999,-1,-999,-1,-999,-1,-999,-1,19,PM25
bkp118t,2026-09-02,00:00,34,18.4,-999,-1,-999,-1,-999,-1,-999,-1,-999,-1,34,PM25
bkp119t,2026-09-02,00:00,23,13.9,-999,-1,-999,-1,-999,-1,-999,-1,-999,-1,23,PM25
bkp120t,2026-09-02,00:00,21,12.4,-999,-1,-999,-1,-999,-1,-999,-1,-999,-1,21,PM25
bkp121t,2026-09-02,00:00,23,13.5,-999,-1,-999,-1,-999,-1,-999,-1,-999,-1,23,PM25
bkp122t,2026-09-02,00:00,21,12.4,-999,-1,-999,-1,-999,-1,-999,-1,-999,-1,21,PM25
bkp123t,2026-09-02,00:00,20,12.2,-999,-1,-999,-1,-999,-1,-999,-1,-999,-1,20,PM25
bkp124t,2026-09-02,00:00,33,17.8,-999,-1,-999,-1,-999,-1,-999,-1,-999,-1,33,PM25
bkp125t,2026-09-02,00:00,29,16.2,-999,-1,-999,-1,-999,-1,-999,-1,-999,-1,29,PM25
bkp126t,2026-09-02,00:00,27,15.5,-999,-1,-999,-1,-999,-1,-999,-1,-999,-1,27,PM25
bkp127t,2026-09-02,00:00,46,23.2,-999,-1,-999,-1,-999,-1,-999,-1,-999,-1,46,PM25
bkp128t,2026-09-02,00:00,22,13.1,-999,-1,-999,-1,-999,-1,-999,-1,-999,-1,22,PM25
bkp129t,2026-09-02,00:00,24,14.4,-999,-1,-999,-1,-999,-1,-999,-1,-999,-1,24,PM25
bkp130t,2026-09-02,00:00,19,11.4,-999,-1,-999,-1,-999,-1,-999,-1,-999,-1,19,PM25
bkp131t,2026-09-02,00:00,24,14.6,-999,-1,-999,-1,-999,-1,-999,-1,-999,-1,24,PM25
bkp133t,2026-09-02,00:00,24,14.6,-999,-1,-999,-1,-999,-1,-999,-1,-999,-1,24,PM25
bkp56t,2026-09-02,00:00,33,17.8,37,64,-999,-1,-999,-1,-999,-1,-999,-1,37,PM10
bkp57t,2026-09-02,00:00,31,17.2,24,48,-999,-1,-999,-1,-999,-1,-999,-1,31,PM25
bkp58t,2026-09-02,00:00,50,25.0,48,78,-999,-1,-999,-1,-999,-1,-999,-1,50,PM25
bkp59t,2026-09-02,00:00,29,16.3,23,45,-999,-1,-999,-1,-999,-1,-999,-1,29,PM25
bkp60t,2026-09-02,00:00,27,15.4,27,52,-999,-1,-999,-1,-999,-1,-999,-1,27,PM25
bkp61t,2026-09-02,00:00,27,15.6,16,32,-999,-1,-999,-1,-999,-1,-999,-1,27,PM25
bkp62t,2026-09-02,00:00,76,31.5,-999,-1,-999,-1,-999,-1,-999,-1,-999,-1,76,PM25
bkp63t,2026-09-02,00:00,28,15.9,-999,-1,-999,-1,-999,-1,-999,-1,-999,-1,28,PM25
bkp64t,2026-09-02,00:00,50,24.9,-999,-1,-999,-1,-999,-1,-999,-1,-999,-1,50,PM25
bkp65t,2026-09-02,00:00,39,20.6,-999,-1,-999,-1,-999,-1,-999,-1,-999,-1,39,PM25
bkp66t,2026-09-02,00:00,44,22.7,-999,-1,-999,-1,-999,-1,-999,-1,-999,-1,44,PM25
bkp67t,2026-09-02,00:00,36,19.4,-999,-1,-999,-1,-999,-1,-999,-1,-999,-1,36,PM25
bkp69t,2026-09-02,00:00,40,21.0,-999,-1,-999,-1,-999,-1,-999,-1,-999,-1,40,PM25
bkp70t,2026-09-02,00:00,23,13.7,23,46,-999,-1,-999,-1,-999,-1,-999,-1,23,PM25
bkp71t,2026-09-02,00:00,22,13.4,19,37,-999,-1,-999,-1,-999,-1,-999,-1,22,PM25
bkp72t,2026-09-02,00:00,58,26.8,49,79,-999,-1,-999,-1,-999,-1,-999,-1,58,PM25
bkp73t,2026-09-02,00:00,29,16.2,-999,-1,-999,-1,-999,-1,-999,-1,-999,-1,29,PM25
bkp74t,2026-09-02,00:00,19,11.4,14,27,-999,-1,-999,-1,-999,-1,-999,-1,19,PM25
bkp75t,2026-09-02,00:00,39,20.3,29,55,-999,-1,-999,-1,-999,-1,-999,-1,39,PM25
bkp76t,2026-09-02,00:00,24,14.1,-999,-1,-999,-1,-999,-1,-999,-1,-999,-1,24,PM25
bkp77t,2026-09-02,00:00,23,13.6,17,33,-999,-1,-999,-1,-999,-1,-999,-1,23,PM25
bkp78t,2026-09-02,00:00,64,28.4,-999,-1,-999,-1,-999,-1,-999,-1,-999,-1,64,PM25
bkp79t,2026-09-02,00:00,40,21.0,21,41,-999,-1,-999,-1,-999,-1,-999,-1,40,PM25
bkp80t,2026-09-02,00:00,41,21.1,55,84,-999,-1,-999,-1,-999,-1,-999,-1,55,PM10
bkp81t,2026-09-02,00:00,60,27.5,57,86,-999,-1,-999,-1,-999,-1,-999,-1,60,PM25
bkp82t,2026-09-02,00:00,30,16.6,-999,-1,-999,-1,-999,-1,-999,-1,-999,-1,30,PM25
bkp83t,2026-09-02,00:00,24,14.2,-999,-1,-999,-1,-999,-1,-999,-1,-999,-1,24,PM25
bkp84t,2026-09-02,00:00,41,21.4,28,54,-999,-1,-999,-1,-999,-1,-999,-1,41,PM25
bkp85t,2026-09-02,00:00,38,20.0,-999,-1,-999,-1,-999,-1,-999,-1,-999,-1,38,PM25
bkp86t,2026-09-02,00:00,25,14.9,18,36,-999,-1,-999,-1,-999,-1,-999,-1,25,PM25
bkp87t,2026-09-02,00:00,32,17.4,18,35,-999,-1,-999,-1,-999,-1,-999,-1,32,PM25
bkp88t,2026-09-02,00:00,38,20.2,-999,-1,-999,-1,-999,-1,-999,-1,-999,-1,38,PM25
bkp89t,2026-09-02,00:00,38,20.1,28,53,-999,-1,-999,-1,-999,-1,-999,-1,38,PM25
bkp90t,2026-09-02,00:00,39,20.5,28,53,-999,-1,-999,-1,-999,-1,-999,-1,39,PM25
bkp91t,2026-09-02,00:00,21,12.5,21,42,-999,-1,-999,-1,-999,-1,-999,-1,21,PM25
bkp92t,2026-09-02,00:00,38,20.1,-999,-1,-999,-1,-999,-1,-999,-1,-999,-1,38,PM25
bkp93t,2026-09-02,00:00,23,13.9,22,43,-999,-1,-999,-1,-999,-1,-999,-1,23,PM25
bkp94t,2026-09-02,00:00,39,20.6,-999,-1,-999,-1,-999,-1,-999,-1,-999,-1,39,PM25
bkp95t,2026-09-02,00:00,32,17.6,-999,-1,-999,-1,-999,-1,-999,-1,-999,-1,32,PM25
bkp96t,2026-09-02,00:00,29,16.2,15,30,-999,-1,-999,-1,-999,-1,-999,-1,29,PM25
bkp97t,2026-09-02,00:00,30,16.9,-999,-1,-999,-1,-999,-1,-999,-1,-999,-1,30,PM25
bkp98t,2026-09-02,00:00,42,21.9,-999,-1,-999,-1,-999,-1,-999,-1,-999,-1,42,PM25
bkp99t,2026-09-02,00:00,26,15.2,16,31,-999,-1,-999,-1,-999,-1,-999,-1,26,PM25
o63,2026-09-02,00:00,16,9.3,-999,-1,-999,-1,-999,-1,-999,-1,-999,-1,16,PM25
102t,2026-09-02,02:00,19,11.2,11,22,-1,-1,-1,-1,-1,-1,1,2,19,PM25
103t,2026-09-02,02:00,22,13.0,17,33,-1,-1,1,0.20,2,4,0,0,22,PM25
105t,2026-09-02,02:00,16,9.7,-999,-1,10,14,0,0.00,3,6,0,0,16,PM25
114t,2026-09-02,02:00,14,8.4,10,19,14,20,2,0.40,2,4,0,1,14,PM25
115t,2026-09-02,02:00,14,8.4,10,19,11,15,1,0.20,0,0,0,1,14,PM25
13t,2026-09-02,02:00,15,8.7,13,26,1,2,3,0.60,-1,-1,-1,-1,15,PM25
14t,2026-09-02,02:00,42,21.8,-1,-1,4,6,2,0.40,-1,-1,-1,-1,42,PM25
16t,2026-09-02,02:00,25,14.9,17,33,-1,-1,-1,-1,-1,-1,-1,-1,25,PM25
22t,2026-09-02,02:00,19,11.5,14,27,-1,-1,-1,-1,-1,-1,-1,-1,19,PM25
27t,2026-09-02,02:00,41,21.2,-1,-1,-1,-1,-999,-1,-1,-1,-1,-1,41,PM25
28t,2026-09-02,02:00,32,17.4,-1,-1,-1,-1,-1,-1,-1,-1,-1,-1,32,PM25
30t,2026-09-02,02:00,22,13.2,19,38,10,14,1,0.20,1,2,0,0,22,PM25
33t,2026-09-02,02:00,20,11.9,-1,-1,-1,-1,-999,-1,-1,-1,-999,-1,20,PM25
47t,2026-09-02,02:00,34,18.5,-1,-1,-1,-1,-1,-1,-1,-1,-1,-1,34,PM25
50t,2026-09-02,02:00,42,21.5,-1,-1,-999,-1,-1,-1,-1,-1,-999,-1,42,PM25
57t,2026-09-02,02:00,16,9.6,10,19,-1,-1,-1,-1,-1,-1,-999,-1,16,PM25
58t,2026-09-02,02:00,10,6.1,7,13,-1,-1,-1,-1,-1,-1,-999,-1,10,PM25
60t,2026-09-02,02:00,34,18.2,-1,-1,-1,-1,-999,-1,-1,-1,-1,-1,34,PM25
67t,2026-09-02,02:00,29,16.5,-1,-1,-1,-1,-1,-1,-1,-1,-1,-1,29,PM25
69t,2026-09-02,02:00,16,9.3,-1,-1,-1,-1,-1,-1,-1,-1,-1,-1,16,PM25
74t,2026-09-02,02:00,39,20.3,-1,-1,-1,-1,-1,-1,-1,-1,-1,-1,39,PM25
75t,2026-09-02,02:00,17,10.2,-1,-1,-1,-1,-1,-1,0,0,2,9,17,PM25
81t,2026-09-02,02:00,23,13.6,-1,-1,-1,-1,-1,-1,-1,-1,-1,-1,23,PM25
82t,2026-09-02,02:00,19,11.5,14,27,-1,-1,1,0.20,0,1,-1,-1,19,PM25
86t,2026-09-02,02:00,18,10.5,13,26,-1,-1,5,0.90,7,17,-1,-1,18,PM25
88t,2026-09-02,02:00,16,9.5,9,18,-1,-1,-1,-1,3,6,-1,-1,16,PM25
95t,2026-09-02,02:00,11,6.4,9,17,-1,-1,-1,-1,-1,-1,-1,-1,11,PM25
97t,2026-09-02,02:00,10,5.7,6,12,13,18,0,0.00,0,1,1,3,13,O3
99t,2026-09-02,02:00,19,11.1,12,24,10,14,1,0.20,3,7,1,4,19,PM25
bkp57t,2026-09-02,02:00,33,17.9,25,49,-999,-1,-999,-1,-999,-1,-999,-1,33,PM25
o10,2026-09-02,02:00,27,15.7,-999,-1,-999,-1,-999,-1,-999,-1,-999,-1,27,PM25
o61,2026-09-02,02:00,20,12.2,-999,-1,-999,-1,-999,-1,-999,-1,-999,-1,20,PM25
02t,2026-09-02,03:00,29,16.5,-1,-1,-1,-1,-1,-1,-1,-1,-1,-1,29,PM25
08t,2026-09-02,03:00,41,21.1,-1,-1,-1,-1,-1,-1,-1,-1,-1,-1,41,PM25
101t,2026-09-02,03:00,20,11.9,13,26,-1,-1,19,3.30,1,2,0,1,20,PM25
104t,2026-09-02,03:00,19,11.5,-1,-1,9,12,1,0.10,-1,-1,-1,-1,19,PM25
106t,2026-09-02,03:00,9,5.6,-999,-1,11,16,2,0.30,0,1,0,0,11,O3
107t,2026-09-02,03:00,16,9.5,-1,-1,11,16,3,0.50,1,3,0,0,16,PM25
108t,2026-09-02,03:00,11,6.8,-1,-1,15,21,13,2.20,0,0,1,2,15,O3
109t,2026-09-02,03:00,17,10.2,-1,-1,12,17,1,0.20,1,2,1,3,17,PM25
110t,2026-09-02,03:00,17,10.1,-999,-1,16,22,2,0.30,1,2,-1,-1,17,PM25
111t,2026-09-02,03:00,15,8.8,-999,-1,14,19,1,0.20,0,0,0,0,15,PM25
112t,2026-09-02,03:00,13,7.5,-999,-1,12,17,0,0.00,0,0,8,32,13,PM25
113t,2026-09-02,03:00,20,12.2,12,24,20,28,1,0.20,0,0,0,0,20,PM25
116t,2026-09-02,03:00,18,10.8,14,27,10,14,1,0.10,3,6,0,1,18,PM25
117t,2026-09-02,03:00,20,11.9,-999,-1,8,11,1,0.20,1,3,1,2,20,PM25
118t,2026-09-02,03:00,14,8.3,-1,-1,5,7,-1,-1,1,3,0,0,14,PM25
119t,2026-09-02,03:00,15,9.2,-1,-1,7,10,8,1.40,1,3,1,2,15,PM25
120t,2026-09-02,03:00,20,11.7,-1,-1,9,13,3,0.60,1,2,0,0,20,PM25
121t,2026-09-02,03:00,31,17.3,-1,-1,9,13,2,0.40,2,5,0,0,31,PM25
17t,2026-09-02,03:00,23,13.9,-1,-1,-1,-1,-1,-1,-1,-1,-1,-1,23,PM25
18t,2026-09-02,03:00,51,25.2,-1,-1,-1,-1,-1,-1,-1,-1,-1,-1,51,PM25
20t,2026-09-02,03:00,38,20.0,17,33,-1,-1,-1,-1,-1,-1,-1,-1,38,PM25
21t,2026-09-02,03:00,14,8.6,-1,-1,-1,-1,-1,-1,-1,-1,-1,-1,14,PM25
24t,2026-09-02,03:00,30,16.7,31,57,-1,-1,-1,-1,-1,-1,-1,-1,31,PM10
25t,2026-09-02,03:00,19,11.2,12,23,-1,-1,-999,-1,-1,-1,-999,-1,19,PM25
26t,2026-09-02,03:00,36,19.4,-1,-1,-1,-1,-1,-1,-1,-1,-1,-1,36,PM25
28t,2026-09-02,03:00,32,17.5,-1,-1,-1,-1,-1,-1,-1,-1,-1,-1,32,PM25
29t,2026-09-02,03:00,30,16.9,24,48,-1,-1,-1,-1,-1,-1,-1,-1,30,PM25
31t,2026-09-02,03:00,96,36.6,-1,-1,-1,-1,-1,-1,-1,-1,-1,-1,96,PM25
34t,2026-09-02,03:00,32,17.4,-1,-1,-1,-1,-1,-1,-1,-1,-999,-1,32,PM25
35t,2026-09-02,03:00,21,12.5,-1,-1,-1,-1,-1,-1,-1,-1,-1,-1,21,PM25
36t,2026-09-02,03:00,12,7.2,-1,-1,-999,-1,-1,-1,-1,-1,-1,-1,12,PM25
40t,2026-09-02,03:00,16,9.3,-1,-1,-1,-1,-999,-1,-1,-1,-1,-1,16,PM25
46t,2026-09-02,03:00,27,15.5,-1,-1,-1,-1,-1,-1,-1,-1,-1,-1,27,PM25
53t,2026-09-02,03:00,35,18.8,-1,-1,-999,-1,-1,-1,-1,-1,-999,-1,35,PM25
59t,2026-09-02,03:00,20,12.1,13,25,4,5,3,0.50,5,12,-999,-1,20,PM25
61t,2026-09-02,03:00,29,16.4,-1,-1,-1,-1,-999,-1,-1,-1,-1,-1,29,PM25
68t,2026-09-02,03:00,16,9.8,9,17,-1,-1,-1,-1,-1,-1,-1,-1,16,PM25
70t,2026-09-02,03:00,14,8.5,-1,-1,-1,-1,-1,-1,-1,-1,-999,-1,14,PM25
71t,2026-09-02,03:00,14,8.6,10,20,9,12,0,0.00,1,2,3,10,14,PM25
72t,2026-09-02,03:00,11,6.6,8,16,-1,-1,-1,-1,0,0,-1,-1,11,PM25
73t,2026-09-02,03:00,19,11.6,-1,-1,-1,-1,-1,-1,-1,-1,-1,-1,19,PM25
77t,2026-09-02,03:00,38,20.2,17,33,-1,-1,-999,-1,-1,-1,-1,-1,38,PM25
78t,2026-09-02,03:00,25,15.0,-1,-1,-999,-1,-999,-1,-999,-1,-999,-1,25,PM25
79t,2026-09-02,03:00,28,16.0,-1,-1,-1,-1,-1,-1,-1,-1,-1,-1,28,PM25
83t,2026-09-02,03:00,17,9.9,11,21,-1,-1,-1,-1,-1,-1,-1,-1,17,PM25
84t,2026-09-02,03:00,25,15.0,17,33,-1,-1,-1,-1,-1,-1,-1,-1,25,PM25
85t,2026-09-02,03:00,18,10.5,-1,-1,-1,-1,-1,-1,-1,-1,-1,-1,18,PM25
87t,2026-09-02,03:00,23,13.7,-1,-1,-1,-1,-1,-1,0,0,-1,-1,23,PM25
90t,2026-09-02,03:00,13,8.0,8,15,-1,-1,-1,-1,-1,-1,-1,-1,13,PM25
91t,2026-09-02,03:00,17,10.3,-1,-1,-1,-1,-1,-1,-1,-1,-1,-1,17,PM25
92t,2026-09-02,03:00,16,9.3,10,19,-1,-1,-1,-1,-1,-1,-1,-1,16,PM25
93t,2026-09-02,03:00,20,12.0,12,24,-1,-1,1,0.20,3,6,0,0,20,PM25
94t,2026-09-02,03:00,20,11.9,10,19,-1,-1,-1,-1,-1,-1,-1,-1,20,PM25
96t,2026-09-02,03:00,16,9.6,11,21,-1,-1,5,0.80,1,3,0,1,16,PM25
98t,2026-09-02,03:00,15,8.9,9,18,15,21,1,0.20,-1,-1,0,0,15,PM25
bkp100t,2026-09-02,03:00,22,13.1,-999,-1,-999,-1,-999,-1,-999,-1,-999,-1,22,PM25
bkp101t,2026-09-02,03:00,32,17.7,17,33,-999,-1,-999,-1,-999,-1,-999,-1,32,PM25
bkp102t,2026-09-02,03:00,24,14.1,28,53,-999,-1,-999,-1,-999,-1,-999,-1,28,PM10
bkp103t,2026-09-02,03:00,34,18.6,-999,-1,-999,-1,-999,-1,-999,-1,-999,-1,34,PM25
bkp104t,2026-09-02,03:00,23,14.0,16,32,-999,-1,-999,-1,-999,-1,-999,-1,23,PM25
bkp105t,2026-09-02,03:00,48,24.3,-999,-1,-999,-1,-999,-1,-999,-1,-999,-1,48,PM25
bkp114t,2026-09-02,03:00,22,13.0,-999,-1,-999,-1,-999,-1,-999,-1,-999,-1,22,PM25
bkp115t,2026-09-02,03:00,22,13.2,-999,-1,-999,-1,-999,-1,-999,-1,-999,-1,22,PM25
bkp116t,2026-09-02,03:00,23,13.7,-999,-1,-999,-1,-999,-1,-999,-1,-999,-1,23,PM25
bkp117t,2026-09-02,03:00,19,11.5,-999,-1,-999,-1,-999,-1,-999,-1,-999,-1,19,PM25
bkp118t,2026-09-02,03:00,33,17.8,-999,-1,-999,-1,-999,-1,-999,-1,-999,-1,33,PM25
bkp119t,2026-09-02,03:00,24,14.3,-999,-1,-999,-1,-999,-1,-999,-1,-999,-1,24,PM25
bkp120t,2026-09-02,03:00,22,13.1,-999,-1,-999,-1,-999,-1,-999,-1,-999,-1,22,PM25
bkp121t,2026-09-02,03:00,23,13.7,-999,-1,-999,-1,-999,-1,-999,-1,-999,-1,23,PM25
bkp122t,2026-09-02,03:00,21,12.6,-999,-1,-999,-1,-999,-1,-999,-1,-999,-1,21,PM25
bkp123t,2026-09-02,03:00,22,12.9,-999,-1,-999,-1,-999,-1,-999,-1,-999,-1,22,PM25
bkp124t,2026-09-02,03:00,34,18.3,-999,-1,-999,-1,-999,-1,-999,-1,-999,-1,34,PM25
bkp125t,2026-09-02,03:00,33,17.8,-999,-1,-999,-1,-999,-1,-999,-1,-999,-1,33,PM25
bkp126t,2026-09-02,03:00,29,16.2,-999,-1,-999,-1,-999,-1,-999,-1,-999,-1,29,PM25
bkp127t,2026-09-02,03:00,49,24.7,-999,-1,-999,-1,-999,-1,-999,-1,-999,-1,49,PM25
bkp128t,2026-09-02,03:00,22,13.2,-999,-1,-999,-1,-999,-1,-999,-1,-999,-1,22,PM25
bkp129t,2026-09-02,03:00,23,13.6,-999,-1,-999,-1,-999,-1,-999,-1,-999,-1,23,PM25
bkp130t,2026-09-02,03:00,19,11.6,-999,-1,-999,-1,-999,-1,-999,-1,-999,-1,19,PM25
bkp131t,2026-09-02,03:00,25,15.0,-999,-1,-999,-1,-999,-1,-999,-1,-999,-1,25,PM25
bkp133t,2026-09-02,03:00,26,15.1,-999,-1,-999,-1,-999,-1,-999,-1,-999,-1,26,PM25
bkp56t,2026-09-02,03:00,34,18.3,38,65,-999,-1,-999,-1,-999,-1,-999,-1,38,PM10
bkp58t,2026-09-02,03:00,50,25.0,50,80,-999,-1,-999,-1,-999,-1,-999,-1,50,PM25
bkp59t,2026-09-02,03:00,31,17.3,23,45,-999,-1,-999,-1,-999,-1,-999,-1,31,PM25
bkp60t,2026-09-02,03:00,28,15.9,28,54,-999,-1,-999,-1,-999,-1,-999,-1,28,PM25
bkp61t,2026-09-02,03:00,29,16.3,16,32,-999,-1,-999,-1,-999,-1,-999,-1,29,PM25
bkp62t,2026-09-02,03:00,77,31.8,-999,-1,-999,-1,-999,-1,-999,-1,-999,-1,77,PM25
bkp63t,2026-09-02,03:00,30,16.6,-999,-1,-999,-1,-999,-1,-999,-1,-999,-1,30,PM25
bkp64t,2026-09-02,03:00,55,26.0,-999,-1,-999,-1,-999,-1,-999,-1,-999,-1,55,PM25
bkp65t,2026-09-02,03:00,40,21.0,-999,-1,-999,-1,-999,-1,-999,-1,-999,-1,40,PM25
bkp66t,2026-09-02,03:00,46,23.5,-999,-1,-999,-1,-999,-1,-999,-1,-999,-1,46,PM25
bkp67t,2026-09-02,03:00,37,19.6,-999,-1,-999,-1,-999,-1,-999,-1,-999,-1,37,PM25
bkp69t,2026-09-02,03:00,42,21.6,-999,-1,-999,-1,-999,-1,-999,-1,-999,-1,42,PM25
bkp70t,2026-09-02,03:00,24,14.4,24,47,-999,-1,-999,-1,-999,-1,-999,-1,24,PM25
bkp71t,2026-09-02,03:00,23,13.9,19,38,-999,-1,-999,-1,-999,-1,-999,-1,23,PM25
bkp72t,2026-09-02,03:00,59,27.2,52,82,-999,-1,-999,-1,-999,-1,-999,-1,59,PM25
bkp73t,2026-09-02,03:00,31,17.3,-999,-1,-999,-1,-999,-1,-999,-1,-999,-1,31,PM25
bkp74t,2026-09-02,03:00,20,11.7,15,29,-999,-1,-999,-1,-999,-1,-999,-1,20,PM25
bkp75t,2026-09-02,03:00,40,21.0,30,56,-999,-1,-999,-1,-999,-1,-999,-1,40,PM25
bkp76t,2026-09-02,03:00,24,14.5,-999,-1,-999,-1,-999,-1,-999,-1,-999,-1,24,PM25
bkp77t,2026-09-02,03:00,23,13.8,18,35,-999,-1,-999,-1,-999,-1,-999,-1,23,PM25
bkp78t,2026-09-02,03:00,63,28.2,-999,-1,-999,-1,-999,-1,-999,-1,-999,-1,63,PM25
bkp79t,2026-09-02,03:00,40,21.0,21,41,-999,-1,-999,-1,-999,-1,-999,-1,40,PM25
bkp80t,2026-09-02,03:00,41,21.2,56,85,-999,-1,-999,-1,-999,-1,-999,-1,56,PM10
bkp81t,2026-09-02,03:00,62,28.0,56,85,-999,-1,-999,-1,-999,-1,-999,-1,62,PM25
bkp82t,2026-09-02,03:00,29,16.5,-999,-1,-999,-1,-999,-1,-999,-1,-999,-1,29,PM25
bkp83t,2026-09-02,03:00,25,15.0,-999,-1,-999,-1,-999,-1,-999,-1,-999,-1,25,PM25
bkp84t,2026-09-02,03:00,46,23.3,31,57,-999,-1,-999,-1,-999,-1,-999,-1,46,PM25
bkp85t,2026-09-02,03:00,41,21.4,-999,-1,-999,-1,-999,-1,-999,-1,-999,-1,41,PM25
bkp86t,2026-09-02,03:00,29,16.4,20,39,-999,-1,-999,-1,-999,-1,-999,-1,29,PM25
bkp87t,2026-09-02,03:00,34,18.6,19,38,-999,-1,-999,-1,-999,-1,-999,-1,34,PM25
bkp88t,2026-09-02,03:00,39,20.6,-999,-1,-999,-1,-999,-1,-999,-1,-999,-1,39,PM25
bkp89t,2026-09-02,03:00,40,20.9,30,56,-999,-1,-999,-1,-999,-1,-999,-1,40,PM25
bkp90t,2026-09-02,03:00,41,21.4,28,53,-999,-1,-999,-1,-999,-1,-999,-1,41,PM25
bkp91t,2026-09-02,03:00,22,13.1,21,42,-999,-1,-999,-1,-999,-1,-999,-1,22,PM25
bkp92t,2026-09-02,03:00,39,20.5,-999,-1,-999,-1,-999,-1,-999,-1,-999,-1,39,PM25
bkp93t,2026-09-02,03:00,24,14.6,23,45,-999,-1,-999,-1,-999,-1,-999,-1,24,PM25
bkp94t,2026-09-02,03:00,42,21.5,-999,-1,-999,-1,-999,-1,-999,-1,-999,-1,42,PM25
bkp95t,2026-09-02,03:00,34,18.3,-999,-1,-999,-1,-999,-1,-999,-1,-999,-1,34,PM25
bkp96t,2026-09-02,03:00,30,16.9,17,33,-999,-1,-999,-1,-999,-1,-999,-1,30,PM25
bkp97t,2026-09-02,03:00,33,17.9,-999,-1,-999,-1,-999,-1,-999,-1,-999,-1,33,PM25
bkp98t,2026-09-02,03:00,43,22.1,-999,-1,-999,-1,-999,-1,-999,-1,-999,-1,43,PM25
bkp99t,2026-09-02,03:00,26,15.3,16,31,-999,-1,-999,-1,-999,-1,-999,-1,26,PM25
14t,2026-09-02,04:00,45,23.1,-1,-1,3,4,2,0.40,5,11,1,3,45,PM25
20t,2026-09-02,04:00,39,20.3,17,33,-1,-1,-1,-1,-1,-1,-1,-1,39,PM25
29t,2026-09-02,04:00,32,17.4,24,47,-1,-1,-1,-1,-1,-1,-1,-1,32,PM25
30t,2026-09-02,04:00,22,13.1,19,37,9,12,1,0.20,1,2,0,0,22,PM25
71t,2026-09-02,04:00,15,8.7,10,20,9,12,0,0.00,1,2,3,10,15,PM25
75t,2026-09-02,04:00,17,9.9,-1,-1,-1,-1,-1,-1,0,0,2,9,17,PM25
86t,2026-09-02,04:00,19,11.1,14,27,-1,-1,5,0.90,8,18,-1,-1,19,PM25
88t,2026-09-02,04:00,15,9.2,9,17,-1,-1,-1,-1,0,1,-1,-1,15,PM25
95t,2026-09-02,04:00,11,6.8,9,18,-1,-1,-1,-1,-1,-1,-1,-1,11,PM25
02t,2026-09-02,05:00,31,17.2,-1,-1,-1,-1,-1,-1,-1,-1,-1,-1,31,PM25
08t,2026-09-02,05:00,41,21.4,-1,-1,-1,-1,-1,-1,-1,-1,-1,-1,41,PM25
101t,2026-09-02,05:00,21,12.3,14,27,-1,-1,20,3.50,1,3,0,1,21,PM25
102t,2026-09-02,05:00,19,11.1,12,23,-1,-1,-1,-1,-1,-1,1,2,19,PM25
103t,2026-09-02,05:00,23,13.6,17,33,-1,-1,1,0.20,2,5,0,0,23,PM25
104t,2026-09-02,05:00,20,11.7,-1,-1,6,9,1,0.10,1,2,0,0,20,PM25
105t,2026-09-02,05:00,16,9.6,-999,-1,5,7,1,0.10,3,6,0,0,16,PM25
106t,2026-09-02,05:00,9,5.6,-999,-1,10,14,2,0.30,0,1,0,0,10,O3
107t,2026-09-02,05:00,18,10.5,-1,-1,9,13,3,0.50,2,4,0,0,18,PM25
108t,2026-09-02,05:00,12,6.9,-1,-1,14,20,13,2.20,0,0,1,2,14,O3
110t,2026-09-02,05:00,18,11.0,-999,-1,15,21,2,0.30,1,3,-1,-1,18,PM25
113t,2026-09-02,05:00,22,13.1,13,26,20,28,1,0.20,0,0,0,0,22,PM25
114t,2026-09-02,05:00,15,8.9,11,22,14,19,2,0.40,3,6,0,1,15,PM25
115t,2026-09-02,05:00,14,8.5,10,19,6,9,1,0.20,0,0,0,1,14,PM25
116t,2026-09-02,05:00,19,11.4,14,27,8,11,1,0.20,2,5,0,1,19,PM25
117t,2026-09-02,05:00,20,12.0,-999,-1,6,9,1,0.20,1,3,1,2,20,PM25
118t,2026-09-02,05:00,15,9.0,-1,-1,5,7,-1,-1,1,3,0,0,15,PM25
119t,2026-09-02,05:00,15,9.2,-1,-1,6,9,8,1.40,0,1,1,2,15,PM25
120t,2026-09-02,05:00,20,11.9,-1,-1,9,12,3,0.60,1,2,0,0,20,PM25
121t,2026-09-02,05:00,25,14.9,-1,-1,9,12,2,0.40,2,4,0,0,25,PM25
13t,2026-09-02,05:00,16,9.5,14,28,1,2,3,0.50,-1,-1,-1,-1,16,PM25
16t,2026-09-02,05:00,27,15.7,15,29,-1,-1,-1,-1,-1,-1,-1,-1,27,PM25
17t,2026-09-02,05:00,24,14.5,-1,-1,-1,-1,-1,-1,-1,-1,-1,-1,24,PM25
21t,2026-09-02,05:00,16,9.3,-1,-1,-1,-1,-1,-1,-1,-1,-1,-1,16,PM25
22t,2026-09-02,05:00,20,12.2,14,28,-1,-1,-1,-1,-1,-1,-1,-1,20,PM25
27t,2026-09-02,05:00,40,20.9,-1,-1,-1,-1,-999,-1,-1,-1,-1,-1,40,PM25
31t,2026-09-02,05:00,85,33.8,-1,-1,-1,-1,-1,-1,-1,-1,-1,-1,85,PM25
33t,2026-09-02,05:00,21,12.3,-1,-1,-1,-1,-999,-1,-1,-1,-999,-1,21,PM25
34t,2026-09-02,05:00,29,16.5,-1,-1,-1,-1,-1,-1,-1,-1,-999,-1,29,PM25
35t,2026-09-02,05:00,21,12.6,-1,-1,-1,-1,-1,-1,-1,-1,-1,-1,21,PM25
36t,2026-09-02,05:00,13,7.6,-1,-1,-999,-1,-1,-1,-1,-1,-1,-1,13,PM25
40t,2026-09-02,05:00,14,8.3,-1,-1,-1,-1,-999,-1,-1,-1,-1,-1,14,PM25
46t,2026-09-02,05:00,28,16.0,-1,-1,-1,-1,-1,-1,-1,-1,-1,-1,28,PM25
47t,2026-09-02,05:00,33,18.1,-1,-1,-1,-1,-1,-1,-1,-1,-1,-1,33,PM25
50t,2026-09-02,05:00,42,21.8,-1,-1,-999,-1,-1,-1,-1,-1,-999,-1,42,PM25
53t,2026-09-02,05:00,35,18.8,-1,-1,-999,-1,-1,-1,-1,-1,-999,-1,35,PM25
57t,2026-09-02,05:00,18,10.7,10,19,-1,-1,-1,-1,-1,-1,-999,-1,18,PM25
58t,2026-09-02,05:00,10,6.1,7,13,-1,-1,-1,-1,-1,-1,-999,-1,10,PM25
59t,2026-09-02,05:00,24,14.4,13,25,2,3,3,0.50,5,12,-999,-1,24,PM25
60t,2026-09-02,05:00,32,17.7,-1,-1,-1,-1,-999,-1,-1,-1,-1,-1,32,PM25
61t,2026-09-02,05:00,30,16.7,-1,-1,-1,-1,-999,-1,-1,-1,-1,-1,30,PM25
67t,2026-09-02,05:00,28,16.1,-1,-1,-1,-1,-1,-1,-1,-1,-1,-1,28,PM25
68t,2026-09-02,05:00,15,8.7,9,17,-1,-1,-1,-1,-1,-1,-1,-1,15,PM25
69t,2026-09-02,05:00,14,8.5,-1,-1,-1,-1,-1,-1,-1,-1,-1,-1,14,PM25
70t,2026-09-02,05:00,14,8.6,-1,-1,-1,-1,-1,-1,-1,-1,-999,-1,14,PM25
72t,2026-09-02,05:00,11,6.7,8,16,-1,-1,-1,-1,0,0,-1,-1,11,PM25
73t,2026-09-02,05:00,20,12.1,-1,-1,-1,-1,-1,-1,-1,-1,-1,-1,20,PM25
78t,2026-09-02,05:00,25,14.7,-1,-1,-999,-1,-999,-1,-999,-1,-999,-1,25,PM25
79t,2026-09-02,05:00,29,16.3,-1,-1,-1,-1,-1,-1,-1,-1,-1,-1,29,PM25
81t,2026-09-02,05:00,27,15.4,-1,-1,-1,-1,-1,-1,-1,-1,-1,-1,27,PM25
82t,2026-09-02,05:00,18,11.0,14,27,-1,-1,1,0.20,1,2,-1,-1,18,PM25
84t,2026-09-02,05:00,27,15.6,18,35,-1,-1,-1,-1,-1,-1,-1,-1,27,PM25
85t,2026-09-02,05:00,18,10.6,-1,-1,-1,-1,-1,-1,-1,-1,-1,-1,18,PM25
90t,2026-09-02,05:00,13,8.0,8,15,-1,-1,-1,-1,-1,-1,-1,-1,13,PM25
94t,2026-09-02,05:00,15,9.1,9,18,-1,-1,-1,-1,-1,-1,-1,-1,15,PM25
97t,2026-09-02,05:00,11,6.4,7,13,11,16,0,0.00,0,1,1,3,11,PM25
99t,2026-09-02,05:00,19,11.2,13,25,8,11,1,0.20,3,6,1,4,19,PM25
bkp100t,2026-09-02,05:00,22,13.4,-999,-1,-999,-1,-999,-1,-999,-1,-999,-1,22,PM25
bkp101t,2026-09-02,05:00,34,18.6,18,35,-999,-1,-999,-1,-999,-1,-999,-1,34,PM25
bkp102t,2026-09-02,05:00,24,14.4,28,54,-999,-1,-999,-1,-999,-1,-999,-1,28,PM10
bkp103t,2026-09-02,05:00,36,19.3,-999,-1,-999,-1,-999,-1,-999,-1,-999,-1,36,PM25
bkp104t,2026-09-02,05:00,24,14.3,17,33,-999,-1,-999,-1,-999,-1,-999,-1,24,PM25
bkp105t,2026-09-02,05:00,50,25.0,-999,-1,-999,-1,-999,-1,-999,-1,-999,-1,50,PM25
bkp114t,2026-09-02,05:00,23,13.6,-999,-1,-999,-1,-999,-1,-999,-1,-999,-1,23,PM25
bkp115t,2026-09-02,05:00,23,13.7,-999,-1,-999,-1,-999,-1,-999,-1,-999,-1,23,PM25
bkp116t,2026-09-02,05:00,24,14.3,-999,-1,-999,-1,-999,-1,-999,-1,-999,-1,24,PM25
bkp117t,2026-09-02,05:00,19,11.2,-999,-1,-999,-1,-999,-1,-999,-1,-999,-1,19,PM25
bkp118t,2026-09-02,05:00,32,17.7,-999,-1,-999,-1,-999,-1,-999,-1,-999,-1,32,PM25
bkp119t,2026-09-02,05:00,24,14.6,-999,-1,-999,-1,-999,-1,-999,-1,-999,-1,24,PM25
bkp120t,2026-09-02,05:00,23,13.8,-999,-1,-999,-1,-999,-1,-999,-1,-999,-1,23,PM25
bkp121t,2026-09-02,05:00,23,13.8,-999,-1,-999,-1,-999,-1,-999,-1,-999,-1,23,PM25
bkp122t,2026-09-02,05:00,22,13.0,-999,-1,-999,-1,-999,-1,-999,-1,-999,-1,22,PM25
bkp123t,2026-09-02,05:00,23,13.5,-999,-1,-999,-1,-999,-1,-999,-1,-999,-1,23,PM25
bkp124t,2026-09-02,05:00,35,18.8,-999,-1,-999,-1,-999,-1,-999,-1,-999,-1,35,PM25
bkp126t,2026-09-02,05:00,30,16.7,-999,-1,-999,-1,-999,-1,-999,-1,-999,-1,30,PM25
bkp127t,2026-09-02,05:00,51,25.2,-999,-1,-999,-1,-999,-1,-999,-1,-999,-1,51,PM25
bkp128t,2026-09-02,05:00,22,13.1,-999,-1,-999,-1,-999,-1,-999,-1,-999,-1,22,PM25
bkp129t,2026-09-02,05:00,24,14.2,-999,-1,-999,-1,-999,-1,-999,-1,-999,-1,24,PM25
bkp130t,2026-09-02,05:00,21,12.5,-999,-1,-999,-1,-999,-1,-999,-1,-999,-1,21,PM25
bkp131t,2026-09-02,05:00,26,15.1,-999,-1,-999,-1,-999,-1,-999,-1,-999,-1,26,PM25
bkp133t,2026-09-02,05:00,27,15.5,-999,-1,-999,-1,-999,-1,-999,-1,-999,-1,27,PM25
bkp56t,2026-09-02,05:00,35,18.7,38,65,-999,-1,-999,-1,-999,-1,-999,-1,38,PM10
bkp57t,2026-09-02,05:00,34,18.3,26,51,-999,-1,-999,-1,-999,-1,-999,-1,34,PM25
bkp58t,2026-09-02,05:00,51,25.2,49,79,-999,-1,-999,-1,-999,-1,-999,-1,51,PM25
bkp59t,2026-09-02,05:00,34,18.4,23,46,-999,-1,-999,-1,-999,-1,-999,-1,34,PM25
bkp60t,2026-09-02,05:00,29,16.3,28,54,-999,-1,-999,-1,-999,-1,-999,-1,29,PM25
bkp61t,2026-09-02,05:00,31,17.0,17,33,-999,-1,-999,-1,-999,-1,-999,-1,31,PM25
bkp62t,2026-09-02,05:00,85,33.6,-999,-1,-999,-1,-999,-1,-999,-1,-999,-1,85,PM25
bkp63t,2026-09-02,05:00,31,17.2,-999,-1,-999,-1,-999,-1,-999,-1,-999,-1,31,PM25
bkp64t,2026-09-02,05:00,56,26.4,-999,-1,-999,-1,-999,-1,-999,-1,-999,-1,56,PM25
bkp65t,2026-09-02,05:00,41,21.1,-999,-1,-999,-1,-999,-1,-999,-1,-999,-1,41,PM25
bkp66t,2026-09-02,05:00,49,24.5,-999,-1,-999,-1,-999,-1,-999,-1,-999,-1,49,PM25
bkp67t,2026-09-02,05:00,39,20.5,-999,-1,-999,-1,-999,-1,-999,-1,-999,-1,39,PM25
bkp69t,2026-09-02,05:00,43,22.2,-999,-1,-999,-1,-999,-1,-999,-1,-999,-1,43,PM25
bkp70t,2026-09-02,05:00,24,14.6,24,47,-999,-1,-999,-1,-999,-1,-999,-1,24,PM25
bkp71t,2026-09-02,05:00,24,14.2,19,38,-999,-1,-999,-1,-999,-1,-999,-1,24,PM25
bkp72t,2026-09-02,05:00,56,26.4,52,82,-999,-1,-999,-1,-999,-1,-999,-1,56,PM25
bkp73t,2026-09-02,05:00,33,17.8,-999,-1,-999,-1,-999,-1,-999,-1,-999,-1,33,PM25
bkp74t,2026-09-02,05:00,21,12.3,15,30,-999,-1,-999,-1,-999,-1,-999,-1,21,PM25
bkp75t,2026-09-02,05:00,41,21.3,31,57,-999,-1,-999,-1,-999,-1,-999,-1,41,PM25
bkp76t,2026-09-02,05:00,24,14.6,-999,-1,-999,-1,-999,-1,-999,-1,-999,-1,24,PM25
bkp77t,2026-09-02,05:00,24,14.1,18,35,-999,-1,-999,-1,-999,-1,-999,-1,24,PM25
bkp78t,2026-09-02,05:00,60,27.5,-999,-1,-999,-1,-999,-1,-999,-1,-999,-1,60,PM25
bkp79t,2026-09-02,05:00,42,21.7,21,41,-999,-1,-999,-1,-999,-1,-999,-1,42,PM25
bkp80t,2026-09-02,05:00,42,21.9,55,84,-999,-1,-999,-1,-999,-1,-999,-1,55,PM10
bkp81t,2026-09-02,05:00,62,27.8,56,85,-999,-1,-999,-1,-999,-1,-999,-1,62,PM25
bkp82t,2026-09-02,05:00,31,17.2,-999,-1,-999,-1,-999,-1,-999,-1,-999,-1,31,PM25
bkp83t,2026-09-02,05:00,27,15.7,-999,-1,-999,-1,-999,-1,-999,-1,-999,-1,27,PM25
bkp84t,2026-09-02,05:00,60,27.5,36,63,-999,-1,-999,-1,-999,-1,-999,-1,60,PM25
bkp85t,2026-09-02,05:00,43,22.3,-999,-1,-999,-1,-999,-1,-999,-1,-999,-1,43,PM25
bkp86t,2026-09-02,05:00,30,16.9,21,41,-999,-1,-999,-1,-999,-1,-999,-1,30,PM25
bkp87t,2026-09-02,05:00,35,19.0,20,39,-999,-1,-999,-1,-999,-1,-999,-1,35,PM25
bkp88t,2026-09-02,05:00,43,22.3,-999,-1,-999,-1,-999,-1,-999,-1,-999,-1,43,PM25
bkp89t,2026-09-02,05:00,41,21.4,30,56,-999,-1,-999,-1,-999,-1,-999,-1,41,PM25
bkp90t,2026-09-02,05:00,42,21.8,28,53,-999,-1,-999,-1,-999,-1,-999,-1,42,PM25
bkp91t,2026-09-02,05:00,23,13.5,22,43,-999,-1,-999,-1,-999,-1,-999,-1,23,PM25
bkp92t,2026-09-02,05:00,40,20.8,-999,-1,-999,-1,-999,-1,-999,-1,-999,-1,40,PM25
bkp93t,2026-09-02,05:00,25,15.0,23,46,-999,-1,-999,-1,-999,-1,-999,-1,25,PM25
bkp94t,2026-09-02,05:00,42,21.6,-999,-1,-999,-1,-999,-1,-999,-1,-999,-1,42,PM25
bkp95t,2026-09-02,05:00,36,19.2,-999,-1,-999,-1,-999,-1,-999,-1,-999,-1,36,PM25
bkp96t,2026-09-02,05:00,32,17.6,17,33,-999,-1,-999,-1,-999,-1,-999,-1,32,PM25
bkp97t,2026-09-02,05:00,34,18.6,-999,-1,-999,-1,-999,-1,-999,-1,-999,-1,34,PM25
bkp98t,2026-09-02,05:00,45,22.8,-999,-1,-999,-1,-999,-1,-999,-1,-999,-1,45,PM25
bkp99t,2026-09-02,05:00,27,15.4,16,32,-999,-1,-999,-1,-999,-1,-999,-1,27,PM25
o10,2026-09-02,05:00,28,15.8,-999,-1,-999,-1,-999,-1,-999,-1,-999,-1,28,PM25
o61,2026-09-02,05:00,21,12.3,-999,-1,-999,-1,-999,-1,-999,-1,-999,-1,21,PM25
bkp114t,2026-09-02,06:00,24,14.3,-999,-1,-999,-1,-999,-1,-999,-1,-999,-1,24,PM25
02t,2026-09-02,07:00,29,16.3,-1,-1,-1,-1,-1,-1,-1,-1,-1,-1,29,PM25
08t,2026-09-02,07:00,42,21.9,-1,-1,-1,-1,-1,-1,-1,-1,-1,-1,42,PM25
100t,2026-09-02,07:00,18,11.0,15,30,9,12,1,0.10,5,13,-1,-1,18,PM25
101t,2026-09-02,07:00,21,12.6,14,27,-1,-1,21,3.70,2,4,0,1,21,PM25
102t,2026-09-02,07:00,19,11.1,12,23,-1,-1,-1,-1,-1,-1,1,2,19,PM25
103t,2026-09-02,07:00,23,13.9,16,32,-1,-1,1,0.10,4,9,0,0,23,PM25
104t,2026-09-02,07:00,20,12.2,-1,-1,5,7,1,0.10,1,3,0,0,20,PM25
105t,2026-09-02,07:00,16,9.6,-999,-1,2,3,2,0.30,3,8,0,1,16,PM25
106t,2026-09-02,07:00,9,5.6,-999,-1,9,12,2,0.30,0,1,0,0,9,PM25
107t,2026-09-02,07:00,20,11.7,-1,-1,8,11,3,0.50,2,5,0,0,20,PM25
108t,2026-09-02,07:00,12,6.9,-1,-1,14,19,12,2.10,0,1,1,2,14,O3
109t,2026-09-02,07:00,19,11.3,-1,-1,11,15,1,0.20,1,2,1,3,19,PM25
110t,2026-09-02,07:00,19,11.6,-999,-1,13,18,2,0.30,2,5,-1,-1,19,PM25
111t,2026-09-02,07:00,16,9.7,-999,-1,15,21,1,0.20,0,0,0,0,16,PM25
112t,2026-09-02,07:00,14,8.3,-999,-1,13,18,0,0.00,-1,-1,-1,-1,14,PM25
113t,2026-09-02,07:00,23,13.9,14,28,47,48,1,0.20,0,0,0,0,47,O3
114t,2026-09-02,07:00,16,9.4,12,23,13,18,2,0.40,2,5,0,1,16,PM25
115t,2026-09-02,07:00,14,8.5,9,18,4,6,1,0.20,0,1,0,1,14,PM25
116t,2026-09-02,07:00,20,11.9,14,28,7,10,1,0.20,3,6,0,1,20,PM25
117t,2026-09-02,07:00,20,12.1,-999,-1,6,8,1,0.20,2,4,1,2,20,PM25
118t,2026-09-02,07:00,15,9.0,-1,-1,5,7,-1,-1,2,4,0,0,15,PM25
119t,2026-09-02,07:00,15,9.2,-1,-1,6,8,8,1.40,-1,-1,-1,-1,15,PM25
120t,2026-09-02,07:00,20,11.9,-1,-1,8,11,3,0.60,-1,-1,-1,-1,20,PM25
121t,2026-09-02,07:00,25,14.7,-1,-1,9,12,2,0.30,2,5,0,0,25,PM25
13t,2026-09-02,07:00,17,9.9,15,29,1,2,2,0.40,-1,-1,-1,-1,17,PM25
14t,2026-09-02,07:00,44,22.6,-1,-1,3,4,2,0.30,5,13,1,2,44,PM25
16t,2026-09-02,07:00,28,15.9,15,30,-1,-1,-1,-1,-1,-1,-1,-1,28,PM25
17t,2026-09-02,07:00,24,14.5,-1,-1,-1,-1,-1,-1,-1,-1,-1,-1,24,PM25
18t,2026-09-02,07:00,58,26.8,-1,-1,-1,-1,-1,-1,-1,-1,-1,-1,58,PM25
20t,2026-09-02,07:00,39,20.6,17,34,-1,-1,-1,-1,-1,-1,-1,-1,39,PM25
21t,2026-09-02,07:00,16,9.5,-1,-1,-1,-1,-1,-1,-1,-1,-1,-1,16,PM25
22t,2026-09-02,07:00,20,12.1,14,28,-1,-1,-1,-1,-1,-1,-1,-1,20,PM25
24t,2026-09-02,07:00,30,16.7,30,56,-1,-1,-1,-1,-1,-1,-1,-1,30,PM10
25t,2026-09-02,07:00,19,11.3,11,22,-1,-1,-999,-1,-1,-1,-999,-1,19,PM25
26t,2026-09-02,07:00,35,18.8,-1,-1,-1,-1,-1,-1,-1,-1,-1,-1,35,PM25
27t,2026-09-02,07:00,39,20.3,-1,-1,-1,-1,-999,-1,-1,-1,-1,-1,39,PM25
28t,2026-09-02,07:00,28,15.8,-1,-1,-1,-1,-1,-1,-1,-1,-1,-1,28,PM25
29t,2026-09-02,07:00,32,17.6,23,46,-1,-1,-1,-1,-1,-1,-1,-1,32,PM25
30t,2026-09-02,07:00,21,12.6,18,36,6,8,1,0.10,0,1,0,0,21,PM25
31t,2026-09-02,07:00,73,30.6,-1,-1,-1,-1,-1,-1,-1,-1,-1,-1,73,PM25
33t,2026-09-02,07:00,21,12.6,-1,-1,-1,-1,-999,-1,-1,-1,-999,-1,21,PM25
34t,2026-09-02,07:00,30,16.7,-1,-1,-1,-1,-1,-1,-1,-1,-999,-1,30,PM25
35t,2026-09-02,07:00,21,12.8,-1,-1,-1,-1,-1,-1,-1,-1,-1,-1,21,PM25
36t,2026-09-02,07:00,14,8.2,-1,-1,-999,-1,-1,-1,-1,-1,-1,-1,14,PM25
37t,2026-09-02,07:00,15,8.8,-1,-1,-1,-1,-1,-1,-1,-1,-1,-1,15,PM25
38t,2026-09-02,07:00,14,8.4,-1,-1,6,9,2,0.30,-1,-1,0,0,14,PM25
39t,2026-09-02,07:00,14,8.3,-1,-1,-1,-1,-999,-1,-1,-1,0,0,14,PM25
40t,2026-09-02,07:00,14,8.6,-1,-1,-1,-1,-999,-1,-1,-1,-1,-1,14,PM25
41t,2026-09-02,07:00,14,8.6,-1,-1,-1,-1,-1,-1,-1,-1,-1,-1,14,PM25
42t,2026-09-02,07:00,20,11.7,-1,-1,-1,-1,-1,-1,-1,-1,-1,-1,20,PM25
43t,2026-09-02,07:00,20,12.0,-1,-1,-1,-1,-1,-1,-1,-1,-1,-1,20,PM25
44t,2026-09-02,07:00,20,12.1,-1,-1,-1,-1,-1,-1,-1,-1,-1,-1,20,PM25
46t,2026-09-02,07:00,30,16.8,-1,-1,-1,-1,-1,-1,-1,-1,-1,-1,30,PM25
47t,2026-09-02,07:00,33,17.9,-1,-1,-1,-1,-1,-1,-1,-1,-1,-1,33,PM25
50t,2026-09-02,07:00,40,20.9,-1,-1,-999,-1,-1,-1,-1,-1,-999,-1,40,PM25
53t,2026-09-02,07:00,40,20.7,-1,-1,-999,-1,-1,-1,-1,-1,-999,-1,40,PM25
54t,2026-09-02,07:00,41,21.2,-1,-1,-1,-1,0,0.00,-1,-1,-1,-1,41,PM25
57t,2026-09-02,07:00,19,11.3,9,18,-1,-1,-1,-1,-1,-1,-999,-1,19,PM25
58t,2026-09-02,07:00,11,6.5,7,14,-1,-1,-1,-1,-1,-1,-999,-1,11,PM25
59t,2026-09-02,07:00,25,14.7,14,27,1,2,3,0.50,5,12,-999,-1,25,PM25
60t,2026-09-02,07:00,32,17.4,-1,-1,-1,-1,-999,-1,-1,-1,-1,-1,32,PM25
61t,2026-09-02,07:00,29,16.4,-1,-1,-1,-1,-999,-1,-1,-1,-1,-1,29,PM25
62t,2026-09-02,07:00,26,15.1,-1,-1,-1,-1,-1,-1,-1,-1,-999,-1,26,PM25
63t,2026-09-02,07:00,25,15.0,-1,-1,-1,-1,-1,-1,-1,-1,-999,-1,25,PM25
67t,2026-09-02,07:00,28,15.8,-1,-1,-1,-1,-1,-1,-1,-1,-1,-1,28,PM25
68t,2026-09-02,07:00,15,9.1,9,17,-1,-1,-1,-1,-1,-1,-1,-1,15,PM25
69t,2026-09-02,07:00,15,8.7,-1,-1,-1,-1,-1,-1,-1,-1,-1,-1,15,PM25
70t,2026-09-02,07:00,15,8.9,-1,-1,-1,-1,-1,-1,-1,-1,-999,-1,15,PM25
71t,2026-09-02,07:00,16,9.5,10,20,9,12,0,0.00,1,2,3,10,16,PM25
72t,2026-09-02,07:00,12,7.2,9,17,-1,-1,-1,-1,0,0,-1,-1,12,PM25
73t,2026-09-02,07:00,20,11.9,-1,-1,-1,-1,-1,-1,-1,-1,-1,-1,20,PM25
75t,2026-09-02,07:00,16,9.5,-1,-1,-1,-1,-1,-1,0,0,2,9,16,PM25
76t,2026-09-02,07:00,15,8.8,-1,-1,-1,-1,-1,-1,-1,-1,-999,-1,15,PM25
77t,2026-09-02,07:00,39,20.4,17,33,-1,-1,-999,-1,-1,-1,-1,-1,39,PM25
78t,2026-09-02,07:00,24,14.5,-1,-1,-999,-1,-999,-1,-999,-1,-999,-1,24,PM25
79t,2026-09-02,07:00,30,16.6,-1,-1,-1,-1,-1,-1,-1,-1,-1,-1,30,PM25
80t,2026-09-02,07:00,20,11.7,-1,-1,-1,-1,-1,-1,-1,-1,-1,-1,20,PM25
81t,2026-09-02,07:00,28,16.0,-1,-1,-1,-1,-1,-1,-1,-1,-1,-1,28,PM25
82t,2026-09-02,07:00,18,10.7,13,26,-1,-1,1,0.20,0,1,-1,-1,18,PM25
83t,2026-09-02,07:00,18,11.0,12,23,-1,-1,-1,-1,-1,-1,-1,-1,18,PM25
84t,2026-09-02,07:00,28,16.0,18,36,-1,-1,-1,-1,-1,-1,-1,-1,28,PM25
85t,2026-09-02,07:00,17,10.3,-1,-1,-1,-1,-1,-1,-1,-1,-1,-1,17,PM25
86t,2026-09-02,07:00,20,11.7,14,28,-1,-1,5,0.90,7,16,-1,-1,20,PM25
87t,2026-09-02,07:00,23,13.5,-1,-1,-1,-1,-1,-1,0,0,-1,-1,23,PM25
88t,2026-09-02,07:00,15,9.1,9,17,-1,-1,-1,-1,2,5,-1,-1,15,PM25
89t,2026-09-02,07:00,19,11.6,12,23,-1,-1,-1,-1,-1,-1,-1,-1,19,PM25
90t,2026-09-02,07:00,13,7.5,8,15,-1,-1,-1,-1,-1,-1,-1,-1,13,PM25
91t,2026-09-02,07:00,18,10.9,-1,-1,-1,-1,-1,-1,-1,-1,-1,-1,18,PM25
92t,2026-09-02,07:00,15,9.1,9,18,-1,-1,-1,-1,-1,-1,-1,-1,15,PM25
93t,2026-09-02,07:00,20,12.0,12,24,-1,-1,1,0.20,3,7,0,0,20,PM25
94t,2026-09-02,07:00,16,9.4,9,18,-1,-1,-1,-1,-1,-1,-1,-1,16,PM25
95t,2026-09-02,07:00,12,7.3,10,20,-1,-1,-1,-1,-1,-1,-1,-1,12,PM25
96t,2026-09-02,07:00,17,9.9,11,22,-1,-1,5,0.80,2,5,0,1,17,PM25
97t,2026-09-02,07:00,11,6.7,7,14,11,15,0,0.00,0,1,1,3,11,PM25
98t,2026-09-02,07:00,16,9.3,9,18,10,14,1,0.20,-1,-1,0,0,16,PM25
99t,2026-09-02,07:00,19,11.5,13,25,7,10,1,0.20,2,5,1,5,19,PM25
bkp100t,2026-09-02,07:00,23,13.5,-999,-1,-999,-1,-999,-1,-999,-1,-999,-1,23,PM25
bkp101t,2026-09-02,07:00,35,18.7,18,36,-999,-1,-999,-1,-999,-1,-999,-1,35,PM25
bkp102t,2026-09-02,07:00,24,14.6,29,55,-999,-1,-999,-1,-999,-1,-999,-1,29,PM10
bkp103t,2026-09-02,07:00,38,19.9,-999,-1,-999,-1,-999,-1,-999,-1,-999,-1,38,PM25
bkp104t,2026-09-02,07:00,24,14.5,17,34,-999,-1,-999,-1,-999,-1,-999,-1,24,PM25
bkp105t,2026-09-02,07:00,53,25.5,-999,-1,-999,-1,-999,-1,-999,-1,-999,-1,53,PM25
bkp115t,2026-09-02,07:00,23,14.0,-999,-1,-999,-1,-999,-1,-999,-1,-999,-1,23,PM25
bkp116t,2026-09-02,07:00,24,14.4,-999,-1,-999,-1,-999,-1,-999,-1,-999,-1,24,PM25
bkp117t,2026-09-02,07:00,19,11.5,-999,-1,-999,-1,-999,-1,-999,-1,-999,-1,19,PM25
bkp118t,2026-09-02,07:00,32,17.7,-999,-1,-999,-1,-999,-1,-999,-1,-999,-1,32,PM25
bkp119t,2026-09-02,07:00,24,14.2,-999,-1,-999,-1,-999,-1,-999,-1,-999,-1,24,PM25
bkp120t,2026-09-02,07:00,23,14.0,-999,-1,-999,-1,-999,-1,-999,-1,-999,-1,23,PM25
bkp121t,2026-09-02,07:00,24,14.1,-999,-1,-999,-1,-999,-1,-999,-1,-999,-1,24,PM25
bkp122t,2026-09-02,07:00,21,12.7,-999,-1,-999,-1,-999,-1,-999,-1,-999,-1,21,PM25
bkp123t,2026-09-02,07:00,23,13.8,-999,-1,-999,-1,-999,-1,-999,-1,-999,-1,23,PM25
bkp124t,2026-09-02,07:00,36,19.1,-999,-1,-999,-1,-999,-1,-999,-1,-999,-1,36,PM25
bkp125t,2026-09-02,07:00,34,18.2,-999,-1,-999,-1,-999,-1,-999,-1,-999,-1,34,PM25
bkp126t,2026-09-02,07:00,30,16.9,-999,-1,-999,-1,-999,-1,-999,-1,-999,-1,30,PM25
bkp127t,2026-09-02,07:00,51,25.2,-999,-1,-999,-1,-999,-1,-999,-1,-999,-1,51,PM25
bkp128t,2026-09-02,07:00,22,13.0,-999,-1,-999,-1,-999,-1,-999,-1,-999,-1,22,PM25
bkp129t,2026-09-02,07:00,24,14.5,-999,-1,-999,-1,-999,-1,-999,-1,-999,-1,24,PM25
bkp130t,2026-09-02,07:00,22,12.9,-999,-1,-999,-1,-999,-1,-999,-1,-999,-1,22,PM25
bkp131t,2026-09-02,07:00,25,14.8,-999,-1,-999,-1,-999,-1,-999,-1,-999,-1,25,PM25
bkp133t,2026-09-02,07:00,27,15.7,-999,-1,-999,-1,-999,-1,-999,-1,-999,-1,27,PM25
bkp56t,2026-09-02,07:00,34,18.6,38,66,-999,-1,-999,-1,-999,-1,-999,-1,38,PM10
bkp57t,2026-09-02,07:00,34,18.5,26,51,-999,-1,-999,-1,-999,-1,-999,-1,34,PM25
bkp58t,2026-09-02,07:00,51,25.1,48,78,-999,-1,-999,-1,-999,-1,-999,-1,51,PM25
bkp59t,2026-09-02,07:00,36,19.4,24,47,-999,-1,-999,-1,-999,-1,-999,-1,36,PM25
bkp60t,2026-09-02,07:00,29,16.2,28,53,-999,-1,-999,-1,-999,-1,-999,-1,29,PM25
bkp61t,2026-09-02,07:00,31,17.2,17,34,-999,-1,-999,-1,-999,-1,-999,-1,31,PM25
bkp62t,2026-09-02,07:00,64,28.4,-999,-1,-999,-1,-999,-1,-999,-1,-999,-1,64,PM25
bkp63t,2026-09-02,07:00,33,17.9,-999,-1,-999,-1,-999,-1,-999,-1,-999,-1,33,PM25
bkp64t,2026-09-02,07:00,61,27.6,-999,-1,-999,-1,-999,-1,-999,-1,-999,-1,61,PM25
bkp65t,2026-09-02,07:00,41,21.2,-999,-1,-999,-1,-999,-1,-999,-1,-999,-1,41,PM25
bkp66t,2026-09-02,07:00,47,23.7,-999,-1,-999,-1,-999,-1,-999,-1,-999,-1,47,PM25
bkp67t,2026-09-02,07:00,40,21.0,-999,-1,-999,-1,-999,-1,-999,-1,-999,-1,40,PM25
bkp69t,2026-09-02,07:00,42,21.9,-999,-1,-999,-1,-999,-1,-999,-1,-999,-1,42,PM25
bkp70t,2026-09-02,07:00,24,14.4,23,46,-999,-1,-999,-1,-999,-1,-999,-1,24,PM25
bkp71t,2026-09-02,07:00,24,14.6,20,39,-999,-1,-999,-1,-999,-1,-999,-1,24,PM25
bkp72t,2026-09-02,07:00,60,27.4,48,77,-999,-1,-999,-1,-999,-1,-999,-1,60,PM25
bkp73t,2026-09-02,07:00,35,18.7,-999,-1,-999,-1,-999,-1,-999,-1,-999,-1,35,PM25
bkp74t,2026-09-02,07:00,21,12.4,16,32,-999,-1,-999,-1,-999,-1,-999,-1,21,PM25
bkp75t,2026-09-02,07:00,43,22.0,31,57,-999,-1,-999,-1,-999,-1,-999,-1,43,PM25
bkp76t,2026-09-02,07:00,24,14.4,-999,-1,-999,-1,-999,-1,-999,-1,-999,-1,24,PM25
bkp77t,2026-09-02,07:00,25,14.9,18,36,-999,-1,-999,-1,-999,-1,-999,-1,25,PM25
bkp78t,2026-09-02,07:00,60,27.3,-999,-1,-999,-1,-999,-1,-999,-1,-999,-1,60,PM25
bkp79t,2026-09-02,07:00,42,21.9,22,44,-999,-1,-999,-1,-999,-1,-999,-1,42,PM25
bkp80t,2026-09-02,07:00,42,21.5,59,87,-999,-1,-999,-1,-999,-1,-999,-1,59,PM10
bkp81t,2026-09-02,07:00,61,27.6,57,86,-999,-1,-999,-1,-999,-1,-999,-1,61,PM25
bkp82t,2026-09-02,07:00,30,16.8,-999,-1,-999,-1,-999,-1,-999,-1,-999,-1,30,PM25
bkp83t,2026-09-02,07:00,27,15.6,-999,-1,-999,-1,-999,-1,-999,-1,-999,-1,27,PM25
bkp84t,2026-09-02,07:00,57,26.6,38,66,-999,-1,-999,-1,-999,-1,-999,-1,57,PM25
bkp85t,2026-09-02,07:00,43,22.2,-999,-1,-999,-1,-999,-1,-999,-1,-999,-1,43,PM25
bkp86t,2026-09-02,07:00,32,17.7,21,41,-999,-1,-999,-1,-999,-1,-999,-1,32,PM25
bkp87t,2026-09-02,07:00,34,18.4,20,39,-999,-1,-999,-1,-999,-1,-999,-1,34,PM25
bkp88t,2026-09-02,07:00,45,23.0,-999,-1,-999,-1,-999,-1,-999,-1,-999,-1,45,PM25
bkp89t,2026-09-02,07:00,44,22.7,33,59,-999,-1,-999,-1,-999,-1,-999,-1,44,PM25
bkp90t,2026-09-02,07:00,42,21.9,29,55,-999,-1,-999,-1,-999,-1,-999,-1,42,PM25
bkp91t,2026-09-02,07:00,23,13.8,23,45,-999,-1,-999,-1,-999,-1,-999,-1,23,PM25
bkp92t,2026-09-02,07:00,40,20.8,-999,-1,-999,-1,-999,-1,-999,-1,-999,-1,40,PM25
bkp93t,2026-09-02,07:00,25,14.7,23,45,-999,-1,-999,-1,-999,-1,-999,-1,25,PM25
bkp94t,2026-09-02,07:00,41,21.4,-999,-1,-999,-1,-999,-1,-999,-1,-999,-1,41,PM25
bkp95t,2026-09-02,07:00,37,19.7,-999,-1,-999,-1,-999,-1,-999,-1,-999,-1,37,PM25
bkp96t,2026-09-02,07:00,33,18.0,17,33,-999,-1,-999,-1,-999,-1,-999,-1,33,PM25
bkp97t,2026-09-02,07:00,36,19.2,-999,-1,-999,-1,-999,-1,-999,-1,-999,-1,36,PM25
bkp98t,2026-09-02,07:00,48,24.3,-999,-1,-999,-1,-999,-1,-999,-1,-999,-1,48,PM25
bkp99t,2026-09-02,07:00,28,15.8,16,32,-999,-1,-999,-1,-999,-1,-999,-1,28,PM25
o10,2026-09-02,07:00,30,16.7,-999,-1,-999,-1,-999,-1,-999,-1,-999,-1,30,PM25
o61,2026-09-02,07:00,20,12.1,-999,-1,-999,-1,-999,-1,-999,-1,-999,-1,20,PM25
112t,2026-09-02,10:00,14,8.6,-999,-1,14,19,0,0.00,3,6,9,35,14,PM25
82t,2026-09-02,11:00,18,10.9,13,26,-1,-1,2,0.30,0,1,-1,-1,18,PM25
02t,2026-09-02,12:00,29,16.2,-1,-1,-1,-1,-1,-1,-1,-1,-1,-1,29,PM25
03t,2026-09-02,12:00,40,20.8,-1,-1,-1,-1,-1,-1,-1,-1,-999,-1,40,PM25
05t,2026-09-02,12:00,31,17.1,-1,-1,-1,-1,-1,-1,-1,-1,-1,-1,31,PM25
08t,2026-09-02,12:00,39,20.4,-1,-1,-1,-1,-1,-1,-1,-1,-1,-1,39,PM25
100t,2026-09-02,12:00,18,10.8,15,30,6,9,1,0.20,2,4,0,0,18,PM25
101t,2026-09-02,12:00,21,12.7,14,27,-1,-1,21,3.70,1,2,0,1,21,PM25
102t,2026-09-02,12:00,19,11.6,13,25,-1,-1,-1,-1,-1,-1,1,2,19,PM25
103t,2026-09-02,12:00,26,15.3,16,31,-1,-1,1,0.10,0,1,0,0,26,PM25
104t,2026-09-02,12:00,21,12.4,-1,-1,10,14,1,0.10,0,1,0,0,21,PM25
105t,2026-09-02,12:00,18,10.5,-999,-1,6,9,4,0.70,3,6,0,1,18,PM25
106t,2026-09-02,12:00,9,5.3,-999,-1,10,14,2,0.30,0,1,0,0,10,O3
107t,2026-09-02,12:00,22,13.1,-1,-1,13,18,3,0.50,0,1,0,0,22,PM25
108t,2026-09-02,12:00,13,7.7,-1,-1,13,18,12,2.10,0,1,1,2,13,PM25
109t,2026-09-02,12:00,20,11.9,-1,-1,15,21,1,0.20,1,2,1,3,20,PM25
110t,2026-09-02,12:00,23,13.7,-999,-1,16,22,2,0.30,1,3,-1,-1,23,PM25
111t,2026-09-02,12:00,17,10.0,-999,-1,16,23,1,0.20,0,0,0,0,17,PM25
113t,2026-09-02,12:00,25,14.8,15,30,-1,-1,1,0.20,0,0,0,0,25,PM25
114t,2026-09-02,12:00,16,9.4,12,24,16,23,2,0.40,1,2,0,1,16,PM25
115t,2026-09-02,12:00,16,9.3,9,18,10,14,1,0.20,0,1,0,1,16,PM25
116t,2026-09-02,12:00,21,12.3,14,28,12,17,1,0.10,0,1,0,1,21,PM25
117t,2026-09-02,12:00,21,12.7,-999,-1,9,12,1,0.20,1,2,0,1,21,PM25
118t,2026-09-02,12:00,14,8.5,-1,-1,6,9,-1,-1,0,1,0,0,14,PM25
119t,2026-09-02,12:00,15,8.7,-1,-1,9,12,7,1.30,0,0,1,2,15,PM25
120t,2026-09-02,12:00,19,11.2,-1,-1,11,16,3,0.60,0,1,0,0,19,PM25
121t,2026-09-02,12:00,23,13.7,-1,-1,14,19,2,0.30,2,4,0,1,23,PM25
12t,2026-09-02,12:00,30,16.9,-1,-1,-1,-1,-1,-1,-1,-1,-1,-1,30,PM25
13t,2026-09-02,12:00,16,9.7,15,29,7,10,2,0.30,-1,-1,-1,-1,16,PM25
14t,2026-09-02,12:00,40,20.8,-1,-1,6,9,2,0.30,4,10,1,2,40,PM25
16t,2026-09-02,12:00,29,16.3,15,30,-1,-1,-1,-1,-1,-1,-1,-1,29,PM25
17t,2026-09-02,12:00,30,16.8,-1,-1,-1,-1,-1,-1,-1,-1,-1,-1,30,PM25
18t,2026-09-02,12:00,54,25.8,-1,-1,-1,-1,-1,-1,-1,-1,-1,-1,54,PM25
19t,2026-09-02,12:00,27,15.6,-1,-1,-1,-1,-1,-1,-1,-1,-1,-1,27,PM25
20t,2026-09-02,12:00,39,20.5,17,34,-1,-1,-1,-1,-1,-1,-1,-1,39,PM25
21t,2026-09-02,12:00,15,9.2,-1,-1,-1,-1,-1,-1,-1,-1,-1,-1,15,PM25
22t,2026-09-02,12:00,19,11.6,14,27,-1,-1,-1,-1,-1,-1,-1,-1,19,PM25
24t,2026-09-02,12:00,32,17.7,36,63,-1,-1,-1,-1,-1,-1,-1,-1,36,PM10
25t,2026-09-02,12:00,19,11.2,12,23,-1,-1,-999,-1,-1,-1,-999,-1,19,PM25
26t,2026-09-02,12:00,34,18.2,-1,-1,-1,-1,-1,-1,-1,-1,-1,-1,34,PM25
27t,2026-09-02,12:00,34,18.6,-1,-1,-1,-1,-999,-1,-1,-1,-1,-1,34,PM25
28t,2026-09-02,12:00,24,14.6,-1,-1,-1,-1,-1,-1,-1,-1,-1,-1,24,PM25
29t,2026-09-02,12:00,33,17.8,22,44,-1,-1,-1,-1,-1,-1,-1,-1,33,PM25
30t,2026-09-02,12:00,22,13.0,18,35,7,10,1,0.10,0,0,0,0,22,PM25
31t,2026-09-02,12:00,46,23.5,-1,-1,-1,-1,-1,-1,-1,-1,-1,-1,46,PM25
33t,2026-09-02,12:00,20,12.2,-1,-1,-1,-1,-999,-1,-1,-1,-999,-1,20,PM25
34t,2026-09-02,12:00,29,16.3,-1,-1,-1,-1,-1,-1,-1,-1,-999,-1,29,PM25
35t,2026-09-02,12:00,23,14.0,-1,-1,-1,-1,-1,-1,-1,-1,-1,-1,23,PM25
36t,2026-09-02,12:00,16,9.4,-1,-1,-999,-1,-1,-1,-1,-1,-1,-1,16,PM25
37t,2026-09-02,12:00,15,9.1,-1,-1,-1,-1,-1,-1,-1,-1,-1,-1,15,PM25
38t,2026-09-02,12:00,15,8.8,-1,-1,12,17,2,0.30,-1,-1,0,0,15,PM25
39t,2026-09-02,12:00,14,8.6,-1,-1,-1,-1,-999,-1,-1,-1,0,0,14,PM25
40t,2026-09-02,12:00,15,8.9,-1,-1,-1,-1,-999,-1,-1,-1,-1,-1,15,PM25
41t,2026-09-02,12:00,15,8.9,-1,-1,-1,-1,-1,-1,-1,-1,-1,-1,15,PM25
42t,2026-09-02,12:00,18,11.0,-1,-1,-1,-1,-1,-1,-1,-1,-1,-1,18,PM25
43t,2026-09-02,12:00,19,11.2,-1,-1,-1,-1,-1,-1,-1,-1,-1,-1,19,PM25
44t,2026-09-02,12:00,19,11.4,-1,-1,-1,-1,-1,-1,-1,-1,-1,-1,19,PM25
46t,2026-09-02,12:00,31,17.3,-1,-1,-1,-1,-1,-1,-1,-1,-1,-1,31,PM25
47t,2026-09-02,12:00,32,17.7,-1,-1,-1,-1,-1,-1,-1,-1,-1,-1,32,PM25
50t,2026-09-02,12:00,39,20.4,-1,-1,-999,-1,-1,-1,-1,-1,-999,-1,39,PM25
52t,2026-09-02,12:00,38,20.2,-1,-1,-1,-1,-1,-1,-1,-1,-1,-1,38,PM25
53t,2026-09-02,12:00,38,20.2,-1,-1,-999,-1,-1,-1,-1,-1,-999,-1,38,PM25
54t,2026-09-02,12:00,40,20.8,-1,-1,-1,-1,0,0.00,-1,-1,-1,-1,40,PM25
57t,2026-09-02,12:00,20,11.7,9,18,-1,-1,-1,-1,-1,-1,-999,-1,20,PM25
58t,2026-09-02,12:00,13,7.5,9,17,-1,-1,-1,-1,-1,-1,-999,-1,13,PM25
59t,2026-09-02,12:00,26,15.1,15,29,5,7,2,0.40,2,5,-999,-1,26,PM25
60t,2026-09-02,12:00,32,17.5,-1,-1,-1,-1,-999,-1,-1,-1,-1,-1,32,PM25
61t,2026-09-02,12:00,29,16.3,-1,-1,-1,-1,-999,-1,-1,-1,-1,-1,29,PM25
62t,2026-09-02,12:00,24,14.1,-1,-1,-1,-1,-1,-1,-1,-1,-999,-1,24,PM25
63t,2026-09-02,12:00,23,14.0,-1,-1,-1,-1,-1,-1,-1,-1,-999,-1,23,PM25
67t,2026-09-02,12:00,27,15.4,-1,-1,-1,-1,-1,-1,-1,-1,-1,-1,27,PM25
68t,2026-09-02,12:00,16,9.6,9,18,-1,-1,-1,-1,-1,-1,-1,-1,16,PM25
69t,2026-09-02,12:00,15,9.1,-1,-1,-1,-1,-1,-1,-1,-1,-1,-1,15,PM25
70t,2026-09-02,12:00,16,9.3,-1,-1,-1,-1,-1,-1,-1,-1,-999,-1,16,PM25
71t,2026-09-02,12:00,17,9.9,10,20,9,12,0,0.00,1,2,3,10,17,PM25
72t,2026-09-02,12:00,12,7.2,8,16,-1,-1,-1,-1,0,0,-1,-1,12,PM25
73t,2026-09-02,12:00,21,12.4,-1,-1,-1,-1,-1,-1,-1,-1,-1,-1,21,PM25
74t,2026-09-02,12:00,32,17.6,-1,-1,-1,-1,-1,-1,-1,-1,-1,-1,32,PM25
75t,2026-09-02,12:00,14,8.6,-1,-1,-1,-1,-1,-1,0,1,2,9,14,PM25
76t,2026-09-02,12:00,15,9.1,-1,-1,-1,-1,-1,-1,-1,-1,-999,-1,15,PM25
77t,2026-09-02,12:00,36,19.1,16,32,-1,-1,-999,-1,-1,-1,-1,-1,36,PM25
78t,2026-09-02,12:00,23,13.6,-1,-1,-999,-1,-999,-1,-999,-1,-999,-1,23,PM25
79t,2026-09-02,12:00,30,16.7,-1,-1,-1,-1,-1,-1,-1,-1,-1,-1,30,PM25
80t,2026-09-02,12:00,18,11.0,-1,-1,-1,-1,-1,-1,-1,-1,-1,-1,18,PM25
81t,2026-09-02,12:00,34,18.6,-1,-1,-1,-1,-1,-1,-1,-1,-1,-1,34,PM25
83t,2026-09-02,12:00,20,11.7,13,25,-1,-1,-1,-1,-1,-1,-1,-1,20,PM25
84t,2026-09-02,12:00,29,16.2,18,36,-1,-1,-1,-1,-1,-1,-1,-1,29,PM25
85t,2026-09-02,12:00,17,10.2,-1,-1,-1,-1,-1,-1,-1,-1,-1,-1,17,PM25
86t,2026-09-02,12:00,21,12.4,15,29,-1,-1,5,0.90,7,16,-1,-1,21,PM25
87t,2026-09-02,12:00,23,13.6,-1,-1,-1,-1,-1,-1,0,0,-1,-1,23,PM25
88t,2026-09-02,12:00,14,8.4,8,16,-1,-1,-1,-1,2,4,-1,-1,14,PM25
89t,2026-09-02,12:00,18,10.9,11,22,-1,-1,-1,-1,-1,-1,-1,-1,18,PM25
90t,2026-09-02,12:00,12,6.9,8,15,-1,-1,-1,-1,-1,-1,-1,-1,12,PM25
91t,2026-09-02,12:00,17,10.3,-1,-1,-1,-1,-1,-1,-1,-1,-1,-1,17,PM25
92t,2026-09-02,12:00,16,9.6,10,19,-1,-1,-1,-1,-1,-1,-1,-1,16,PM25
93t,2026-09-02,12:00,19,11.2,12,23,-1,-1,1,0.20,1,2,0,0,19,PM25
94t,2026-09-02,12:00,16,9.8,10,19,-1,-1,-1,-1,-1,-1,-1,-1,16,PM25
95t,2026-09-02,12:00,13,7.8,10,19,-1,-1,-1,-1,-1,-1,-1,-1,13,PM25
96t,2026-09-02,12:00,17,10.0,11,22,-1,-1,5,0.80,0,1,0,1,17,PM25
97t,2026-09-02,12:00,12,7.0,7,14,11,15,0,0.00,1,2,1,3,12,PM25
98t,2026-09-02,12:00,16,9.7,10,19,11,15,2,0.30,-1,-1,0,0,16,PM25
99t,2026-09-02,12:00,19,11.3,13,25,10,14,1,0.20,1,2,1,4,19,PM25
bkp100t,2026-09-02,12:00,22,12.9,-999,-1,-999,-1,-999,-1,-999,-1,-999,-1,22,PM25
bkp101t,2026-09-02,12:00,31,17.2,17,33,-999,-1,-999,-1,-999,-1,-999,-1,31,PM25
bkp102t,2026-09-02,12:00,23,13.6,29,55,-999,-1,-999,-1,-999,-1,-999,-1,29,PM10
bkp103t,2026-09-02,12:00,33,18.1,-999,-1,-999,-1,-999,-1,-999,-1,-999,-1,33,PM25
bkp104t,2026-09-02,12:00,24,14.4,18,36,-999,-1,-999,-1,-999,-1,-999,-1,24,PM25
bkp105t,2026-09-02,12:00,47,23.7,-999,-1,-999,-1,-999,-1,-999,-1,-999,-1,47,PM25
bkp114t,2026-09-02,12:00,24,14.1,-999,-1,-999,-1,-999,-1,-999,-1,-999,-1,24,PM25
bkp115t,2026-09-02,12:00,22,13.4,-999,-1,-999,-1,-999,-1,-999,-1,-999,-1,22,PM25
bkp116t,2026-09-02,12:00,23,13.9,-999,-1,-999,-1,-999,-1,-999,-1,-999,-1,23,PM25
bkp117t,2026-09-02,12:00,19,11.6,-999,-1,-999,-1,-999,-1,-999,-1,-999,-1,19,PM25
bkp118t,2026-09-02,12:00,30,16.6,-999,-1,-999,-1,-999,-1,-999,-1,-999,-1,30,PM25
bkp119t,2026-09-02,12:00,22,13.4,-999,-1,-999,-1,-999,-1,-999,-1,-999,-1,22,PM25
bkp120t,2026-09-02,12:00,22,13.2,-999,-1,-999,-1,-999,-1,-999,-1,-999,-1,22,PM25
bkp121t,2026-09-02,12:00,22,13.4,-999,-1,-999,-1,-999,-1,-999,-1,-999,-1,22,PM25
bkp122t,2026-09-02,12:00,20,12.0,-999,-1,-999,-1,-999,-1,-999,-1,-999,-1,20,PM25
bkp123t,2026-09-02,12:00,22,13.3,-999,-1,-999,-1,-999,-1,-999,-1,-999,-1,22,PM25
bkp124t,2026-09-02,12:00,34,18.5,-999,-1,-999,-1,-999,-1,-999,-1,-999,-1,34,PM25
bkp125t,2026-09-02,12:00,34,18.3,-999,-1,-999,-1,-999,-1,-999,-1,-999,-1,34,PM25
bkp126t,2026-09-02,12:00,28,15.9,-999,-1,-999,-1,-999,-1,-999,-1,-999,-1,28,PM25
bkp127t,2026-09-02,12:00,43,22.3,-999,-1,-999,-1,-999,-1,-999,-1,-999,-1,43,PM25
bkp128t,2026-09-02,12:00,20,11.8,-999,-1,-999,-1,-999,-1,-999,-1,-999,-1,20,PM25
bkp129t,2026-09-02,12:00,24,14.2,-999,-1,-999,-1,-999,-1,-999,-1,-999,-1,24,PM25
bkp130t,2026-09-02,12:00,20,12.1,-999,-1,-999,-1,-999,-1,-999,-1,-999,-1,20,PM25
bkp131t,2026-09-02,12:00,24,14.4,-999,-1,-999,-1,-999,-1,-999,-1,-999,-1,24,PM25
bkp133t,2026-09-02,12:00,25,14.8,-999,-1,-999,-1,-999,-1,-999,-1,-999,-1,25,PM25
bkp56t,2026-09-02,12:00,34,18.3,38,66,-999,-1,-999,-1,-999,-1,-999,-1,38,PM10
bkp57t,2026-09-02,12:00,32,17.6,25,50,-999,-1,-999,-1,-999,-1,-999,-1,32,PM25
bkp58t,2026-09-02,12:00,45,23.1,44,73,-999,-1,-999,-1,-999,-1,-999,-1,45,PM25
bkp59t,2026-09-02,12:00,38,20.2,25,49,-999,-1,-999,-1,-999,-1,-999,-1,38,PM25
bkp60t,2026-09-02,12:00,25,14.7,25,49,-999,-1,-999,-1,-999,-1,-999,-1,25,PM25
bkp61t,2026-09-02,12:00,30,16.9,17,33,-999,-1,-999,-1,-999,-1,-999,-1,30,PM25
bkp62t,2026-09-02,12:00,53,25.6,-999,-1,-999,-1,-999,-1,-999,-1,-999,-1,53,PM25
bkp63t,2026-09-02,12:00,35,18.7,-999,-1,-999,-1,-999,-1,-999,-1,-999,-1,35,PM25
bkp64t,2026-09-02,12:00,57,26.6,-999,-1,-999,-1,-999,-1,-999,-1,-999,-1,57,PM25
bkp65t,2026-09-02,12:00,41,21.4,-999,-1,-999,-1,-999,-1,-999,-1,-999,-1,41,PM25
bkp66t,2026-09-02,12:00,42,21.7,-999,-1,-999,-1,-999,-1,-999,-1,-999,-1,42,PM25
bkp67t,2026-09-02,12:00,40,20.7,-999,-1,-999,-1,-999,-1,-999,-1,-999,-1,40,PM25
bkp69t,2026-09-02,12:00,42,21.6,-999,-1,-999,-1,-999,-1,-999,-1,-999,-1,42,PM25
bkp70t,2026-09-02,12:00,23,13.7,22,44,-999,-1,-999,-1,-999,-1,-999,-1,23,PM25
bkp71t,2026-09-02,12:00,24,14.2,20,39,-999,-1,-999,-1,-999,-1,-999,-1,24,PM25
bkp72t,2026-09-02,12:00,55,26.1,42,70,-999,-1,-999,-1,-999,-1,-999,-1,55,PM25
bkp73t,2026-09-02,12:00,32,17.7,-999,-1,-999,-1,-999,-1,-999,-1,-999,-1,32,PM25
bkp74t,2026-09-02,12:00,20,11.7,17,34,-999,-1,-999,-1,-999,-1,-999,-1,20,PM25
bkp75t,2026-09-02,12:00,40,20.7,27,52,-999,-1,-999,-1,-999,-1,-999,-1,40,PM25
bkp76t,2026-09-02,12:00,22,13.4,-999,-1,-999,-1,-999,-1,-999,-1,-999,-1,22,PM25
bkp77t,2026-09-02,12:00,24,14.3,18,36,-999,-1,-999,-1,-999,-1,-999,-1,24,PM25
bkp78t,2026-09-02,12:00,56,26.4,-999,-1,-999,-1,-999,-1,-999,-1,-999,-1,56,PM25
bkp79t,2026-09-02,12:00,43,22.2,22,44,-999,-1,-999,-1,-999,-1,-999,-1,43,PM25
bkp80t,2026-09-02,12:00,40,20.8,56,85,-999,-1,-999,-1,-999,-1,-999,-1,56,PM10
bkp81t,2026-09-02,12:00,51,25.1,50,80,-999,-1,-999,-1,-999,-1,-999,-1,51,PM25
bkp82t,2026-09-02,12:00,26,15.1,-999,-1,-999,-1,-999,-1,-999,-1,-999,-1,26,PM25
bkp83t,2026-09-02,12:00,23,14.0,-999,-1,-999,-1,-999,-1,-999,-1,-999,-1,23,PM25
bkp84t,2026-09-02,12:00,50,24.8,34,61,-999,-1,-999,-1,-999,-1,-999,-1,50,PM25
bkp85t,2026-09-02,12:00,40,20.9,-999,-1,-999,-1,-999,-1,-999,-1,-999,-1,40,PM25
bkp86t,2026-09-02,12:00,29,16.4,20,40,-999,-1,-999,-1,-999,-1,-999,-1,29,PM25
bkp87t,2026-09-02,12:00,27,15.5,18,35,-999,-1,-999,-1,-999,-1,-999,-1,27,PM25
bkp88t,2026-09-02,12:00,40,21.0,-999,-1,-999,-1,-999,-1,-999,-1,-999,-1,40,PM25
bkp89t,2026-09-02,12:00,41,21.3,35,62,-999,-1,-999,-1,-999,-1,-999,-1,41,PM25
bkp90t,2026-09-02,12:00,42,21.8,29,55,-999,-1,-999,-1,-999,-1,-999,-1,42,PM25
bkp91t,2026-09-02,12:00,23,13.8,23,45,-999,-1,-999,-1,-999,-1,-999,-1,23,PM25
bkp92t,2026-09-02,12:00,37,19.8,-999,-1,-999,-1,-999,-1,-999,-1,-999,-1,37,PM25
bkp93t,2026-09-02,12:00,23,13.7,21,41,-999,-1,-999,-1,-999,-1,-999,-1,23,PM25
bkp94t,2026-09-02,12:00,40,20.8,-999,-1,-999,-1,-999,-1,-999,-1,-999,-1,40,PM25
bkp95t,2026-09-02,12:00,35,18.7,-999,-1,-999,-1,-999,-1,-999,-1,-999,-1,35,PM25
bkp96t,2026-09-02,12:00,33,18.1,17,33,-999,-1,-999,-1,-999,-1,-999,-1,33,PM25
bkp97t,2026-09-02,12:00,36,19.3,-999,-1,-999,-1,-999,-1,-999,-1,-999,-1,36,PM25
bkp98t,2026-09-02,12:00,49,24.5,-999,-1,-999,-1,-999,-1,-999,-1,-999,-1,49,PM25
bkp99t,2026-09-02,12:00,25,14.7,15,30,-999,-1,-999,-1,-999,-1,-999,-1,25,PM25
o10,2026-09-02,12:00,29,16.5,-999,-1,-999,-1,-999,-1,-999,-1,-999,-1,29,PM25
o61,2026-09-02,12:00,21,12.4,-999,-1,-999,-1,-999,-1,-999,-1,-999,-1,21,PM25
o63,2026-09-02,12:00,14,8.6,-999,-1,-999,-1,-999,-1,-999,-1,-999,-1,14,PM25
88t,2026-09-02,16:00,13,7.9,8,15,-1,-1,-1,-1,3,6,-1,-1,13,PM25
bkp114t,2026-09-02,16:00,21,12.4,-999,-1,-999,-1,-999,-1,-999,-1,-999,-1,21,PM25
02t,2026-09-02,17:00,25,14.9,-1,-1,-1,-1,-1,-1,-1,-1,-1,-1,25,PM25
03t,2026-09-02,17:00,36,19.4,-1,-1,-1,-1,-1,-1,-1,-1,-999,-1,36,PM25
05t,2026-09-02,17:00,28,15.8,-1,-1,-1,-1,-1,-1,-1,-1,-1,-1,28,PM25
08t,2026-09-02,17:00,38,20.1,-1,-1,-1,-1,-1,-1,-1,-1,-1,-1,38,PM25
100t,2026-09-02,17:00,18,10.6,14,28,9,13,0,0.00,3,6,0,0,18,PM25
101t,2026-09-02,17:00,20,11.9,13,25,-1,-1,-1,-1,1,2,-1,-1,20,PM25
102t,2026-09-02,17:00,21,12.7,13,26,-1,-1,-1,-1,-1,-1,-1,-1,21,PM25
103t,2026-09-02,17:00,23,13.6,15,30,-1,-1,1,0.10,1,2,0,0,23,PM25
104t,2026-09-02,17:00,22,13.2,-1,-1,21,29,1,0.10,2,4,0,0,22,PM25
105t,2026-09-02,17:00,17,10.4,-999,-1,21,29,1,0.20,3,6,0,1,21,O3
106t,2026-09-02,17:00,9,5.1,-999,-1,14,20,1,0.20,0,1,0,0,14,O3
107t,2026-09-02,17:00,22,13.2,-1,-1,24,33,2,0.40,1,3,-1,-1,24,O3
108t,2026-09-02,17:00,13,8.0,-1,-1,19,26,12,2.10,0,1,1,2,19,O3
109t,2026-09-02,17:00,20,12.0,-1,-1,19,26,1,0.10,1,2,1,3,20,PM25
110t,2026-09-02,17:00,24,14.2,-999,-1,25,35,2,0.30,3,6,0,0,25,O3
111t,2026-09-02,17:00,16,9.5,-999,-1,24,34,1,0.20,0,1,0,0,24,O3
112t,2026-09-02,17:00,14,8.3,-999,-1,22,31,1,0.10,3,7,3,12,22,O3
113t,2026-09-02,17:00,27,15.5,16,31,38,43,1,0.10,0,0,0,0,38,O3
114t,2026-09-02,17:00,16,9.8,12,24,22,31,2,0.40,2,4,0,1,22,O3
115t,2026-09-02,17:00,15,9.2,9,18,18,25,1,0.20,1,2,0,1,18,O3
116t,2026-09-02,17:00,21,12.7,14,27,23,32,1,0.10,1,3,0,1,23,O3
117t,2026-09-02,17:00,23,13.5,-999,-1,14,19,1,0.20,1,3,0,1,23,PM25
118t,2026-09-02,17:00,14,8.6,-1,-1,11,15,-1,-1,1,2,0,0,14,PM25
119t,2026-09-02,17:00,15,8.8,-1,-1,11,16,7,1.30,0,1,1,2,15,PM25
120t,2026-09-02,17:00,20,11.8,-1,-1,15,21,3,0.50,1,2,0,0,20,PM25
121t,2026-09-02,17:00,24,14.2,-1,-1,18,25,1,0.20,1,3,0,0,24,PM25
12t,2026-09-02,17:00,27,15.6,-1,-1,-1,-1,-1,-1,-1,-1,-1,-1,27,PM25
13t,2026-09-02,17:00,14,8.2,13,26,20,28,1,0.20,-1,-1,-1,-1,20,O3
14t,2026-09-02,17:00,35,19.0,-1,-1,12,17,1,0.20,7,16,1,2,35,PM25
16t,2026-09-02,17:00,33,17.8,15,30,-1,-1,-1,-1,-1,-1,-1,-1,33,PM25
17t,2026-09-02,17:00,41,21.1,-1,-1,-1,-1,-1,-1,-1,-1,-1,-1,41,PM25
18t,2026-09-02,17:00,57,26.6,-1,-1,-1,-1,-1,-1,-1,-1,-1,-1,57,PM25
19t,2026-09-02,17:00,29,16.2,-1,-1,-1,-1,-1,-1,-1,-1,-1,-1,29,PM25
20t,2026-09-02,17:00,37,19.6,17,33,-1,-1,-1,-1,-1,-1,-1,-1,37,PM25
21t,2026-09-02,17:00,16,9.7,-1,-1,-1,-1,-1,-1,-1,-1,-1,-1,16,PM25
22t,2026-09-02,17:00,18,10.6,13,25,-1,-1,-1,-1,-1,-1,-1,-1,18,PM25
24t,2026-09-02,17:00,32,17.7,36,63,-1,-1,-1,-1,-1,-1,-1,-1,36,PM10
25t,2026-09-02,17:00,18,10.8,12,23,-1,-1,-999,-1,-1,-1,-999,-1,18,PM25
26t,2026-09-02,17:00,32,17.6,-1,-1,-1,-1,-1,-1,-1,-1,-1,-1,32,PM25
27t,2026-09-02,17:00,35,18.9,-1,-1,-1,-1,-999,-1,-1,-1,-1,-1,35,PM25
28t,2026-09-02,17:00,23,13.6,-1,-1,-1,-1,-1,-1,-1,-1,-1,-1,23,PM25
29t,2026-09-02,17:00,33,17.9,23,45,-1,-1,-1,-1,-1,-1,-1,-1,33,PM25
30t,2026-09-02,17:00,23,13.6,17,33,11,16,1,0.10,0,0,0,0,23,PM25
31t,2026-09-02,17:00,44,22.6,-1,-1,-1,-1,-1,-1,-1,-1,-1,-1,44,PM25
33t,2026-09-02,17:00,19,11.1,-1,-1,-1,-1,-999,-1,-1,-1,-999,-1,19,PM25
34t,2026-09-02,17:00,25,15.0,-1,-1,-1,-1,-1,-1,-1,-1,-999,-1,25,PM25
35t,2026-09-02,17:00,25,15.0,-1,-1,-1,-1,-1,-1,-1,-1,-1,-1,25,PM25
36t,2026-09-02,17:00,17,10.1,-1,-1,-999,-1,-1,-1,-1,-1,-1,-1,17,PM25
37t,2026-09-02,17:00,16,9.7,-1,-1,-1,-1,-1,-1,-1,-1,-1,-1,16,PM25
38t,2026-09-02,17:00,16,9.4,-1,-1,22,31,2,0.30,-1,-1,0,0,22,O3
39t,2026-09-02,17:00,16,9.3,-1,-1,-1,-1,-999,-1,-1,-1,0,0,16,PM25
40t,2026-09-02,17:00,16,9.5,-1,-1,-1,-1,-999,-1,-1,-1,-1,-1,16,PM25
41t,2026-09-02,17:00,16,9.4,-1,-1,-1,-1,-1,-1,-1,-1,-1,-1,16,PM25
42t,2026-09-02,17:00,19,11.5,-1,-1,-1,-1,-1,-1,-1,-1,-1,-1,19,PM25
43t,2026-09-02,17:00,20,11.8,-1,-1,-1,-1,-1,-1,-1,-1,-1,-1,20,PM25
44t,2026-09-02,17:00,20,12.0,-1,-1,-1,-1,-1,-1,-1,-1,-1,-1,20,PM25
46t,2026-09-02,17:00,33,17.8,-1,-1,-1,-1,-1,-1,-1,-1,-1,-1,33,PM25
47t,2026-09-02,17:00,30,16.7,-1,-1,-1,-1,-1,-1,-1,-1,-1,-1,30,PM25
50t,2026-09-02,17:00,35,19.0,-1,-1,-999,-1,-1,-1,-1,-1,-999,-1,35,PM25
52t,2026-09-02,17:00,35,18.8,-1,-1,-1,-1,-1,-1,-1,-1,-1,-1,35,PM25
53t,2026-09-02,17:00,35,18.8,-1,-1,-999,-1,-1,-1,-1,-1,-999,-1,35,PM25
54t,2026-09-02,17:00,36,19.4,-1,-1,-1,-1,0,0.00,-1,-1,-1,-1,36,PM25
57t,2026-09-02,17:00,20,11.7,9,18,-1,-1,-1,-1,-1,-1,-999,-1,20,PM25
58t,2026-09-02,17:00,13,7.9,9,17,-1,-1,-1,-1,-1,-1,-999,-1,13,PM25
59t,2026-09-02,17:00,24,14.3,14,28,17,24,1,0.20,3,7,-999,-1,24,PM25
60t,2026-09-02,17:00,29,16.2,-1,-1,-1,-1,-999,-1,-1,-1,-1,-1,29,PM25
61t,2026-09-02,17:00,26,15.1,-1,-1,-1,-1,-999,-1,-1,-1,-1,-1,26,PM25
62t,2026-09-02,17:00,24,14.6,-1,-1,-1,-1,-1,-1,-1,-1,-999,-1,24,PM25
63t,2026-09-02,17:00,24,14.5,-1,-1,-1,-1,-1,-1,-1,-1,-999,-1,24,PM25
67t,2026-09-02,17:00,28,15.9,-1,-1,-1,-1,-1,-1,-1,-1,-1,-1,28,PM25
68t,2026-09-02,17:00,17,10.2,10,20,-1,-1,-1,-1,-1,-1,-1,-1,17,PM25
69t,2026-09-02,17:00,16,9.7,-1,-1,-1,-1,-1,-1,-1,-1,-1,-1,16,PM25
70t,2026-09-02,17:00,17,9.9,-1,-1,-1,-1,-1,-1,-1,-1,-999,-1,17,PM25
71t,2026-09-02,17:00,17,10.1,11,21,9,12,0,0.00,2,4,3,10,17,PM25
72t,2026-09-02,17:00,12,7.3,9,17,-1,-1,-1,-1,0,0,-1,-1,12,PM25
73t,2026-09-02,17:00,21,12.5,-1,-1,-1,-1,-1,-1,-1,-1,-1,-1,21,PM25
74t,2026-09-02,17:00,29,16.2,-1,-1,-1,-1,-1,-1,-1,-1,-1,-1,29,PM25
75t,2026-09-02,17:00,14,8.2,-1,-1,-1,-1,-1,-1,0,0,2,9,14,PM25
76t,2026-09-02,17:00,16,9.5,-1,-1,-1,-1,-1,-1,-1,-1,-999,-1,16,PM25
77t,2026-09-02,17:00,35,19.0,17,33,-1,-1,-999,-1,-1,-1,-1,-1,35,PM25
78t,2026-09-02,17:00,24,14.1,-1,-1,-999,-1,-999,-1,-999,-1,-999,-1,24,PM25
79t,2026-09-02,17:00,31,17.1,-1,-1,-1,-1,-1,-1,-1,-1,-1,-1,31,PM25
80t,2026-09-02,17:00,19,11.5,-1,-1,-1,-1,-1,-1,-1,-1,-1,-1,19,PM25
81t,2026-09-02,17:00,29,16.4,-1,-1,-1,-1,-1,-1,-1,-1,-1,-1,29,PM25
82t,2026-09-02,17:00,21,12.4,14,27,-1,-1,1,0.20,0,1,-1,-1,21,PM25
83t,2026-09-02,17:00,20,11.7,13,26,-1,-1,-1,-1,-1,-1,-1,-1,20,PM25
84t,2026-09-02,17:00,28,16.1,18,36,-1,-1,-1,-1,-1,-1,-1,-1,28,PM25
85t,2026-09-02,17:00,16,9.6,-1,-1,-1,-1,-1,-1,-1,-1,-1,-1,16,PM25
86t,2026-09-02,17:00,22,12.9,15,29,-1,-1,5,0.90,8,19,-1,-1,22,PM25
87t,2026-09-02,17:00,22,13.3,-1,-1,-1,-1,-1,-1,0,1,-1,-1,22,PM25
89t,2026-09-02,17:00,19,11.5,12,23,-1,-1,-1,-1,-1,-1,-1,-1,19,PM25
90t,2026-09-02,17:00,13,7.5,9,17,-1,-1,-1,-1,-1,-1,-1,-1,13,PM25
91t,2026-09-02,17:00,18,11.0,-1,-1,-1,-1,-1,-1,-1,-1,-1,-1,18,PM25
92t,2026-09-02,17:00,17,10.0,10,20,-1,-1,-1,-1,-1,-1,-1,-1,17,PM25
93t,2026-09-02,17:00,20,11.8,12,24,-1,-1,1,0.10,2,4,0,0,20,PM25
94t,2026-09-02,17:00,17,10.2,10,20,-1,-1,-1,-1,-1,-1,-1,-1,17,PM25
95t,2026-09-02,17:00,14,8.4,10,20,-1,-1,-1,-1,-1,-1,-1,-1,14,PM25
96t,2026-09-02,17:00,15,9.1,11,21,-1,-1,5,0.80,0,1,0,1,15,PM25
97t,2026-09-02,17:00,13,7.8,8,16,14,19,0,0.00,2,4,1,3,14,O3
98t,2026-09-02,17:00,17,10.1,10,20,21,30,1,0.20,-1,-1,0,0,21,O3
99t,2026-09-02,17:00,20,12.0,13,26,19,27,1,0.20,1,3,1,4,20,PM25
bkp100t,2026-09-02,17:00,19,11.4,-999,-1,-999,-1,-999,-1,-999,-1,-999,-1,19,PM25
bkp101t,2026-09-02,17:00,27,15.5,15,29,-999,-1,-999,-1,-999,-1,-999,-1,27,PM25
bkp102t,2026-09-02,17:00,21,12.7,27,52,-999,-1,-999,-1,-999,-1,-999,-1,27,PM10
bkp103t,2026-09-02,17:00,29,16.4,-999,-1,-999,-1,-999,-1,-999,-1,-999,-1,29,PM25
bkp104t,2026-09-02,17:00,23,13.8,17,33,-999,-1,-999,-1,-999,-1,-999,-1,23,PM25
bkp105t,2026-09-02,17:00,42,21.5,-999,-1,-999,-1,-999,-1,-999,-1,-999,-1,42,PM25
bkp115t,2026-09-02,17:00,19,11.1,-999,-1,-999,-1,-999,-1,-999,-1,-999,-1,19,PM25
bkp116t,2026-09-02,17:00,20,12.1,-999,-1,-999,-1,-999,-1,-999,-1,-999,-1,20,PM25
bkp117t,2026-09-02,17:00,19,11.5,-999,-1,-999,-1,-999,-1,-999,-1,-999,-1,19,PM25
bkp118t,2026-09-02,17:00,28,15.9,-999,-1,-999,-1,-999,-1,-999,-1,-999,-1,28,PM25
bkp119t,2026-09-02,17:00,23,13.7,-999,-1,-999,-1,-999,-1,-999,-1,-999,-1,23,PM25
bkp120t,2026-09-02,17:00,21,12.5,-999,-1,-999,-1,-999,-1,-999,-1,-999,-1,21,PM25
bkp121t,2026-09-02,17:00,23,14.0,-999,-1,-999,-1,-999,-1,-999,-1,-999,-1,23,PM25
bkp122t,2026-09-02,17:00,17,10.1,-999,-1,-999,-1,-999,-1,-999,-1,-999,-1,17,PM25
bkp123t,2026-09-02,17:00,19,11.1,-999,-1,-999,-1,-999,-1,-999,-1,-999,-1,19,PM25
bkp124t,2026-09-02,17:00,31,17.2,-999,-1,-999,-1,-999,-1,-999,-1,-999,-1,31,PM25
bkp125t,2026-09-02,17:00,29,16.3,-999,-1,-999,-1,-999,-1,-999,-1,-999,-1,29,PM25
bkp126t,2026-09-02,17:00,25,14.8,-999,-1,-999,-1,-999,-1,-999,-1,-999,-1,25,PM25
bkp127t,2026-09-02,17:00,40,20.9,-999,-1,-999,-1,-999,-1,-999,-1,-999,-1,40,PM25
bkp128t,2026-09-02,17:00,19,11.3,-999,-1,-999,-1,-999,-1,-999,-1,-999,-1,19,PM25
bkp129t,2026-09-02,17:00,22,13.4,-999,-1,-999,-1,-999,-1,-999,-1,-999,-1,22,PM25
bkp130t,2026-09-02,17:00,17,9.9,-999,-1,-999,-1,-999,-1,-999,-1,-999,-1,17,PM25
bkp131t,2026-09-02,17:00,23,13.9,-999,-1,-999,-1,-999,-1,-999,-1,-999,-1,23,PM25
bkp133t,2026-09-02,17:00,22,13.3,-999,-1,-999,-1,-999,-1,-999,-1,-999,-1,22,PM25
bkp56t,2026-09-02,17:00,34,18.2,38,66,-999,-1,-999,-1,-999,-1,-999,-1,38,PM10
bkp57t,2026-09-02,17:00,32,17.5,25,49,-999,-1,-999,-1,-999,-1,-999,-1,32,PM25
bkp58t,2026-09-02,17:00,43,22.2,41,69,-999,-1,-999,-1,-999,-1,-999,-1,43,PM25
bkp59t,2026-09-02,17:00,38,19.9,24,48,-999,-1,-999,-1,-999,-1,-999,-1,38,PM25
bkp60t,2026-09-02,17:00,23,13.5,23,45,-999,-1,-999,-1,-999,-1,-999,-1,23,PM25
bkp61t,2026-09-02,17:00,25,14.9,16,32,-999,-1,-999,-1,-999,-1,-999,-1,25,PM25
bkp62t,2026-09-02,17:00,47,23.8,-999,-1,-999,-1,-999,-1,-999,-1,-999,-1,47,PM25
bkp63t,2026-09-02,17:00,31,17.0,-999,-1,-999,-1,-999,-1,-999,-1,-999,-1,31,PM25
bkp64t,2026-09-02,17:00,51,25.2,-999,-1,-999,-1,-999,-1,-999,-1,-999,-1,51,PM25
bkp65t,2026-09-02,17:00,38,20.1,-999,-1,-999,-1,-999,-1,-999,-1,-999,-1,38,PM25
bkp66t,2026-09-02,17:00,36,19.2,-999,-1,-999,-1,-999,-1,-999,-1,-999,-1,36,PM25
bkp67t,2026-09-02,17:00,38,20.1,-999,-1,-999,-1,-999,-1,-999,-1,-999,-1,38,PM25
bkp69t,2026-09-02,17:00,41,21.2,-999,-1,-999,-1,-999,-1,-999,-1,-999,-1,41,PM25
bkp70t,2026-09-02,17:00,21,12.6,21,42,-999,-1,-999,-1,-999,-1,-999,-1,21,PM25
bkp71t,2026-09-02,17:00,22,13.4,19,37,-999,-1,-999,-1,-999,-1,-999,-1,22,PM25
bkp72t,2026-09-02,17:00,62,28.0,40,68,-999,-1,-999,-1,-999,-1,-999,-1,62,PM25
bkp73t,2026-09-02,17:00,26,15.1,-999,-1,-999,-1,-999,-1,-999,-1,-999,-1,26,PM25
bkp74t,2026-09-02,17:00,17,10.3,16,31,-999,-1,-999,-1,-999,-1,-999,-1,17,PM25
bkp75t,2026-09-02,17:00,33,18.1,24,48,-999,-1,-999,-1,-999,-1,-999,-1,33,PM25
bkp76t,2026-09-02,17:00,21,12.4,-999,-1,-999,-1,-999,-1,-999,-1,-999,-1,21,PM25
bkp77t,2026-09-02,17:00,21,12.7,17,33,-999,-1,-999,-1,-999,-1,-999,-1,21,PM25
bkp78t,2026-09-02,17:00,55,26.1,-999,-1,-999,-1,-999,-1,-999,-1,-999,-1,55,PM25
bkp79t,2026-09-02,17:00,37,19.6,22,43,-999,-1,-999,-1,-999,-1,-999,-1,37,PM25
bkp80t,2026-09-02,17:00,36,19.1,50,80,-999,-1,-999,-1,-999,-1,-999,-1,50,PM10
bkp81t,2026-09-02,17:00,48,24.3,46,75,-999,-1,-999,-1,-999,-1,-999,-1,48,PM25
bkp82t,2026-09-02,17:00,28,15.9,-999,-1,-999,-1,-999,-1,-999,-1,-999,-1,28,PM25
bkp83t,2026-09-02,17:00,21,12.6,-999,-1,-999,-1,-999,-1,-999,-1,-999,-1,21,PM25
bkp84t,2026-09-02,17:00,43,22.2,26,51,-999,-1,-999,-1,-999,-1,-999,-1,43,PM25
bkp85t,2026-09-02,17:00,37,19.8,-999,-1,-999,-1,-999,-1,-999,-1,-999,-1,37,PM25
bkp86t,2026-09-02,17:00,26,15.2,18,35,-999,-1,-999,-1,-999,-1,-999,-1,26,PM25
bkp87t,2026-09-02,17:00,25,14.7,16,31,-999,-1,-999,-1,-999,-1,-999,-1,25,PM25
bkp88t,2026-09-02,17:00,38,19.9,-999,-1,-999,-1,-999,-1,-999,-1,-999,-1,38,PM25
bkp89t,2026-09-02,17:00,42,21.6,36,63,-999,-1,-999,-1,-999,-1,-999,-1,42,PM25
bkp90t,2026-09-02,17:00,39,20.4,27,52,-999,-1,-999,-1,-999,-1,-999,-1,39,PM25
bkp91t,2026-09-02,17:00,22,13.4,22,43,-999,-1,-999,-1,-999,-1,-999,-1,22,PM25
bkp92t,2026-09-02,17:00,32,17.4,-999,-1,-999,-1,-999,-1,-999,-1,-999,-1,32,PM25
bkp93t,2026-09-02,17:00,21,12.5,19,37,-999,-1,-999,-1,-999,-1,-999,-1,21,PM25
bkp94t,2026-09-02,17:00,38,20.0,-999,-1,-999,-1,-999,-1,-999,-1,-999,-1,38,PM25
bkp95t,2026-09-02,17:00,31,17.1,-999,-1,-999,-1,-999,-1,-999,-1,-999,-1,31,PM25
bkp96t,2026-09-02,17:00,27,15.5,15,30,-999,-1,-999,-1,-999,-1,-999,-1,27,PM25
bkp97t,2026-09-02,17:00,33,18.1,-999,-1,-999,-1,-999,-1,-999,-1,-999,-1,33,PM25
bkp98t,2026-09-02,17:00,46,23.3,-999,-1,-999,-1,-999,-1,-999,-1,-999,-1,46,PM25
bkp99t,2026-09-02,17:00,23,13.6,14,27,-999,-1,-999,-1,-999,-1,-999,-1,23,PM25
o10,2026-09-02,17:00,27,15.4,-999,-1,-999,-1,-999,-1,-999,-1,-999,-1,27,PM25
o61,2026-09-02,17:00,20,12.2,-999,-1,-999,-1,-999,-1,-999,-1,-999,-1,20,PM25
o63,2026-09-02,17:00,14,8.2,-999,-1,-999,-1,-999,-1,-999,-1,-999,-1,14,PM25
91t,2026-09-02,18:00,18,10.6,-1,-1,-1,-1,-1,-1,-1,-1,-1,-1,18,PM25
98t,2026-09-02,18:00,17,10.1,11,21,21,30,1,0.20,-1,-1,0,0,21,O3
o63,2026-09-02,19:00,14,8.3,-999,-1,-999,-1,-999,-1,-999,-1,-999,-1,14,PM25
102t,2026-09-02,20:00,22,13.4,13,26,-1,-1,-1,-1,-1,-1,1,3,22,PM25
103t,2026-09-02,20:00,21,12.6,15,29,-1,-1,1,0.10,5,13,0,0,21,PM25
109t,2026-09-02,20:00,20,12.1,-1,-1,16,22,1,0.20,4,10,1,3,20,PM25
111t,2026-09-02,20:00,16,9.4,-999,-1,24,34,1,0.20,2,4,0,0,24,O3
112t,2026-09-02,20:00,13,8.0,-999,-1,22,31,1,0.10,0,0,6,23,22,O3
113t,2026-09-02,20:00,26,15.3,16,31,35,41,1,0.10,0,0,0,0,35,O3
120t,2026-09-02,20:00,20,12.2,-1,-1,14,19,3,0.50,1,2,0,0,20,PM25
121t,2026-09-02,20:00,24,14.6,-1,-1,14,20,1,0.20,3,8,0,0,24,PM25
13t,2026-09-02,20:00,13,7.9,13,26,19,26,1,0.20,-1,-1,-1,-1,19,O3
17t,2026-09-02,20:00,38,20.0,-1,-1,-1,-1,-1,-1,-1,-1,-1,-1,38,PM25
18t,2026-09-02,20:00,57,26.5,-1,-1,-1,-1,-1,-1,-1,-1,-1,-1,57,PM25
19t,2026-09-02,20:00,30,16.6,-1,-1,-1,-1,-1,-1,-1,-1,-1,-1,30,PM25
20t,2026-09-02,20:00,39,20.3,17,34,-1,-1,-1,-1,-1,-1,-1,-1,39,PM25
22t,2026-09-02,20:00,18,10.7,13,25,-1,-1,-1,-1,-1,-1,-1,-1,18,PM25
26t,2026-09-02,20:00,31,17.0,-1,-1,-1,-1,-1,-1,-1,-1,-1,-1,31,PM25
27t,2026-09-02,20:00,35,18.9,-1,-1,-1,-1,-999,-1,-1,-1,-1,-1,35,PM25
28t,2026-09-02,20:00,22,12.9,-1,-1,-1,-1,-1,-1,-1,-1,-1,-1,22,PM25
29t,2026-09-02,20:00,33,17.9,22,44,-1,-1,-1,-1,-1,-1,-1,-1,33,PM25
30t,2026-09-02,20:00,23,13.7,17,34,12,17,1,0.10,0,0,0,0,23,PM25
31t,2026-09-02,20:00,45,23.0,-1,-1,-1,-1,-1,-1,-1,-1,-1,-1,45,PM25
35t,2026-09-02,20:00,27,15.7,-1,-1,-1,-1,-1,-1,-1,-1,-1,-1,27,PM25
53t,2026-09-02,20:00,33,17.8,-1,-1,-999,-1,-1,-1,-1,-1,-999,-1,33,PM25
69t,2026-09-02,20:00,16,9.4,-1,-1,-1,-1,-1,-1,-1,-1,-1,-1,16,PM25
70t,2026-09-02,20:00,17,10.4,-1,-1,-1,-1,-1,-1,-1,-1,-999,-1,17,PM25
74t,2026-09-02,20:00,29,16.4,-1,-1,-1,-1,-1,-1,-1,-1,-1,-1,29,PM25
77t,2026-09-02,20:00,36,19.4,17,33,-1,-1,-999,-1,-1,-1,-1,-1,36,PM25
78t,2026-09-02,20:00,24,14.5,-1,-1,-999,-1,-999,-1,-999,-1,-999,-1,24,PM25
83t,2026-09-02,20:00,18,10.8,13,25,-1,-1,-1,-1,-1,-1,-1,-1,18,PM25
86t,2026-09-02,20:00,24,14.2,16,31,-1,-1,5,0.90,10,23,-1,-1,24,PM25
87t,2026-09-02,20:00,20,12.2,-1,-1,-1,-1,-1,-1,-1,-1,-1,-1,20,PM25
90t,2026-09-02,20:00,12,7.2,8,16,-1,-1,-1,-1,-1,-1,-1,-1,12,PM25
92t,2026-09-02,20:00,17,10.2,10,20,-1,-1,-1,-1,-1,-1,-1,-1,17,PM25
93t,2026-09-02,20:00,21,12.3,13,25,-1,-1,1,0.10,3,7,0,0,21,PM25
95t,2026-09-02,20:00,16,9.5,12,23,-1,-1,-1,-1,-1,-1,-1,-1,16,PM25
96t,2026-09-02,20:00,15,9.1,11,21,-1,-1,5,0.80,0,1,0,1,15,PM25
97t,2026-09-02,20:00,14,8.5,8,16,14,19,0,0.00,3,7,1,3,14,PM25
o61,2026-09-02,20:00,21,12.3,-999,-1,-999,-1,-999,-1,-999,-1,-999,-1,21,PM25
02t,2026-09-02,21:00,24,14.6,-1,-1,-1,-1,-1,-1,-1,-1,-1,-1,24,PM25
08t,2026-09-02,21:00,37,19.5,-1,-1,-1,-1,-1,-1,-1,-1,-1,-1,37,PM25
101t,2026-09-02,21:00,20,12.1,13,26,-1,-1,-1,-1,2,5,-1,-1,20,PM25
104t,2026-09-02,21:00,23,13.9,-1,-1,18,25,1,0.20,3,6,0,1,23,PM25
105t,2026-09-02,21:00,17,10.0,-999,-1,19,27,1,0.20,6,15,0,1,19,O3
106t,2026-09-02,21:00,9,5.2,-999,-1,11,15,2,0.30,2,5,0,0,11,O3
107t,2026-09-02,21:00,22,12.9,-1,-1,24,33,3,0.50,2,4,-1,-1,24,O3
108t,2026-09-02,21:00,13,7.9,-1,-1,19,27,13,2.20,0,1,1,2,19,O3
109t,2026-09-02,21:00,20,12.2,-1,-1,14,20,1,0.20,3,6,1,3,20,PM25
110t,2026-09-02,21:00,24,14.6,-999,-1,19,26,2,0.30,5,11,0,0,24,PM25
114t,2026-09-02,21:00,16,9.6,13,25,20,28,2,0.40,3,7,0,1,20,O3
115t,2026-09-02,21:00,14,8.2,9,17,16,23,1,0.20,0,1,0,1,16,O3
116t,2026-09-02,21:00,23,13.5,13,26,21,29,1,0.10,3,6,0,1,23,PM25
117t,2026-09-02,21:00,21,12.7,-999,-1,12,17,1,0.20,1,3,0,1,21,PM25
118t,2026-09-02,21:00,15,8.8,-1,-1,9,13,-1,-1,2,5,0,0,15,PM25
119t,2026-09-02,21:00,15,8.7,-1,-1,9,12,7,1.30,1,3,1,2,15,PM25
14t,2026-09-02,21:00,37,19.7,-1,-1,10,14,2,0.40,8,20,2,8,37,PM25
16t,2026-09-02,21:00,31,17.3,15,30,-1,-1,-1,-1,-1,-1,-1,-1,31,PM25
21t,2026-09-02,21:00,18,10.6,-1,-1,-1,-1,-1,-1,-1,-1,-1,-1,18,PM25
24t,2026-09-02,21:00,33,18.1,39,67,-1,-1,-1,-1,-1,-1,-1,-1,39,PM10
25t,2026-09-02,21:00,18,10.8,12,23,-1,-1,-999,-1,-1,-1,-999,-1,18,PM25
33t,2026-09-02,21:00,18,10.6,-1,-1,-1,-1,-999,-1,-1,-1,-999,-1,18,PM25
34t,2026-09-02,21:00,24,14.4,-1,-1,-1,-1,-1,-1,-1,-1,-999,-1,24,PM25
36t,2026-09-02,21:00,16,9.6,-1,-1,-999,-1,-1,-1,-1,-1,-1,-1,16,PM25
40t,2026-09-02,21:00,16,9.8,-1,-1,-1,-1,-999,-1,-1,-1,-1,-1,16,PM25
46t,2026-09-02,21:00,31,17.3,-1,-1,-1,-1,-1,-1,-1,-1,-1,-1,31,PM25
47t,2026-09-02,21:00,30,16.9,-1,-1,-1,-1,-1,-1,-1,-1,-1,-1,30,PM25
50t,2026-09-02,21:00,35,18.7,-1,-1,-999,-1,-1,-1,-1,-1,-999,-1,35,PM25
52t,2026-09-02,21:00,32,17.4,-1,-1,-1,-1,-1,-1,-1,-1,-1,-1,32,PM25
57t,2026-09-02,21:00,20,11.7,9,18,-1,-1,-1,-1,-1,-1,-999,-1,20,PM25
58t,2026-09-02,21:00,13,7.9,9,18,-1,-1,-1,-1,-1,-1,-999,-1,13,PM25
59t,2026-09-02,21:00,22,13.0,13,26,16,22,2,0.30,8,20,-999,-1,22,PM25
60t,2026-09-02,21:00,33,17.8,-1,-1,-1,-1,-999,-1,-1,-1,-1,-1,33,PM25
61t,2026-09-02,21:00,25,15.0,-1,-1,-1,-1,-999,-1,-1,-1,-1,-1,25,PM25
67t,2026-09-02,21:00,29,16.5,-1,-1,-1,-1,-1,-1,-1,-1,-1,-1,29,PM25
68t,2026-09-02,21:00,17,9.9,10,19,-1,-1,-1,-1,-1,-1,-1,-1,17,PM25
71t,2026-09-02,21:00,16,9.6,10,20,9,12,0,0.00,3,6,3,10,16,PM25
72t,2026-09-02,21:00,13,7.7,9,17,-1,-1,-1,-1,0,0,-1,-1,13,PM25
73t,2026-09-02,21:00,22,13.3,-1,-1,-1,-1,-1,-1,-1,-1,-1,-1,22,PM25
75t,2026-09-02,21:00,14,8.3,-1,-1,-1,-1,-1,-1,0,1,2,9,14,PM25
79t,2026-09-02,21:00,29,16.4,-1,-1,-1,-1,-1,-1,-1,-1,-1,-1,29,PM25
81t,2026-09-02,21:00,33,17.8,-1,-1,-1,-1,-1,-1,-1,-1,-1,-1,33,PM25
82t,2026-09-02,21:00,21,12.6,14,28,-1,-1,1,0.20,2,5,-1,-1,21,PM25
84t,2026-09-02,21:00,29,16.4,19,38,-1,-1,-1,-1,-1,-1,-1,-1,29,PM25
85t,2026-09-02,21:00,13,7.9,-1,-1,-1,-1,-1,-1,-1,-1,-1,-1,13,PM25
88t,2026-09-02,21:00,14,8.5,8,16,-1,-1,-1,-1,1,3,-1,-1,14,PM25
94t,2026-09-02,21:00,20,11.8,11,22,-1,-1,-1,-1,-1,-1,-1,-1,20,PM25
99t,2026-09-02,21:00,23,13.7,14,27,18,25,1,0.20,3,6,1,4,23,PM25
bkp100t,2026-09-02,21:00,18,10.5,-999,-1,-999,-1,-999,-1,-999,-1,-999,-1,18,PM25
bkp101t,2026-09-02,21:00,26,15.1,15,30,-999,-1,-999,-1,-999,-1,-999,-1,26,PM25
bkp102t,2026-09-02,21:00,21,12.5,25,50,-999,-1,-999,-1,-999,-1,-999,-1,25,PM10
bkp103t,2026-09-02,21:00,27,15.6,-999,-1,-999,-1,-999,-1,-999,-1,-999,-1,27,PM25
bkp104t,2026-09-02,21:00,23,13.9,17,33,-999,-1,-999,-1,-999,-1,-999,-1,23,PM25
bkp105t,2026-09-02,21:00,42,21.7,-999,-1,-999,-1,-999,-1,-999,-1,-999,-1,42,PM25
bkp114t,2026-09-02,21:00,18,10.9,-999,-1,-999,-1,-999,-1,-999,-1,-999,-1,18,PM25
bkp115t,2026-09-02,21:00,18,10.6,-999,-1,-999,-1,-999,-1,-999,-1,-999,-1,18,PM25
bkp116t,2026-09-02,21:00,20,12.0,-999,-1,-999,-1,-999,-1,-999,-1,-999,-1,20,PM25
bkp117t,2026-09-02,21:00,19,11.3,-999,-1,-999,-1,-999,-1,-999,-1,-999,-1,19,PM25
bkp118t,2026-09-02,21:00,28,15.8,-999,-1,-999,-1,-999,-1,-999,-1,-999,-1,28,PM25
bkp119t,2026-09-02,21:00,23,13.7,-999,-1,-999,-1,-999,-1,-999,-1,-999,-1,23,PM25
bkp120t,2026-09-02,21:00,20,11.9,-999,-1,-999,-1,-999,-1,-999,-1,-999,-1,20,PM25
bkp121t,2026-09-02,21:00,23,13.7,-999,-1,-999,-1,-999,-1,-999,-1,-999,-1,23,PM25
bkp122t,2026-09-02,21:00,17,9.9,-999,-1,-999,-1,-999,-1,-999,-1,-999,-1,17,PM25
bkp123t,2026-09-02,21:00,18,10.6,-999,-1,-999,-1,-999,-1,-999,-1,-999,-1,18,PM25
bkp124t,2026-09-02,21:00,32,17.5,-999,-1,-999,-1,-999,-1,-999,-1,-999,-1,32,PM25
bkp125t,2026-09-02,21:00,27,15.4,-999,-1,-999,-1,-999,-1,-999,-1,-999,-1,27,PM25
bkp126t,2026-09-02,21:00,25,15.0,-999,-1,-999,-1,-999,-1,-999,-1,-999,-1,25,PM25
bkp127t,2026-09-02,21:00,41,21.4,-999,-1,-999,-1,-999,-1,-999,-1,-999,-1,41,PM25
bkp128t,2026-09-02,21:00,19,11.1,-999,-1,-999,-1,-999,-1,-999,-1,-999,-1,19,PM25
bkp129t,2026-09-02,21:00,23,13.6,-999,-1,-999,-1,-999,-1,-999,-1,-999,-1,23,PM25
bkp130t,2026-09-02,21:00,17,10.3,-999,-1,-999,-1,-999,-1,-999,-1,-999,-1,17,PM25
bkp131t,2026-09-02,21:00,22,13.0,-999,-1,-999,-1,-999,-1,-999,-1,-999,-1,22,PM25
bkp133t,2026-09-02,21:00,22,13.0,-999,-1,-999,-1,-999,-1,-999,-1,-999,-1,22,PM25
bkp56t,2026-09-02,21:00,32,17.6,38,65,-999,-1,-999,-1,-999,-1,-999,-1,38,PM10
bkp57t,2026-09-02,21:00,29,16.5,24,48,-999,-1,-999,-1,-999,-1,-999,-1,29,PM25
bkp58t,2026-09-02,21:00,43,22.0,37,64,-999,-1,-999,-1,-999,-1,-999,-1,43,PM25
bkp59t,2026-09-02,21:00,41,21.2,24,47,-999,-1,-999,-1,-999,-1,-999,-1,41,PM25
bkp60t,2026-09-02,21:00,20,11.9,23,45,-999,-1,-999,-1,-999,-1,-999,-1,23,PM10
bkp61t,2026-09-02,21:00,24,14.1,16,32,-999,-1,-999,-1,-999,-1,-999,-1,24,PM25
bkp62t,2026-09-02,21:00,48,24.0,-999,-1,-999,-1,-999,-1,-999,-1,-999,-1,48,PM25
bkp63t,2026-09-02,21:00,29,16.5,-999,-1,-999,-1,-999,-1,-999,-1,-999,-1,29,PM25
bkp64t,2026-09-02,21:00,48,24.1,-999,-1,-999,-1,-999,-1,-999,-1,-999,-1,48,PM25
bkp65t,2026-09-02,21:00,35,18.9,-999,-1,-999,-1,-999,-1,-999,-1,-999,-1,35,PM25
bkp66t,2026-09-02,21:00,34,18.4,-999,-1,-999,-1,-999,-1,-999,-1,-999,-1,34,PM25
bkp67t,2026-09-02,21:00,35,19.0,-999,-1,-999,-1,-999,-1,-999,-1,-999,-1,35,PM25
bkp69t,2026-09-02,21:00,39,20.5,-999,-1,-999,-1,-999,-1,-999,-1,-999,-1,39,PM25
bkp70t,2026-09-02,21:00,21,12.7,21,42,-999,-1,-999,-1,-999,-1,-999,-1,21,PM25
bkp71t,2026-09-02,21:00,22,13.0,18,36,-999,-1,-999,-1,-999,-1,-999,-1,22,PM25
bkp72t,2026-09-02,21:00,65,28.6,43,71,-999,-1,-999,-1,-999,-1,-999,-1,65,PM25
bkp73t,2026-09-02,21:00,24,14.6,-999,-1,-999,-1,-999,-1,-999,-1,-999,-1,24,PM25
bkp74t,2026-09-02,21:00,17,9.9,16,31,-999,-1,-999,-1,-999,-1,-999,-1,17,PM25
bkp75t,2026-09-02,21:00,33,17.9,23,45,-999,-1,-999,-1,-999,-1,-999,-1,33,PM25
bkp76t,2026-09-02,21:00,19,11.5,-999,-1,-999,-1,-999,-1,-999,-1,-999,-1,19,PM25
bkp77t,2026-09-02,21:00,20,11.7,17,33,-999,-1,-999,-1,-999,-1,-999,-1,20,PM25
bkp78t,2026-09-02,21:00,57,26.5,-999,-1,-999,-1,-999,-1,-999,-1,-999,-1,57,PM25
bkp79t,2026-09-02,21:00,35,18.9,22,44,-999,-1,-999,-1,-999,-1,-999,-1,35,PM25
bkp80t,2026-09-02,21:00,36,19.2,52,82,-999,-1,-999,-1,-999,-1,-999,-1,52,PM10
bkp81t,2026-09-02,21:00,48,24.3,45,74,-999,-1,-999,-1,-999,-1,-999,-1,48,PM25
bkp82t,2026-09-02,21:00,24,14.3,-999,-1,-999,-1,-999,-1,-999,-1,-999,-1,24,PM25
bkp83t,2026-09-02,21:00,20,12.0,-999,-1,-999,-1,-999,-1,-999,-1,-999,-1,20,PM25
bkp84t,2026-09-02,21:00,43,22.2,26,51,-999,-1,-999,-1,-999,-1,-999,-1,43,PM25
bkp85t,2026-09-02,21:00,36,19.2,-999,-1,-999,-1,-999,-1,-999,-1,-999,-1,36,PM25
bkp86t,2026-09-02,21:00,26,15.1,17,33,-999,-1,-999,-1,-999,-1,-999,-1,26,PM25
bkp87t,2026-09-02,21:00,25,14.8,15,30,-999,-1,-999,-1,-999,-1,-999,-1,25,PM25
bkp88t,2026-09-02,21:00,37,19.7,-999,-1,-999,-1,-999,-1,-999,-1,-999,-1,37,PM25
bkp89t,2026-09-02,21:00,42,21.8,33,60,-999,-1,-999,-1,-999,-1,-999,-1,42,PM25
bkp90t,2026-09-02,21:00,40,20.7,27,52,-999,-1,-999,-1,-999,-1,-999,-1,40,PM25
bkp91t,2026-09-02,21:00,24,14.1,22,44,-999,-1,-999,-1,-999,-1,-999,-1,24,PM25
bkp92t,2026-09-02,21:00,31,17.3,-999,-1,-999,-1,-999,-1,-999,-1,-999,-1,31,PM25
bkp93t,2026-09-02,21:00,20,12.0,19,37,-999,-1,-999,-1,-999,-1,-999,-1,20,PM25
bkp94t,2026-09-02,21:00,36,19.1,-999,-1,-999,-1,-999,-1,-999,-1,-999,-1,36,PM25
bkp95t,2026-09-02,21:00,30,16.7,-999,-1,-999,-1,-999,-1,-999,-1,-999,-1,30,PM25
bkp96t,2026-09-02,21:00,23,13.9,16,31,-999,-1,-999,-1,-999,-1,-999,-1,23,PM25
bkp97t,2026-09-02,21:00,33,17.9,-999,-1,-999,-1,-999,-1,-999,-1,-999,-1,33,PM25
bkp98t,2026-09-02,21:00,47,23.6,-999,-1,-999,-1,-999,-1,-999,-1,-999,-1,47,PM25
bkp99t,2026-09-02,21:00,22,13.3,13,26,-999,-1,-999,-1,-999,-1,-999,-1,22,PM25
o10,2026-09-02,21:00,24,14.5,-999,-1,-999,-1,-999,-1,-999,-1,-999,-1,24,PM25
o63,2026-09-02,21:00,14,8.3,-999,-1,-999,-1,-999,-1,-999,-1,-999,-1,14,PM25
42t,2026-09-02,22:00,20,11.9,-1,-1,-1,-1,-1,-1,-1,-1,-1,-1,20,PM25
43t,2026-09-02,22:00,20,12.1,-1,-1,-1,-1,-1,-1,-1,-1,-1,-1,20,PM25
44t,2026-09-02,22:00,21,12.3,-1,-1,-1,-1,-1,-1,-1,-1,-1,-1,21,PM25
62t,2026-09-02,22:00,25,14.8,-1,-1,-1,-1,-1,-1,-1,-1,-999,-1,25,PM25
80t,2026-09-02,22:00,20,11.8,-1,-1,-1,-1,-1,-1,-1,-1,-1,-1,20,PM25
87t,2026-09-02,22:00,20,12.0,-1,-1,-1,-1,-1,-1,0,0,-1,-1,20,PM25
89t,2026-09-02,22:00,20,11.8,12,24,-1,-1,-1,-1,-1,-1,-1,-1,20,PM25
93t,2026-09-02,23:00,20,11.8,13,25,-1,-1,1,0.10,3,7,0,0,20,PM25
102t,2026-09-03,00:00,23,13.7,14,27,-1,-1,-1,-1,-1,-1,1,3,23,PM25
105t,2026-09-03,00:00,17,10.3,-999,-1,12,17,1,0.20,5,13,0,1,17,PM25
112t,2026-09-03,00:00,13,7.7,-999,-1,20,28,0,0.00,0,1,4,17,20,O3
113t,2026-09-03,00:00,21,12.6,13,26,28,37,1,0.20,0,0,0,0,28,O3
114t,2026-09-03,00:00,15,9.1,12,23,17,24,2,0.40,1,3,0,1,17,O3
115t,2026-09-03,00:00,13,8.0,9,17,14,19,1,0.20,0,0,0,1,14,O3
121t,2026-09-03,00:00,23,13.7,-1,-1,8,11,2,0.30,3,7,0,0,23,PM25
13t,2026-09-03,00:00,14,8.3,13,26,11,16,1,0.20,-1,-1,-1,-1,14,PM25
16t,2026-09-03,00:00,32,17.5,15,30,-1,-1,-1,-1,-1,-1,-1,-1,32,PM25
19t,2026-09-03,00:00,30,16.9,-1,-1,-1,-1,-1,-1,-1,-1,-1,-1,30,PM25
22t,2026-09-03,00:00,17,10.4,12,24,-1,-1,-1,-1,-1,-1,-1,-1,17,PM25
26t,2026-09-03,00:00,30,16.7,-1,-1,-1,-1,-1,-1,-1,-1,-1,-1,30,PM25
30t,2026-09-03,00:00,22,13.2,17,33,11,16,1,0.10,0,1,0,0,22,PM25
53t,2026-09-03,00:00,31,17.3,-1,-1,-999,-1,-1,-1,-1,-1,-999,-1,31,PM25
67t,2026-09-03,00:00,30,16.6,-1,-1,-1,-1,-1,-1,-1,-1,-1,-1,30,PM25
69t,2026-09-03,00:00,15,9.2,-1,-1,-1,-1,-1,-1,-1,-1,-1,-1,15,PM25
70t,2026-09-03,00:00,16,9.7,-1,-1,-1,-1,-1,-1,-1,-1,-999,-1,16,PM25
71t,2026-09-03,00:00,16,9.5,10,20,9,12,0,0.00,1,2,3,10,16,PM25
73t,2026-09-03,00:00,23,13.6,-1,-1,-1,-1,-1,-1,-1,-1,-1,-1,23,PM25
78t,2026-09-03,00:00,22,13.4,-1,-1,-999,-1,-999,-1,-999,-1,-999,-1,22,PM25
83t,2026-09-03,00:00,17,10.0,12,24,-1,-1,-1,-1,-1,-1,-1,-1,17,PM25
85t,2026-09-03,00:00,14,8.4,-1,-1,-1,-1,-1,-1,-1,-1,-1,-1,14,PM25
86t,2026-09-03,00:00,25,14.9,16,32,-1,-1,5,0.90,7,17,-1,-1,25,PM25
91t,2026-09-03,00:00,16,9.5,-1,-1,-1,-1,-1,-1,-1,-1,-1,-1,16,PM25
92t,2026-09-03,00:00,16,9.5,10,20,-1,-1,-1,-1,-1,-1,-1,-1,16,PM25
96t,2026-09-03,00:00,16,9.6,11,22,-1,-1,5,0.80,0,1,0,1,16,PM25
98t,2026-09-03,00:00,17,10.0,10,20,19,26,1,0.20,-1,-1,0,0,19,O3
o61,2026-09-03,00:00,22,13.1,-999,-1,-999,-1,-999,-1,-999,-1,-999,-1,22,PM25
02t,2026-09-03,01:00,28,15.8,-1,-1,-1,-1,-1,-1,-1,-1,-1,-1,28,PM25
08t,2026-09-03,01:00,36,19.1,-1,-1,-1,-1,-1,-1,-1,-1,-1,-1,36,PM25
100t,2026-09-03,01:00,18,10.5,13,26,7,10,1,0.10,-1,-1,-1,-1,18,PM25
101t,2026-09-03,01:00,22,13.1,14,27,-1,-1,-1,-1,2,4,-1,-1,22,PM25
103t,2026-09-03,01:00,20,12.1,15,29,-1,-1,2,0.30,4,10,0,0,20,PM25
104t,2026-09-03,01:00,23,13.7,-1,-1,11,16,1,0.20,2,4,0,0,23,PM25
106t,2026-09-03,01:00,9,5.1,-999,-1,5,7,2,0.40,0,1,0,0,9,PM25
107t,2026-09-03,01:00,20,11.8,-1,-1,16,23,3,0.60,0,1,0,0,20,PM25
108t,2026-09-03,01:00,13,7.6,-1,-1,18,25,13,2.20,0,0,1,2,18,O3
110t,2026-09-03,01:00,24,14.2,-999,-1,12,17,2,0.40,1,2,0,0,24,PM25
111t,2026-09-03,01:00,16,9.8,-999,-1,15,21,1,0.20,-1,-1,-1,-1,16,PM25
116t,2026-09-03,01:00,23,13.8,13,26,14,19,1,0.20,1,3,0,1,23,PM25
117t,2026-09-03,01:00,21,12.4,-999,-1,9,13,1,0.20,2,5,0,1,21,PM25
118t,2026-09-03,01:00,13,8.0,-1,-1,6,9,-1,-1,2,4,0,0,13,PM25
119t,2026-09-03,01:00,14,8.1,-1,-1,5,7,8,1.40,0,1,1,2,14,PM25
120t,2026-09-03,01:00,18,10.8,-1,-1,11,15,3,0.60,1,2,0,0,18,PM25
13t,2026-09-03,01:00,14,8.4,13,26,10,14,1,0.20,-1,-1,-1,-1,14,PM25
14t,2026-09-03,01:00,42,21.8,-1,-1,6,8,2,0.40,4,10,1,2,42,PM25
17t,2026-09-03,01:00,39,20.4,-1,-1,-1,-1,-1,-1,-1,-1,-1,-1,39,PM25
18t,2026-09-03,01:00,56,26.4,-1,-1,-1,-1,-1,-1,-1,-1,-1,-1,56,PM25
20t,2026-09-03,01:00,38,20.2,17,34,-1,-1,-1,-1,-1,-1,-1,-1,38,PM25
21t,2026-09-03,01:00,18,11.0,-1,-1,-1,-1,-1,-1,-1,-1,-1,-1,18,PM25
24t,2026-09-03,01:00,34,18.3,37,64,-1,-1,-1,-1,-1,-1,-1,-1,37,PM10
25t,2026-09-03,01:00,20,11.8,12,24,-1,-1,-999,-1,-1,-1,-999,-1,20,PM25
27t,2026-09-03,01:00,40,20.9,-1,-1,-1,-1,-999,-1,-1,-1,-1,-1,40,PM25
28t,2026-09-03,01:00,21,12.8,-1,-1,-1,-1,-1,-1,-1,-1,-1,-1,21,PM25
29t,2026-09-03,01:00,30,16.9,22,44,-1,-1,-1,-1,-1,-1,-1,-1,30,PM25
31t,2026-09-03,01:00,47,23.9,-1,-1,-1,-1,-1,-1,-1,-1,-1,-1,47,PM25
33t,2026-09-03,01:00,19,11.3,-1,-1,-1,-1,-999,-1,-1,-1,-999,-1,19,PM25
34t,2026-09-03,01:00,23,13.8,-1,-1,-1,-1,-1,-1,-1,-1,-999,-1,23,PM25
35t,2026-09-03,01:00,28,15.8,-1,-1,-1,-1,-1,-1,-1,-1,-1,-1,28,PM25
36t,2026-09-03,01:00,16,9.8,-1,-1,-999,-1,-1,-1,-1,-1,-1,-1,16,PM25
40t,2026-09-03,01:00,16,9.7,-1,-1,-1,-1,-999,-1,-1,-1,-1,-1,16,PM25
46t,2026-09-03,01:00,29,16.3,-1,-1,-1,-1,-1,-1,-1,-1,-1,-1,29,PM25
47t,2026-09-03,01:00,31,17.1,-1,-1,-1,-1,-1,-1,-1,-1,-1,-1,31,PM25
50t,2026-09-03,01:00,35,18.8,-1,-1,-999,-1,-1,-1,-1,-1,-999,-1,35,PM25
52t,2026-09-03,01:00,32,17.4,-1,-1,-1,-1,-1,-1,-1,-1,-1,-1,32,PM25
57t,2026-09-03,01:00,19,11.3,9,17,-1,-1,-1,-1,-1,-1,-999,-1,19,PM25
58t,2026-09-03,01:00,13,7.6,9,18,-1,-1,-1,-1,-1,-1,-999,-1,13,PM25
59t,2026-09-03,01:00,21,12.6,14,27,8,11,2,0.40,2,4,-999,-1,21,PM25
60t,2026-09-03,01:00,34,18.2,-1,-1,-1,-1,-999,-1,-1,-1,-1,-1,34,PM25
61t,2026-09-03,01:00,26,15.1,-1,-1,-1,-1,-999,-1,-1,-1,-1,-1,26,PM25
68t,2026-09-03,01:00,17,10.1,10,19,-1,-1,-1,-1,-1,-1,-1,-1,17,PM25
72t,2026-09-03,01:00,13,7.7,9,17,-1,-1,-1,-1,0,0,-1,-1,13,PM25
74t,2026-09-03,01:00,27,15.4,-1,-1,-1,-1,-1,-1,-1,-1,-1,-1,27,PM25
75t,2026-09-03,01:00,15,8.7,-1,-1,-1,-1,-1,-1,0,1,2,9,15,PM25
77t,2026-09-03,01:00,43,22.0,18,35,-1,-1,-999,-1,-1,-1,-1,-1,43,PM25
79t,2026-09-03,01:00,32,17.4,-1,-1,-1,-1,-1,-1,-1,-1,-1,-1,32,PM25
81t,2026-09-03,01:00,31,17.2,-1,-1,-1,-1,-1,-1,-1,-1,-1,-1,31,PM25
82t,2026-09-03,01:00,22,13.3,15,29,-1,-1,1,0.20,1,2,-1,-1,22,PM25
84t,2026-09-03,01:00,30,16.6,20,39,-1,-1,-1,-1,-1,-1,-1,-1,30,PM25
88t,2026-09-03,01:00,16,9.5,9,17,-1,-1,-1,-1,1,2,-1,-1,16,PM25
90t,2026-09-03,01:00,10,5.8,8,15,-1,-1,-1,-1,-1,-1,-1,-1,10,PM25
94t,2026-09-03,01:00,17,10.2,10,20,-1,-1,-1,-1,-1,-1,-1,-1,17,PM25
95t,2026-09-03,01:00,17,10.0,12,24,-1,-1,-1,-1,-1,-1,-1,-1,17,PM25
97t,2026-09-03,01:00,16,9.3,8,16,14,19,0,0.00,0,1,1,3,16,PM25
99t,2026-09-03,01:00,25,14.7,14,28,11,15,1,0.20,3,6,1,4,25,PM25
bkp100t,2026-09-03,01:00,17,10.4,-999,-1,-999,-1,-999,-1,-999,-1,-999,-1,17,PM25
bkp101t,2026-09-03,01:00,25,14.7,15,29,-999,-1,-999,-1,-999,-1,-999,-1,25,PM25
bkp102t,2026-09-03,01:00,21,12.8,27,52,-999,-1,-999,-1,-999,-1,-999,-1,27,PM10
bkp103t,2026-09-03,01:00,27,15.5,-999,-1,-999,-1,-999,-1,-999,-1,-999,-1,27,PM25
bkp104t,2026-09-03,01:00,27,15.5,18,36,-999,-1,-999,-1,-999,-1,-999,-1,27,PM25
bkp105t,2026-09-03,01:00,44,22.6,-999,-1,-999,-1,-999,-1,-999,-1,-999,-1,44,PM25
bkp114t,2026-09-03,01:00,19,11.6,-999,-1,-999,-1,-999,-1,-999,-1,-999,-1,19,PM25
bkp115t,2026-09-03,01:00,18,10.5,-999,-1,-999,-1,-999,-1,-999,-1,-999,-1,18,PM25
bkp116t,2026-09-03,01:00,19,11.3,-999,-1,-999,-1,-999,-1,-999,-1,-999,-1,19,PM25
bkp117t,2026-09-03,01:00,19,11.4,-999,-1,-999,-1,-999,-1,-999,-1,-999,-1,19,PM25
bkp118t,2026-09-03,01:00,29,16.2,-999,-1,-999,-1,-999,-1,-999,-1,-999,-1,29,PM25
bkp119t,2026-09-03,01:00,24,14.3,-999,-1,-999,-1,-999,-1,-999,-1,-999,-1,24,PM25
bkp120t,2026-09-03,01:00,19,11.2,-999,-1,-999,-1,-999,-1,-999,-1,-999,-1,19,PM25
bkp121t,2026-09-03,01:00,24,14.3,-999,-1,-999,-1,-999,-1,-999,-1,-999,-1,24,PM25
bkp122t,2026-09-03,01:00,18,10.6,-999,-1,-999,-1,-999,-1,-999,-1,-999,-1,18,PM25
bkp123t,2026-09-03,01:00,17,10.3,-999,-1,-999,-1,-999,-1,-999,-1,-999,-1,17,PM25
bkp124t,2026-09-03,01:00,31,17.3,-999,-1,-999,-1,-999,-1,-999,-1,-999,-1,31,PM25
bkp125t,2026-09-03,01:00,26,15.3,-999,-1,-999,-1,-999,-1,-999,-1,-999,-1,26,PM25
bkp126t,2026-09-03,01:00,29,16.3,-999,-1,-999,-1,-999,-1,-999,-1,-999,-1,29,PM25
bkp127t,2026-09-03,01:00,41,21.1,-999,-1,-999,-1,-999,-1,-999,-1,-999,-1,41,PM25
bkp128t,2026-09-03,01:00,19,11.2,-999,-1,-999,-1,-999,-1,-999,-1,-999,-1,19,PM25
bkp129t,2026-09-03,01:00,22,13.4,-999,-1,-999,-1,-999,-1,-999,-1,-999,-1,22,PM25
bkp130t,2026-09-03,01:00,16,9.3,-999,-1,-999,-1,-999,-1,-999,-1,-999,-1,16,PM25
bkp131t,2026-09-03,01:00,22,13.4,-999,-1,-999,-1,-999,-1,-999,-1,-999,-1,22,PM25
bkp133t,2026-09-03,01:00,22,13.3,-999,-1,-999,-1,-999,-1,-999,-1,-999,-1,22,PM25
bkp56t,2026-09-03,01:00,32,17.6,38,65,-999,-1,-999,-1,-999,-1,-999,-1,38,PM10
bkp57t,2026-09-03,01:00,30,16.9,24,48,-999,-1,-999,-1,-999,-1,-999,-1,30,PM25
bkp58t,2026-09-03,01:00,46,23.2,40,68,-999,-1,-999,-1,-999,-1,-999,-1,46,PM25
bkp59t,2026-09-03,01:00,41,21.4,24,48,-999,-1,-999,-1,-999,-1,-999,-1,41,PM25
bkp60t,2026-09-03,01:00,18,11.0,20,40,-999,-1,-999,-1,-999,-1,-999,-1,20,PM10
bkp61t,2026-09-03,01:00,23,14.0,16,31,-999,-1,-999,-1,-999,-1,-999,-1,23,PM25
bkp62t,2026-09-03,01:00,66,28.8,-999,-1,-999,-1,-999,-1,-999,-1,-999,-1,66,PM25
bkp63t,2026-09-03,01:00,29,16.3,-999,-1,-999,-1,-999,-1,-999,-1,-999,-1,29,PM25
bkp64t,2026-09-03,01:00,48,24.0,-999,-1,-999,-1,-999,-1,-999,-1,-999,-1,48,PM25
bkp65t,2026-09-03,01:00,37,19.5,-999,-1,-999,-1,-999,-1,-999,-1,-999,-1,37,PM25
bkp66t,2026-09-03,01:00,35,18.8,-999,-1,-999,-1,-999,-1,-999,-1,-999,-1,35,PM25
bkp67t,2026-09-03,01:00,39,20.4,-999,-1,-999,-1,-999,-1,-999,-1,-999,-1,39,PM25
bkp69t,2026-09-03,01:00,38,19.9,-999,-1,-999,-1,-999,-1,-999,-1,-999,-1,38,PM25
bkp70t,2026-09-03,01:00,21,12.7,22,44,-999,-1,-999,-1,-999,-1,-999,-1,22,PM10
bkp71t,2026-09-03,01:00,22,13.4,18,35,-999,-1,-999,-1,-999,-1,-999,-1,22,PM25
bkp72t,2026-09-03,01:00,64,28.5,41,69,-999,-1,-999,-1,-999,-1,-999,-1,64,PM25
bkp73t,2026-09-03,01:00,26,15.2,-999,-1,-999,-1,-999,-1,-999,-1,-999,-1,26,PM25
bkp74t,2026-09-03,01:00,15,9.1,15,29,-999,-1,-999,-1,-999,-1,-999,-1,15,PM25
bkp75t,2026-09-03,01:00,29,16.5,20,40,-999,-1,-999,-1,-999,-1,-999,-1,29,PM25
bkp76t,2026-09-03,01:00,19,11.3,-999,-1,-999,-1,-999,-1,-999,-1,-999,-1,19,PM25
bkp77t,2026-09-03,01:00,19,11.5,16,32,-999,-1,-999,-1,-999,-1,-999,-1,19,PM25
bkp78t,2026-09-03,01:00,57,26.5,-999,-1,-999,-1,-999,-1,-999,-1,-999,-1,57,PM25
bkp79t,2026-09-03,01:00,34,18.3,22,44,-999,-1,-999,-1,-999,-1,-999,-1,34,PM25
bkp80t,2026-09-03,01:00,36,19.1,51,81,-999,-1,-999,-1,-999,-1,-999,-1,51,PM10
bkp81t,2026-09-03,01:00,49,24.6,46,75,-999,-1,-999,-1,-999,-1,-999,-1,49,PM25
bkp82t,2026-09-03,01:00,27,15.4,-999,-1,-999,-1,-999,-1,-999,-1,-999,-1,27,PM25
bkp83t,2026-09-03,01:00,21,12.8,-999,-1,-999,-1,-999,-1,-999,-1,-999,-1,21,PM25
bkp84t,2026-09-03,01:00,43,22.0,25,49,-999,-1,-999,-1,-999,-1,-999,-1,43,PM25
bkp85t,2026-09-03,01:00,34,18.6,-999,-1,-999,-1,-999,-1,-999,-1,-999,-1,34,PM25
bkp86t,2026-09-03,01:00,25,14.8,16,31,-999,-1,-999,-1,-999,-1,-999,-1,25,PM25
bkp87t,2026-09-03,01:00,24,14.1,15,29,-999,-1,-999,-1,-999,-1,-999,-1,24,PM25
bkp88t,2026-09-03,01:00,40,20.9,-999,-1,-999,-1,-999,-1,-999,-1,-999,-1,40,PM25
bkp89t,2026-09-03,01:00,43,22.3,35,62,-999,-1,-999,-1,-999,-1,-999,-1,43,PM25
bkp90t,2026-09-03,01:00,41,21.3,29,55,-999,-1,-999,-1,-999,-1,-999,-1,41,PM25
bkp91t,2026-09-03,01:00,26,15.2,22,44,-999,-1,-999,-1,-999,-1,-999,-1,26,PM25
bkp92t,2026-09-03,01:00,31,17.2,-999,-1,-999,-1,-999,-1,-999,-1,-999,-1,31,PM25
bkp93t,2026-09-03,01:00,19,11.6,17,33,-999,-1,-999,-1,-999,-1,-999,-1,19,PM25
bkp94t,2026-09-03,01:00,36,19.3,-999,-1,-999,-1,-999,-1,-999,-1,-999,-1,36,PM25
bkp95t,2026-09-03,01:00,29,16.2,-999,-1,-999,-1,-999,-1,-999,-1,-999,-1,29,PM25
bkp96t,2026-09-03,01:00,23,13.6,15,29,-999,-1,-999,-1,-999,-1,-999,-1,23,PM25
bkp97t,2026-09-03,01:00,29,16.4,-999,-1,-999,-1,-999,-1,-999,-1,-999,-1,29,PM25
bkp98t,2026-09-03,01:00,45,22.8,-999,-1,-999,-1,-999,-1,-999,-1,-999,-1,45,PM25
bkp99t,2026-09-03,01:00,22,12.9,13,25,-999,-1,-999,-1,-999,-1,-999,-1,22,PM25
o10,2026-09-03,01:00,24,14.1,-999,-1,-999,-1,-999,-1,-999,-1,-999,-1,24,PM25
105t,2026-09-03,02:00,19,11.1,-999,-1,8,11,1,0.20,3,7,0,1,19,PM25
115t,2026-09-03,02:00,13,8.0,8,16,10,14,1,0.20,0,1,0,1,13,PM25
22t,2026-09-03,02:00,17,10.3,12,24,-1,-1,-1,-1,-1,-1,-1,-1,17,PM25
47t,2026-09-03,02:00,32,17.5,-1,-1,-1,-1,-1,-1,-1,-1,-1,-1,32,PM25
81t,2026-09-03,02:00,30,16.7,-1,-1,-1,-1,-1,-1,-1,-1,-1,-1,30,PM25
82t,2026-09-03,02:00,23,13.5,15,29,-1,-1,1,0.20,1,3,-1,-1,23,PM25
o61,2026-09-03,02:00,22,13.1,-999,-1,-999,-1,-999,-1,-999,-1,-999,-1,22,PM25
102t,2026-09-03,03:00,23,13.7,13,26,-1,-1,-1,-1,-1,-1,0,1,23,PM25
108t,2026-09-03,03:00,14,8.2,-1,-1,17,24,13,2.20,0,0,1,2,17,O3
bkp125t,2026-09-03,03:00,25,14.9,-999,-1,-999,-1,-999,-1,-999,-1,-999,-1,25,PM25
02t,2026-09-03,04:00,29,16.4,-1,-1,-1,-1,-1,-1,-1,-1,-1,-1,29,PM25
100t,2026-09-03,04:00,17,10.3,13,26,7,10,1,0.10,2,4,-1,-1,17,PM25
101t,2026-09-03,04:00,22,13.0,14,27,-1,-1,-1,-1,1,3,-1,-1,22,PM25
106t,2026-09-03,04:00,8,5.0,-999,-1,9,12,2,0.30,0,1,0,0,9,O3
107t,2026-09-03,04:00,18,10.6,-1,-1,13,18,3,0.60,3,6,0,0,18,PM25
110t,2026-09-03,04:00,22,13.3,-999,-1,11,15,2,0.30,2,4,0,0,22,PM25
114t,2026-09-03,04:00,15,8.9,11,22,16,22,2,0.40,2,5,0,1,16,O3
116t,2026-09-03,04:00,22,13.1,13,25,11,16,1,0.10,1,2,0,1,22,PM25
117t,2026-09-03,04:00,21,12.4,-999,-1,8,11,1,0.20,1,3,0,1,21,PM25
118t,2026-09-03,04:00,12,7.2,-1,-1,4,6,-1,-1,2,4,0,0,12,PM25
119t,2026-09-03,04:00,12,7.3,-1,-1,4,6,8,1.40,1,2,1,2,12,PM25
21t,2026-09-03,04:00,17,10.3,-1,-1,-1,-1,-1,-1,-1,-1,-1,-1,17,PM25
33t,2026-09-03,04:00,20,12.2,-1,-1,-1,-1,-999,-1,-1,-1,-999,-1,20,PM25
34t,2026-09-03,04:00,24,14.1,-1,-1,-1,-1,-1,-1,-1,-1,-999,-1,24,PM25
35t,2026-09-03,04:00,27,15.7,-1,-1,-1,-1,-1,-1,-1,-1,-1,-1,27,PM25
36t,2026-09-03,04:00,17,10.0,-1,-1,-999,-1,-1,-1,-1,-1,-1,-1,17,PM25
40t,2026-09-03,04:00,17,10.2,-1,-1,-1,-1,-999,-1,-1,-1,-1,-1,17,PM25
46t,2026-09-03,04:00,27,15.5,-1,-1,-1,-1,-1,-1,-1,-1,-1,-1,27,PM25
50t,2026-09-03,04:00,35,19.0,-1,-1,-999,-1,-1,-1,-1,-1,-999,-1,35,PM25
52t,2026-09-03,04:00,31,17.0,-1,-1,-1,-1,-1,-1,-1,-1,-1,-1,31,PM25
53t,2026-09-03,04:00,29,16.2,-1,-1,-999,-1,-1,-1,-1,-1,-999,-1,29,PM25
57t,2026-09-03,04:00,19,11.2,9,17,-1,-1,-1,-1,-1,-1,-999,-1,19,PM25
58t,2026-09-03,04:00,12,7.4,9,17,-1,-1,-1,-1,-1,-1,-999,-1,12,PM25
59t,2026-09-03,04:00,21,12.6,13,26,6,9,1,0.20,3,6,-999,-1,21,PM25
60t,2026-09-03,04:00,36,19.3,-1,-1,-1,-1,-999,-1,-1,-1,-1,-1,36,PM25
61t,2026-09-03,04:00,26,15.2,-1,-1,-1,-1,-999,-1,-1,-1,-1,-1,26,PM25
67t,2026-09-03,04:00,31,17.0,-1,-1,-1,-1,-1,-1,-1,-1,-1,-1,31,PM25
68t,2026-09-03,04:00,19,11.3,11,21,-1,-1,-1,-1,-1,-1,-1,-1,19,PM25
72t,2026-09-03,04:00,13,7.5,9,17,-1,-1,-1,-1,0,0,-1,-1,13,PM25
73t,2026-09-03,04:00,23,13.5,-1,-1,-1,-1,-1,-1,-1,-1,-1,-1,23,PM25
75t,2026-09-03,04:00,15,8.8,-1,-1,-1,-1,-1,-1,0,0,2,9,15,PM25
79t,2026-09-03,04:00,34,18.4,-1,-1,-1,-1,-1,-1,-1,-1,-1,-1,34,PM25
94t,2026-09-03,04:00,21,12.3,11,22,-1,-1,-1,-1,-1,-1,-1,-1,21,PM25
99t,2026-09-03,04:00,25,15.0,14,27,8,11,1,0.20,1,3,1,3,25,PM25
bkp100t,2026-09-03,04:00,17,10.0,-999,-1,-999,-1,-999,-1,-999,-1,-999,-1,17,PM25
bkp101t,2026-09-03,04:00,23,13.8,14,27,-999,-1,-999,-1,-999,-1,-999,-1,23,PM25
bkp102t,2026-09-03,04:00,21,12.7,27,52,-999,-1,-999,-1,-999,-1,-999,-1,27,PM10
bkp103t,2026-09-03,04:00,24,14.5,-999,-1,-999,-1,-999,-1,-999,-1,-999,-1,24,PM25
bkp104t,2026-09-03,04:00,25,14.7,18,35,-999,-1,-999,-1,-999,-1,-999,-1,25,PM25
bkp105t,2026-09-03,04:00,45,22.8,-999,-1,-999,-1,-999,-1,-999,-1,-999,-1,45,PM25
bkp114t,2026-09-03,04:00,19,11.1,-999,-1,-999,-1,-999,-1,-999,-1,-999,-1,19,PM25
bkp115t,2026-09-03,04:00,17,10.1,-999,-1,-999,-1,-999,-1,-999,-1,-999,-1,17,PM25
bkp116t,2026-09-03,04:00,18,10.9,-999,-1,-999,-1,-999,-1,-999,-1,-999,-1,18,PM25
bkp117t,2026-09-03,04:00,19,11.5,-999,-1,-999,-1,-999,-1,-999,-1,-999,-1,19,PM25
bkp118t,2026-09-03,04:00,27,15.7,-999,-1,-999,-1,-999,-1,-999,-1,-999,-1,27,PM25
bkp119t,2026-09-03,04:00,24,14.4,-999,-1,-999,-1,-999,-1,-999,-1,-999,-1,24,PM25
bkp120t,2026-09-03,04:00,18,11.0,-999,-1,-999,-1,-999,-1,-999,-1,-999,-1,18,PM25
bkp121t,2026-09-03,04:00,23,13.8,-999,-1,-999,-1,-999,-1,-999,-1,-999,-1,23,PM25
bkp122t,2026-09-03,04:00,17,10.1,-999,-1,-999,-1,-999,-1,-999,-1,-999,-1,17,PM25
bkp123t,2026-09-03,04:00,17,10.3,-999,-1,-999,-1,-999,-1,-999,-1,-999,-1,17,PM25
bkp124t,2026-09-03,04:00,29,16.2,-999,-1,-999,-1,-999,-1,-999,-1,-999,-1,29,PM25
bkp126t,2026-09-03,04:00,27,15.4,-999,-1,-999,-1,-999,-1,-999,-1,-999,-1,27,PM25
bkp127t,2026-09-03,04:00,37,19.7,-999,-1,-999,-1,-999,-1,-999,-1,-999,-1,37,PM25
bkp128t,2026-09-03,04:00,18,10.8,-999,-1,-999,-1,-999,-1,-999,-1,-999,-1,18,PM25
bkp129t,2026-09-03,04:00,22,13.0,-999,-1,-999,-1,-999,-1,-999,-1,-999,-1,22,PM25
bkp130t,2026-09-03,04:00,15,9.0,-999,-1,-999,-1,-999,-1,-999,-1,-999,-1,15,PM25
bkp131t,2026-09-03,04:00,23,13.5,-999,-1,-999,-1,-999,-1,-999,-1,-999,-1,23,PM25
bkp133t,2026-09-03,04:00,21,12.7,-999,-1,-999,-1,-999,-1,-999,-1,-999,-1,21,PM25
bkp56t,2026-09-03,04:00,31,17.0,36,63,-999,-1,-999,-1,-999,-1,-999,-1,36,PM10
bkp57t,2026-09-03,04:00,30,16.6,24,47,-999,-1,-999,-1,-999,-1,-999,-1,30,PM25
bkp58t,2026-09-03,04:00,44,22.5,38,65,-999,-1,-999,-1,-999,-1,-999,-1,44,PM25
bkp59t,2026-09-03,04:00,41,21.4,24,47,-999,-1,-999,-1,-999,-1,-999,-1,41,PM25
bkp60t,2026-09-03,04:00,17,10.4,20,39,-999,-1,-999,-1,-999,-1,-999,-1,20,PM10
bkp61t,2026-09-03,04:00,22,13.3,15,30,-999,-1,-999,-1,-999,-1,-999,-1,22,PM25
bkp62t,2026-09-03,04:00,62,27.9,-999,-1,-999,-1,-999,-1,-999,-1,-999,-1,62,PM25
bkp63t,2026-09-03,04:00,28,15.9,-999,-1,-999,-1,-999,-1,-999,-1,-999,-1,28,PM25
bkp64t,2026-09-03,04:00,46,23.4,-999,-1,-999,-1,-999,-1,-999,-1,-999,-1,46,PM25
bkp65t,2026-09-03,04:00,38,20.0,-999,-1,-999,-1,-999,-1,-999,-1,-999,-1,38,PM25
bkp66t,2026-09-03,04:00,34,18.6,-999,-1,-999,-1,-999,-1,-999,-1,-999,-1,34,PM25
bkp67t,2026-09-03,04:00,39,20.3,-999,-1,-999,-1,-999,-1,-999,-1,-999,-1,39,PM25
bkp69t,2026-09-03,04:00,36,19.1,-999,-1,-999,-1,-999,-1,-999,-1,-999,-1,36,PM25
bkp70t,2026-09-03,04:00,20,12.2,22,43,-999,-1,-999,-1,-999,-1,-999,-1,22,PM10
bkp71t,2026-09-03,04:00,22,13.0,17,34,-999,-1,-999,-1,-999,-1,-999,-1,22,PM25
bkp72t,2026-09-03,04:00,62,28.0,39,67,-999,-1,-999,-1,-999,-1,-999,-1,62,PM25
bkp73t,2026-09-03,04:00,25,14.7,-999,-1,-999,-1,-999,-1,-999,-1,-999,-1,25,PM25
bkp74t,2026-09-03,04:00,15,8.8,14,27,-999,-1,-999,-1,-999,-1,-999,-1,15,PM25
bkp75t,2026-09-03,04:00,28,16.0,19,38,-999,-1,-999,-1,-999,-1,-999,-1,28,PM25
bkp76t,2026-09-03,04:00,18,10.9,-999,-1,-999,-1,-999,-1,-999,-1,-999,-1,18,PM25
bkp77t,2026-09-03,04:00,19,11.5,16,31,-999,-1,-999,-1,-999,-1,-999,-1,19,PM25
bkp78t,2026-09-03,04:00,58,26.8,-999,-1,-999,-1,-999,-1,-999,-1,-999,-1,58,PM25
bkp79t,2026-09-03,04:00,30,16.9,22,43,-999,-1,-999,-1,-999,-1,-999,-1,30,PM25
bkp80t,2026-09-03,04:00,34,18.3,48,78,-999,-1,-999,-1,-999,-1,-999,-1,48,PM10
bkp81t,2026-09-03,04:00,49,24.4,45,74,-999,-1,-999,-1,-999,-1,-999,-1,49,PM25
bkp82t,2026-09-03,04:00,25,14.9,-999,-1,-999,-1,-999,-1,-999,-1,-999,-1,25,PM25
bkp83t,2026-09-03,04:00,20,11.9,-999,-1,-999,-1,-999,-1,-999,-1,-999,-1,20,PM25
bkp84t,2026-09-03,04:00,50,25.0,24,47,-999,-1,-999,-1,-999,-1,-999,-1,50,PM25
bkp85t,2026-09-03,04:00,31,17.3,-999,-1,-999,-1,-999,-1,-999,-1,-999,-1,31,PM25
bkp86t,2026-09-03,04:00,23,13.5,14,28,-999,-1,-999,-1,-999,-1,-999,-1,23,PM25
bkp87t,2026-09-03,04:00,22,13.1,13,26,-999,-1,-999,-1,-999,-1,-999,-1,22,PM25
bkp88t,2026-09-03,04:00,39,20.3,-999,-1,-999,-1,-999,-1,-999,-1,-999,-1,39,PM25
bkp89t,2026-09-03,04:00,45,22.8,35,62,-999,-1,-999,-1,-999,-1,-999,-1,45,PM25
bkp90t,2026-09-03,04:00,39,20.3,28,54,-999,-1,-999,-1,-999,-1,-999,-1,39,PM25
bkp91t,2026-09-03,04:00,25,14.7,22,44,-999,-1,-999,-1,-999,-1,-999,-1,25,PM25
bkp92t,2026-09-03,04:00,30,16.7,-999,-1,-999,-1,-999,-1,-999,-1,-999,-1,30,PM25
bkp93t,2026-09-03,04:00,19,11.2,16,31,-999,-1,-999,-1,-999,-1,-999,-1,19,PM25
bkp94t,2026-09-03,04:00,35,18.8,-999,-1,-999,-1,-999,-1,-999,-1,-999,-1,35,PM25
bkp95t,2026-09-03,04:00,27,15.4,-999,-1,-999,-1,-999,-1,-999,-1,-999,-1,27,PM25
bkp96t,2026-09-03,04:00,22,13.2,14,28,-999,-1,-999,-1,-999,-1,-999,-1,22,PM25
bkp97t,2026-09-03,04:00,28,15.8,-999,-1,-999,-1,-999,-1,-999,-1,-999,-1,28,PM25
bkp98t,2026-09-03,04:00,43,22.3,-999,-1,-999,-1,-999,-1,-999,-1,-999,-1,43,PM25
bkp99t,2026-09-03,04:00,21,12.3,12,24,-999,-1,-999,-1,-999,-1,-999,-1,21,PM25
03t,2026-09-03,05:00,34,18.2,-1,-1,-1,-1,-1,-1,-1,-1,-999,-1,34,PM25
120t,2026-09-03,05:00,17,10.1,-1,-1,9,12,3,0.60,1,2,0,0,17,PM25
22t,2026-09-03,05:00,17,10.2,12,24,-1,-1,-1,-1,-1,-1,-1,-1,17,PM25
24t,2026-09-03,05:00,34,18.2,35,62,-1,-1,-1,-1,-1,-1,-1,-1,35,PM10
54t,2026-09-03,05:00,34,18.3,-1,-1,-1,-1,0,0.00,-1,-1,-1,-1,34,PM25
84t,2026-09-03,05:00,30,16.7,20,39,-1,-1,-1,-1,-1,-1,-1,-1,30,PM25
88t,2026-09-03,05:00,18,10.5,9,18,-1,-1,-1,-1,1,2,-1,-1,18,PM25
99t,2026-09-03,05:00,25,15.0,14,27,8,11,1,0.20,1,3,1,4,25,PM25
02t,2026-09-03,06:00,23,13.9,-1,-1,-1,-1,-1,-1,-1,-1,-1,-1,23,PM25
05t,2026-09-03,06:00,26,15.2,-1,-1,-1,-1,-1,-1,-1,-1,-1,-1,26,PM25
08t,2026-09-03,06:00,36,19.2,-1,-1,-1,-1,-1,-1,-1,-1,-1,-1,36,PM25
100t,2026-09-03,06:00,17,10.4,14,28,7,10,0,0.00,3,7,0,0,17,PM25
101t,2026-09-03,06:00,22,12.9,14,27,-1,-1,-1,-1,1,3,-1,-1,22,PM25
102t,2026-09-03,06:00,23,13.8,14,27,-1,-1,-1,-1,-1,-1,1,2,23,PM25
103t,2026-09-03,06:00,18,10.8,16,31,-1,-1,1,0.10,4,10,0,0,18,PM25
104t,2026-09-03,06:00,23,13.9,-1,-1,10,14,1,0.10,2,4,0,0,23,PM25
105t,2026-09-03,06:00,20,11.7,-999,-1,3,4,1,0.20,5,12,0,1,20,PM25
106t,2026-09-03,06:00,8,5.0,-999,-1,12,17,2,0.30,0,1,0,0,12,O3
107t,2026-09-03,06:00,17,10.2,-1,-1,10,14,3,0.60,2,5,0,0,17,PM25
108t,2026-09-03,06:00,15,8.8,-1,-1,15,21,13,2.20,0,1,1,2,15,PM25
109t,2026-09-03,06:00,18,10.7,-1,-1,11,16,1,0.20,0,1,1,3,18,PM25
110t,2026-09-03,06:00,22,13.1,-999,-1,11,15,2,0.30,1,3,0,0,22,PM25
111t,2026-09-03,06:00,15,9.2,-999,-1,16,22,1,0.20,0,0,0,0,16,O3
112t,2026-09-03,06:00,12,7.0,-999,-1,19,26,0,0.00,-1,-1,-1,-1,19,O3
113t,2026-09-03,06:00,20,11.7,12,24,135,88,1,0.10,0,0,0,0,135,O3
114t,2026-09-03,06:00,15,8.8,11,22,15,21,2,0.40,2,5,0,1,15,PM25
115t,2026-09-03,06:00,14,8.2,8,16,6,8,1,0.20,0,1,0,1,14,PM25
116t,2026-09-03,06:00,21,12.8,13,25,11,16,1,0.10,1,3,0,1,21,PM25
117t,2026-09-03,06:00,20,12.1,-999,-1,6,9,1,0.20,2,5,0,1,20,PM25
118t,2026-09-03,06:00,12,6.9,-1,-1,4,6,-1,-1,2,5,0,0,12,PM25
119t,2026-09-03,06:00,12,6.9,-1,-1,5,7,8,1.40,0,1,1,2,12,PM25
121t,2026-09-03,06:00,20,12.1,-1,-1,4,6,1,0.20,1,3,0,0,20,PM25
13t,2026-09-03,06:00,13,7.8,12,24,8,11,2,0.30,-1,-1,-1,-1,13,PM25
14t,2026-09-03,06:00,35,19.0,-1,-1,5,7,2,0.30,7,16,1,4,35,PM25
16t,2026-09-03,06:00,29,16.4,14,27,-1,-1,-1,-1,-1,-1,-1,-1,29,PM25
17t,2026-09-03,06:00,37,19.7,-1,-1,-1,-1,-1,-1,-1,-1,-1,-1,37,PM25
18t,2026-09-03,06:00,50,25.0,-1,-1,-1,-1,-1,-1,-1,-1,-1,-1,50,PM25
19t,2026-09-03,06:00,31,17.3,-1,-1,-1,-1,-1,-1,-1,-1,-1,-1,31,PM25
20t,2026-09-03,06:00,37,19.6,17,33,-1,-1,-1,-1,-1,-1,-1,-1,37,PM25
21t,2026-09-03,06:00,16,9.5,-1,-1,-1,-1,-1,-1,-1,-1,-1,-1,16,PM25
25t,2026-09-03,06:00,21,12.7,12,24,-1,-1,-999,-1,-1,-1,-999,-1,21,PM25
26t,2026-09-03,06:00,31,17.2,-1,-1,-1,-1,-1,-1,-1,-1,-1,-1,31,PM25
27t,2026-09-03,06:00,38,20.0,-1,-1,-1,-1,-999,-1,-1,-1,-1,-1,38,PM25
28t,2026-09-03,06:00,24,14.1,-1,-1,-1,-1,-1,-1,-1,-1,-1,-1,24,PM25
29t,2026-09-03,06:00,29,16.5,23,46,-1,-1,-1,-1,-1,-1,-1,-1,29,PM25
30t,2026-09-03,06:00,22,13.2,18,36,6,9,1,0.10,1,2,0,1,22,PM25
31t,2026-09-03,06:00,57,26.7,-1,-1,-1,-1,-1,-1,-1,-1,-1,-1,57,PM25
33t,2026-09-03,06:00,20,12.0,-1,-1,-1,-1,-999,-1,-1,-1,-999,-1,20,PM25
34t,2026-09-03,06:00,24,14.4,-1,-1,-1,-1,-1,-1,-1,-1,-999,-1,24,PM25
35t,2026-09-03,06:00,28,15.8,-1,-1,-1,-1,-1,-1,-1,-1,-1,-1,28,PM25
36t,2026-09-03,06:00,16,9.6,-1,-1,-999,-1,-1,-1,-1,-1,-1,-1,16,PM25
38t,2026-09-03,06:00,14,8.4,-1,-1,8,11,2,0.30,-1,-1,0,1,14,PM25
40t,2026-09-03,06:00,14,8.5,-1,-1,-1,-1,-999,-1,-1,-1,-1,-1,14,PM25
42t,2026-09-03,06:00,17,9.9,-1,-1,-1,-1,-1,-1,-1,-1,-1,-1,17,PM25
43t,2026-09-03,06:00,17,10.0,-1,-1,-1,-1,-1,-1,-1,-1,-1,-1,17,PM25
44t,2026-09-03,06:00,17,10.3,-1,-1,-1,-1,-1,-1,-1,-1,-1,-1,17,PM25
46t,2026-09-03,06:00,27,15.5,-1,-1,-1,-1,-1,-1,-1,-1,-1,-1,27,PM25
47t,2026-09-03,06:00,33,18.1,-1,-1,-1,-1,-1,-1,-1,-1,-1,-1,33,PM25
50t,2026-09-03,06:00,33,17.9,-1,-1,-999,-1,-1,-1,-1,-1,-999,-1,33,PM25
52t,2026-09-03,06:00,32,17.7,-1,-1,-1,-1,-1,-1,-1,-1,-1,-1,32,PM25
53t,2026-09-03,06:00,32,17.6,-1,-1,-999,-1,-1,-1,-1,-1,-999,-1,32,PM25
57t,2026-09-03,06:00,18,10.5,9,17,-1,-1,-1,-1,-1,-1,-999,-1,18,PM25
58t,2026-09-03,06:00,13,7.6,9,18,-1,-1,-1,-1,-1,-1,-999,-1,13,PM25
59t,2026-09-03,06:00,23,13.5,13,26,7,10,1,0.20,4,9,-999,-1,23,PM25
60t,2026-09-03,06:00,36,19.3,-1,-1,-1,-1,-999,-1,-1,-1,-1,-1,36,PM25
61t,2026-09-03,06:00,24,14.1,-1,-1,-1,-1,-999,-1,-1,-1,-1,-1,24,PM25
62t,2026-09-03,06:00,21,12.3,-1,-1,-1,-1,-1,-1,-1,-1,-999,-1,21,PM25
63t,2026-09-03,06:00,21,12.5,-1,-1,-1,-1,-1,-1,-1,-1,-999,-1,21,PM25
67t,2026-09-03,06:00,32,17.5,-1,-1,-1,-1,-1,-1,-1,-1,-1,-1,32,PM25
68t,2026-09-03,06:00,15,9.2,10,19,-1,-1,-1,-1,-1,-1,-1,-1,15,PM25
69t,2026-09-03,06:00,15,8.7,-1,-1,-1,-1,-1,-1,-1,-1,-1,-1,15,PM25
70t,2026-09-03,06:00,15,8.9,-1,-1,-1,-1,-1,-1,-1,-1,-999,-1,15,PM25
71t,2026-09-03,06:00,15,8.7,10,19,9,12,0,0.00,1,2,3,10,15,PM25
72t,2026-09-03,06:00,12,7.3,8,16,-1,-1,-1,-1,0,0,-1,-1,12,PM25
73t,2026-09-03,06:00,23,13.8,-1,-1,-1,-1,-1,-1,-1,-1,-1,-1,23,PM25
74t,2026-09-03,06:00,22,12.9,-1,-1,-1,-1,-1,-1,-1,-1,-1,-1,22,PM25
75t,2026-09-03,06:00,15,9.0,-1,-1,-1,-1,-1,-1,0,1,2,9,15,PM25
77t,2026-09-03,06:00,44,22.5,18,36,-1,-1,-999,-1,-1,-1,-1,-1,44,PM25
78t,2026-09-03,06:00,20,11.9,-1,-1,-999,-1,-999,-1,-999,-1,-999,-1,20,PM25
79t,2026-09-03,06:00,35,18.7,-1,-1,-1,-1,-1,-1,-1,-1,-1,-1,35,PM25
81t,2026-09-03,06:00,24,14.4,-1,-1,-1,-1,-1,-1,-1,-1,-1,-1,24,PM25
82t,2026-09-03,06:00,24,14.2,15,30,-1,-1,1,0.20,2,5,-1,-1,24,PM25
83t,2026-09-03,06:00,15,9.2,11,22,-1,-1,-1,-1,-1,-1,-1,-1,15,PM25
85t,2026-09-03,06:00,18,11.0,-1,-1,-1,-1,-1,-1,-1,-1,-1,-1,18,PM25
86t,2026-09-03,06:00,24,14.6,15,30,-1,-1,5,0.90,6,15,-1,-1,24,PM25
87t,2026-09-03,06:00,21,12.4,-1,-1,-1,-1,-1,-1,0,0,-1,-1,21,PM25
89t,2026-09-03,06:00,16,9.7,10,20,-1,-1,-1,-1,-1,-1,-1,-1,16,PM25
90t,2026-09-03,06:00,10,5.7,8,16,-1,-1,-1,-1,-1,-1,-1,-1,10,PM25
91t,2026-09-03,06:00,15,9.1,-1,-1,-1,-1,-1,-1,-1,-1,-1,-1,15,PM25
92t,2026-09-03,06:00,15,9.1,10,19,-1,-1,-1,-1,-1,-1,-1,-1,15,PM25
93t,2026-09-03,06:00,16,9.8,11,21,-1,-1,1,0.20,3,7,0,0,16,PM25
94t,2026-09-03,06:00,16,9.3,10,19,-1,-1,-1,-1,-1,-1,-1,-1,16,PM25
95t,2026-09-03,06:00,16,9.6,9,18,-1,-1,-1,-1,-1,-1,-1,-1,16,PM25
96t,2026-09-03,06:00,16,9.7,11,22,-1,-1,5,0.80,1,3,0,1,16,PM25
97t,2026-09-03,06:00,14,8.6,8,16,12,17,0,0.00,0,1,1,3,14,PM25
98t,2026-09-03,06:00,15,9.2,10,19,15,21,1,0.20,-1,-1,0,0,15,PM25
bkp100t,2026-09-03,06:00,16,9.7,-999,-1,-999,-1,-999,-1,-999,-1,-999,-1,16,PM25
bkp101t,2026-09-03,06:00,22,13.4,13,25,-999,-1,-999,-1,-999,-1,-999,-1,22,PM25
bkp102t,2026-09-03,06:00,21,12.3,26,51,-999,-1,-999,-1,-999,-1,-999,-1,26,PM10
bkp103t,2026-09-03,06:00,23,14.0,-999,-1,-999,-1,-999,-1,-999,-1,-999,-1,23,PM25
bkp104t,2026-09-03,06:00,24,14.6,18,35,-999,-1,-999,-1,-999,-1,-999,-1,24,PM25
bkp105t,2026-09-03,06:00,42,21.8,-999,-1,-999,-1,-999,-1,-999,-1,-999,-1,42,PM25
bkp114t,2026-09-03,06:00,18,10.7,-999,-1,-999,-1,-999,-1,-999,-1,-999,-1,18,PM25
bkp115t,2026-09-03,06:00,16,9.7,-999,-1,-999,-1,-999,-1,-999,-1,-999,-1,16,PM25
bkp116t,2026-09-03,06:00,18,10.6,-999,-1,-999,-1,-999,-1,-999,-1,-999,-1,18,PM25
bkp117t,2026-09-03,06:00,20,11.9,-999,-1,-999,-1,-999,-1,-999,-1,-999,-1,20,PM25
bkp118t,2026-09-03,06:00,28,15.8,-999,-1,-999,-1,-999,-1,-999,-1,-999,-1,28,PM25
bkp119t,2026-09-03,06:00,24,14.3,-999,-1,-999,-1,-999,-1,-999,-1,-999,-1,24,PM25
bkp120t,2026-09-03,06:00,18,10.7,-999,-1,-999,-1,-999,-1,-999,-1,-999,-1,18,PM25
bkp121t,2026-09-03,06:00,21,12.6,-999,-1,-999,-1,-999,-1,-999,-1,-999,-1,21,PM25
bkp122t,2026-09-03,06:00,17,10.0,-999,-1,-999,-1,-999,-1,-999,-1,-999,-1,17,PM25
bkp123t,2026-09-03,06:00,17,10.1,-999,-1,-999,-1,-999,-1,-999,-1,-999,-1,17,PM25
bkp124t,2026-09-03,06:00,28,15.9,-999,-1,-999,-1,-999,-1,-999,-1,-999,-1,28,PM25
bkp125t,2026-09-03,06:00,27,15.4,-999,-1,-999,-1,-999,-1,-999,-1,-999,-1,27,PM25
bkp126t,2026-09-03,06:00,25,15.0,-999,-1,-999,-1,-999,-1,-999,-1,-999,-1,25,PM25
bkp127t,2026-09-03,06:00,37,19.6,-999,-1,-999,-1,-999,-1,-999,-1,-999,-1,37,PM25
bkp128t,2026-09-03,06:00,19,11.3,-999,-1,-999,-1,-999,-1,-999,-1,-999,-1,19,PM25
bkp129t,2026-09-03,06:00,20,12.2,-999,-1,-999,-1,-999,-1,-999,-1,-999,-1,20,PM25
bkp130t,2026-09-03,06:00,14,8.6,-999,-1,-999,-1,-999,-1,-999,-1,-999,-1,14,PM25
bkp131t,2026-09-03,06:00,23,13.7,-999,-1,-999,-1,-999,-1,-999,-1,-999,-1,23,PM25
bkp133t,2026-09-03,06:00,21,12.7,-999,-1,-999,-1,-999,-1,-999,-1,-999,-1,21,PM25
bkp56t,2026-09-03,06:00,29,16.4,35,62,-999,-1,-999,-1,-999,-1,-999,-1,35,PM10
bkp57t,2026-09-03,06:00,29,16.3,23,46,-999,-1,-999,-1,-999,-1,-999,-1,29,PM25
bkp58t,2026-09-03,06:00,44,22.4,38,65,-999,-1,-999,-1,-999,-1,-999,-1,44,PM25
bkp59t,2026-09-03,06:00,39,20.6,23,46,-999,-1,-999,-1,-999,-1,-999,-1,39,PM25
bkp60t,2026-09-03,06:00,16,9.7,19,38,-999,-1,-999,-1,-999,-1,-999,-1,19,PM10
bkp61t,2026-09-03,06:00,21,12.6,15,29,-999,-1,-999,-1,-999,-1,-999,-1,21,PM25
bkp62t,2026-09-03,06:00,45,23.1,-999,-1,-999,-1,-999,-1,-999,-1,-999,-1,45,PM25
bkp63t,2026-09-03,06:00,27,15.7,-999,-1,-999,-1,-999,-1,-999,-1,-999,-1,27,PM25
bkp64t,2026-09-03,06:00,44,22.7,-999,-1,-999,-1,-999,-1,-999,-1,-999,-1,44,PM25
bkp65t,2026-09-03,06:00,38,20.0,-999,-1,-999,-1,-999,-1,-999,-1,-999,-1,38,PM25
bkp66t,2026-09-03,06:00,35,18.8,-999,-1,-999,-1,-999,-1,-999,-1,-999,-1,35,PM25
bkp67t,2026-09-03,06:00,37,19.7,-999,-1,-999,-1,-999,-1,-999,-1,-999,-1,37,PM25
bkp69t,2026-09-03,06:00,36,19.3,-999,-1,-999,-1,-999,-1,-999,-1,-999,-1,36,PM25
bkp70t,2026-09-03,06:00,20,11.8,22,43,-999,-1,-999,-1,-999,-1,-999,-1,22,PM10
bkp71t,2026-09-03,06:00,21,12.8,17,33,-999,-1,-999,-1,-999,-1,-999,-1,21,PM25
bkp72t,2026-09-03,06:00,59,27.2,38,66,-999,-1,-999,-1,-999,-1,-999,-1,59,PM25
bkp73t,2026-09-03,06:00,24,14.3,-999,-1,-999,-1,-999,-1,-999,-1,-999,-1,24,PM25
bkp74t,2026-09-03,06:00,14,8.6,13,25,-999,-1,-999,-1,-999,-1,-999,-1,14,PM25
bkp75t,2026-09-03,06:00,27,15.4,19,37,-999,-1,-999,-1,-999,-1,-999,-1,27,PM25
bkp76t,2026-09-03,06:00,18,10.7,-999,-1,-999,-1,-999,-1,-999,-1,-999,-1,18,PM25
bkp77t,2026-09-03,06:00,19,11.4,15,30,-999,-1,-999,-1,-999,-1,-999,-1,19,PM25
bkp78t,2026-09-03,06:00,58,26.9,-999,-1,-999,-1,-999,-1,-999,-1,-999,-1,58,PM25
bkp79t,2026-09-03,06:00,30,16.8,21,42,-999,-1,-999,-1,-999,-1,-999,-1,30,PM25
bkp80t,2026-09-03,06:00,31,17.3,46,75,-999,-1,-999,-1,-999,-1,-999,-1,46,PM10
bkp81t,2026-09-03,06:00,48,24.0,44,73,-999,-1,-999,-1,-999,-1,-999,-1,48,PM25
bkp82t,2026-09-03,06:00,25,14.8,-999,-1,-999,-1,-999,-1,-999,-1,-999,-1,25,PM25
bkp83t,2026-09-03,06:00,20,11.9,-999,-1,-999,-1,-999,-1,-999,-1,-999,-1,20,PM25
bkp84t,2026-09-03,06:00,40,21.0,24,47,-999,-1,-999,-1,-999,-1,-999,-1,40,PM25
bkp85t,2026-09-03,06:00,31,17.0,-999,-1,-999,-1,-999,-1,-999,-1,-999,-1,31,PM25
bkp86t,2026-09-03,06:00,22,12.9,14,27,-999,-1,-999,-1,-999,-1,-999,-1,22,PM25
bkp87t,2026-09-03,06:00,21,12.4,13,25,-999,-1,-999,-1,-999,-1,-999,-1,21,PM25
bkp88t,2026-09-03,06:00,37,19.7,-999,-1,-999,-1,-999,-1,-999,-1,-999,-1,37,PM25
bkp89t,2026-09-03,06:00,40,20.8,34,61,-999,-1,-999,-1,-999,-1,-999,-1,40,PM25
bkp90t,2026-09-03,06:00,37,19.6,28,53,-999,-1,-999,-1,-999,-1,-999,-1,37,PM25
bkp91t,2026-09-03,06:00,24,14.5,21,42,-999,-1,-999,-1,-999,-1,-999,-1,24,PM25
bkp92t,2026-09-03,06:00,29,16.3,-999,-1,-999,-1,-999,-1,-999,-1,-999,-1,29,PM25
bkp93t,2026-09-03,06:00,18,10.7,15,30,-999,-1,-999,-1,-999,-1,-999,-1,18,PM25
bkp94t,2026-09-03,06:00,34,18.6,-999,-1,-999,-1,-999,-1,-999,-1,-999,-1,34,PM25
bkp95t,2026-09-03,06:00,26,15.1,-999,-1,-999,-1,-999,-1,-999,-1,-999,-1,26,PM25
bkp96t,2026-09-03,06:00,21,12.5,14,28,-999,-1,-999,-1,-999,-1,-999,-1,21,PM25
bkp97t,2026-09-03,06:00,28,15.8,-999,-1,-999,-1,-999,-1,-999,-1,-999,-1,28,PM25
bkp98t,2026-09-03,06:00,42,21.5,-999,-1,-999,-1,-999,-1,-999,-1,-999,-1,42,PM25
bkp99t,2026-09-03,06:00,20,11.8,12,23,-999,-1,-999,-1,-999,-1,-999,-1,20,PM25
o10,2026-09-03,06:00,24,14.4,-999,-1,-999,-1,-999,-1,-999,-1,-999,-1,24,PM25
o61,2026-09-03,06:00,21,12.4,-999,-1,-999,-1,-999,-1,-999,-1,-999,-1,21,PM25
o63,2026-09-03,06:00,14,8.2,-999,-1,-999,-1,-999,-1,-999,-1,-999,-1,14,PM25
46t,2026-09-03,07:00,26,15.1,-1,-1,-1,-1,-1,-1,-1,-1,-1,-1,26,PM25
bkp114t,2026-09-03,08:00,18,10.6,-999,-1,-999,-1,-999,-1,-999,-1,-999,-1,18,PM25
02t,2026-09-03,09:00,23,13.6,-1,-1,-1,-1,-1,-1,-1,-1,-1,-1,23,PM25
03t,2026-09-03,09:00,33,17.9,-1,-1,-1,-1,-1,-1,-1,-1,-999,-1,33,PM25
05t,2026-09-03,09:00,25,14.8,-1,-1,-1,-1,-1,-1,-1,-1,-1,-1,25,PM25
08t,2026-09-03,09:00,34,18.4,-1,-1,-1,-1,-1,-1,-1,-1,-1,-1,34,PM25
100t,2026-09-03,09:00,18,10.7,15,29,6,8,0,0.00,3,6,0,0,18,PM25
101t,2026-09-03,09:00,22,13.0,14,27,-1,-1,-1,-1,1,3,-1,-1,22,PM25
102t,2026-09-03,09:00,24,14.1,14,28,-1,-1,-1,-1,-1,-1,0,1,24,PM25
103t,2026-09-03,09:00,17,10.4,16,32,-1,-1,1,0.10,3,8,0,0,17,PM25
104t,2026-09-03,09:00,24,14.4,-1,-1,7,10,1,0.20,2,4,0,0,24,PM25
105t,2026-09-03,09:00,21,12.4,-999,-1,3,4,1,0.20,3,6,0,1,21,PM25
106t,2026-09-03,09:00,9,5.1,-999,-1,16,23,2,0.30,0,1,0,0,16,O3
107t,2026-09-03,09:00,16,9.6,-1,-1,9,12,4,0.70,-1,-1,-1,-1,16,PM25
108t,2026-09-03,09:00,15,9.2,-1,-1,14,19,13,2.20,1,2,1,2,15,PM25
109t,2026-09-03,09:00,17,10.1,-1,-1,12,17,1,0.20,1,3,1,3,17,PM25
110t,2026-09-03,09:00,20,12.1,-999,-1,13,18,2,0.30,2,4,0,0,20,PM25
111t,2026-09-03,09:00,15,9.1,-999,-1,15,21,1,0.20,0,0,0,0,15,PM25
112t,2026-09-03,09:00,12,6.9,-999,-1,20,28,0,0.00,1,3,7,26,20,O3
113t,2026-09-03,09:00,20,12.2,12,24,-1,-1,1,0.20,0,0,0,0,20,PM25
114t,2026-09-03,09:00,14,8.6,11,21,14,20,2,0.40,1,3,0,1,14,PM25
115t,2026-09-03,09:00,14,8.5,9,17,6,8,1,0.20,1,2,0,1,14,PM25
116t,2026-09-03,09:00,21,12.8,13,25,11,16,1,0.10,1,3,0,1,21,PM25
117t,2026-09-03,09:00,20,11.8,-999,-1,6,9,1,0.20,1,3,0,1,20,PM25
118t,2026-09-03,09:00,11,6.5,-1,-1,4,6,-1,-1,2,4,0,0,11,PM25
119t,2026-09-03,09:00,11,6.6,-1,-1,6,8,7,1.30,0,1,1,2,11,PM25
120t,2026-09-03,09:00,15,9.1,-1,-1,9,12,3,0.60,0,1,0,0,15,PM25
121t,2026-09-03,09:00,19,11.2,-1,-1,5,7,1,0.20,1,3,0,0,19,PM25
12t,2026-09-03,09:00,25,14.7,-1,-1,-1,-1,-1,-1,-1,-1,-1,-1,25,PM25
13t,2026-09-03,09:00,13,7.7,13,25,6,9,2,0.40,-1,-1,-1,-1,13,PM10
14t,2026-09-03,09:00,42,21.5,-1,-1,4,5,2,0.40,6,15,2,8,42,PM25
16t,2026-09-03,09:00,28,16.0,14,27,-1,-1,-1,-1,-1,-1,-1,-1,28,PM25
17t,2026-09-03,09:00,34,18.5,-1,-1,-1,-1,-1,-1,-1,-1,-1,-1,34,PM25
18t,2026-09-03,09:00,50,24.9,-1,-1,-1,-1,-1,-1,-1,-1,-1,-1,50,PM25
19t,2026-09-03,09:00,31,17.0,-1,-1,-1,-1,-1,-1,-1,-1,-1,-1,31,PM25
20t,2026-09-03,09:00,37,19.5,17,33,-1,-1,-1,-1,-1,-1,-1,-1,37,PM25
21t,2026-09-03,09:00,16,9.3,-1,-1,-1,-1,-1,-1,-1,-1,-1,-1,16,PM25
22t,2026-09-03,09:00,17,10.3,12,24,-1,-1,-1,-1,-1,-1,-1,-1,17,PM25
24t,2026-09-03,09:00,30,16.7,29,55,-1,-1,-1,-1,-1,-1,-1,-1,30,PM25
25t,2026-09-03,09:00,21,12.5,12,24,-1,-1,-999,-1,-1,-1,-999,-1,21,PM25
26t,2026-09-03,09:00,31,17.2,-1,-1,-1,-1,-1,-1,-1,-1,-1,-1,31,PM25
27t,2026-09-03,09:00,40,20.8,-1,-1,-1,-1,-999,-1,-1,-1,-1,-1,40,PM25
28t,2026-09-03,09:00,24,14.6,-1,-1,-1,-1,-1,-1,-1,-1,-1,-1,24,PM25
29t,2026-09-03,09:00,30,16.6,24,47,-1,-1,-1,-1,-1,-1,-1,-1,30,PM25
30t,2026-09-03,09:00,22,13.3,18,36,6,8,1,0.10,0,1,0,0,22,PM25
31t,2026-09-03,09:00,57,26.7,-1,-1,-1,-1,-1,-1,-1,-1,-1,-1,57,PM25
33t,2026-09-03,09:00,21,12.5,-1,-1,-1,-1,-999,-1,-1,-1,-999,-1,21,PM25
34t,2026-09-03,09:00,23,13.6,-1,-1,-1,-1,-1,-1,-1,-1,-999,-1,23,PM25
35t,2026-09-03,09:00,26,15.3,-1,-1,-1,-1,-1,-1,-1,-1,-1,-1,26,PM25
36t,2026-09-03,09:00,15,9.1,-1,-1,-999,-1,-1,-1,-1,-1,-1,-1,15,PM25
37t,2026-09-03,09:00,15,8.8,-1,-1,-1,-1,-1,-1,-1,-1,-1,-1,15,PM25
38t,2026-09-03,09:00,14,8.4,-1,-1,8,11,2,0.30,-1,-1,-1,-1,14,PM25
39t,2026-09-03,09:00,14,8.2,-1,-1,-1,-1,-999,-1,-1,-1,0,0,14,PM25
40t,2026-09-03,09:00,14,8.5,-1,-1,-1,-1,-999,-1,-1,-1,-1,-1,14,PM25
41t,2026-09-03,09:00,14,8.5,-1,-1,-1,-1,-1,-1,-1,-1,-1,-1,14,PM25
42t,2026-09-03,09:00,15,9.2,-1,-1,-1,-1,-1,-1,-1,-1,-1,-1,15,PM25
43t,2026-09-03,09:00,16,9.3,-1,-1,-1,-1,-1,-1,-1,-1,-1,-1,16,PM25
44t,2026-09-03,09:00,16,9.6,-1,-1,-1,-1,-1,-1,-1,-1,-1,-1,16,PM25
47t,2026-09-03,09:00,34,18.3,-1,-1,-1,-1,-1,-1,-1,-1,-1,-1,34,PM25
50t,2026-09-03,09:00,32,17.6,-1,-1,-999,-1,-1,-1,-1,-1,-999,-1,32,PM25
52t,2026-09-03,09:00,32,17.4,-1,-1,-1,-1,-1,-1,-1,-1,-1,-1,32,PM25
53t,2026-09-03,09:00,31,17.3,-1,-1,-999,-1,-1,-1,-1,-1,-999,-1,31,PM25
54t,2026-09-03,09:00,33,18.0,-1,-1,-1,-1,0,0.00,-1,-1,-1,-1,33,PM25
57t,2026-09-03,09:00,17,10.3,8,16,-1,-1,-1,-1,-1,-1,-999,-1,17,PM25
58t,2026-09-03,09:00,12,7.4,9,17,-1,-1,-1,-1,-1,-1,-999,-1,12,PM25
59t,2026-09-03,09:00,22,13.2,13,25,6,9,1,0.20,3,8,-999,-1,22,PM25
60t,2026-09-03,09:00,36,19.1,-1,-1,-1,-1,-999,-1,-1,-1,-1,-1,36,PM25
61t,2026-09-03,09:00,23,13.7,-1,-1,-1,-1,-999,-1,-1,-1,-1,-1,23,PM25
62t,2026-09-03,09:00,19,11.5,-1,-1,-1,-1,-1,-1,-1,-1,-999,-1,19,PM25
63t,2026-09-03,09:00,19,11.6,-1,-1,-1,-1,-1,-1,-1,-1,-999,-1,19,PM25
67t,2026-09-03,09:00,33,18.1,-1,-1,-1,-1,-1,-1,-1,-1,-1,-1,33,PM25
68t,2026-09-03,09:00,15,9.2,10,19,-1,-1,-1,-1,-1,-1,-1,-1,15,PM25
69t,2026-09-03,09:00,15,8.7,-1,-1,-1,-1,-1,-1,-1,-1,-1,-1,15,PM25
70t,2026-09-03,09:00,15,8.9,-1,-1,-1,-1,-1,-1,-1,-1,-999,-1,15,PM25
71t,2026-09-03,09:00,14,8.5,10,19,9,12,0,0.00,3,6,3,10,14,PM25
72t,2026-09-03,09:00,13,7.6,9,17,-1,-1,-1,-1,0,0,-1,-1,13,PM25
73t,2026-09-03,09:00,23,13.6,-1,-1,-1,-1,-1,-1,-1,-1,-1,-1,23,PM25
74t,2026-09-03,09:00,24,14.6,-1,-1,-1,-1,-1,-1,-1,-1,-1,-1,24,PM25
75t,2026-09-03,09:00,16,9.7,-1,-1,-1,-1,-1,-1,0,1,2,9,16,PM25
76t,2026-09-03,09:00,15,8.7,-1,-1,-1,-1,-1,-1,-1,-1,-999,-1,15,PM25
77t,2026-09-03,09:00,42,21.9,18,36,-1,-1,-999,-1,-1,-1,-1,-1,42,PM25
78t,2026-09-03,09:00,18,11.0,-1,-1,-999,-1,-999,-1,-999,-1,-999,-1,18,PM25
79t,2026-09-03,09:00,36,19.2,-1,-1,-1,-1,-1,-1,-1,-1,-1,-1,36,PM25
80t,2026-09-03,09:00,15,9.0,-1,-1,-1,-1,-1,-1,-1,-1,-1,-1,15,PM25
81t,2026-09-03,09:00,23,13.9,-1,-1,-1,-1,-1,-1,-1,-1,-1,-1,23,PM25
82t,2026-09-03,09:00,26,15.1,16,32,-1,-1,2,0.30,1,2,-1,-1,26,PM25
83t,2026-09-03,09:00,15,9.0,11,22,-1,-1,-1,-1,-1,-1,-1,-1,15,PM25
84t,2026-09-03,09:00,30,16.9,20,40,-1,-1,-1,-1,-1,-1,-1,-1,30,PM25
85t,2026-09-03,09:00,21,12.3,-1,-1,-1,-1,-1,-1,-1,-1,-1,-1,21,PM25
86t,2026-09-03,09:00,25,14.8,16,31,-1,-1,5,0.90,7,16,-1,-1,25,PM25
87t,2026-09-03,09:00,21,12.3,-1,-1,-1,-1,-1,-1,0,0,-1,-1,21,PM25
88t,2026-09-03,09:00,19,11.1,10,19,-1,-1,-1,-1,5,11,-1,-1,19,PM25
89t,2026-09-03,09:00,15,9.1,10,19,-1,-1,-1,-1,-1,-1,-1,-1,15,PM25
90t,2026-09-03,09:00,11,6.8,9,17,-1,-1,-1,-1,-1,-1,-1,-1,11,PM25
91t,2026-09-03,09:00,16,9.6,-1,-1,-1,-1,-1,-1,-1,-1,-1,-1,16,PM25
92t,2026-09-03,09:00,15,9.0,10,19,-1,-1,-1,-1,-1,-1,-1,-1,15,PM25
93t,2026-09-03,09:00,15,9.1,10,20,-1,-1,1,0.20,2,5,0,0,15,PM25
94t,2026-09-03,09:00,15,9.2,10,19,-1,-1,-1,-1,-1,-1,-1,-1,15,PM25
95t,2026-09-03,09:00,15,9.1,9,18,-1,-1,-1,-1,-1,-1,-1,-1,15,PM25
96t,2026-09-03,09:00,17,9.9,12,23,-1,-1,5,0.80,1,2,0,1,17,PM25
97t,2026-09-03,09:00,14,8.2,8,15,10,14,0,0.00,1,2,1,3,14,PM25
98t,2026-09-03,09:00,15,9.2,10,19,12,17,2,0.30,-1,-1,0,0,15,PM25
99t,2026-09-03,09:00,27,15.4,14,27,8,11,1,0.20,2,4,1,4,27,PM25
bkp100t,2026-09-03,09:00,16,9.8,-999,-1,-999,-1,-999,-1,-999,-1,-999,-1,16,PM25
bkp101t,2026-09-03,09:00,22,13.1,12,24,-999,-1,-999,-1,-999,-1,-999,-1,22,PM25
bkp102t,2026-09-03,09:00,20,11.9,25,49,-999,-1,-999,-1,-999,-1,-999,-1,25,PM10
bkp103t,2026-09-03,09:00,23,13.7,-999,-1,-999,-1,-999,-1,-999,-1,-999,-1,23,PM25
bkp104t,2026-09-03,09:00,23,13.6,17,34,-999,-1,-999,-1,-999,-1,-999,-1,23,PM25
bkp105t,2026-09-03,09:00,39,20.6,-999,-1,-999,-1,-999,-1,-999,-1,-999,-1,39,PM25
bkp115t,2026-09-03,09:00,16,9.7,-999,-1,-999,-1,-999,-1,-999,-1,-999,-1,16,PM25
bkp116t,2026-09-03,09:00,17,10.4,-999,-1,-999,-1,-999,-1,-999,-1,-999,-1,17,PM25
bkp117t,2026-09-03,09:00,18,11.0,-999,-1,-999,-1,-999,-1,-999,-1,-999,-1,18,PM25
bkp118t,2026-09-03,09:00,28,15.9,-999,-1,-999,-1,-999,-1,-999,-1,-999,-1,28,PM25
bkp119t,2026-09-03,09:00,25,14.7,-999,-1,-999,-1,-999,-1,-999,-1,-999,-1,25,PM25
bkp120t,2026-09-03,09:00,19,11.5,-999,-1,-999,-1,-999,-1,-999,-1,-999,-1,19,PM25
bkp121t,2026-09-03,09:00,20,11.8,-999,-1,-999,-1,-999,-1,-999,-1,-999,-1,20,PM25
bkp122t,2026-09-03,09:00,17,10.3,-999,-1,-999,-1,-999,-1,-999,-1,-999,-1,17,PM25
bkp123t,2026-09-03,09:00,17,10.2,-999,-1,-999,-1,-999,-1,-999,-1,-999,-1,17,PM25
bkp124t,2026-09-03,09:00,29,16.3,-999,-1,-999,-1,-999,-1,-999,-1,-999,-1,29,PM25
bkp125t,2026-09-03,09:00,28,15.9,-999,-1,-999,-1,-999,-1,-999,-1,-999,-1,28,PM25
bkp126t,2026-09-03,09:00,23,14.0,-999,-1,-999,-1,-999,-1,-999,-1,-999,-1,23,PM25
bkp127t,2026-09-03,09:00,38,20.2,-999,-1,-999,-1,-999,-1,-999,-1,-999,-1,38,PM25
bkp128t,2026-09-03,09:00,19,11.5,-999,-1,-999,-1,-999,-1,-999,-1,-999,-1,19,PM25
bkp129t,2026-09-03,09:00,20,12.0,-999,-1,-999,-1,-999,-1,-999,-1,-999,-1,20,PM25
bkp130t,2026-09-03,09:00,15,8.9,-999,-1,-999,-1,-999,-1,-999,-1,-999,-1,15,PM25
bkp131t,2026-09-03,09:00,22,13.2,-999,-1,-999,-1,-999,-1,-999,-1,-999,-1,22,PM25
bkp133t,2026-09-03,09:00,21,12.6,-999,-1,-999,-1,-999,-1,-999,-1,-999,-1,21,PM25
bkp56t,2026-09-03,09:00,28,16.0,33,59,-999,-1,-999,-1,-999,-1,-999,-1,33,PM10
bkp57t,2026-09-03,09:00,28,15.9,23,46,-999,-1,-999,-1,-999,-1,-999,-1,28,PM25
bkp58t,2026-09-03,09:00,43,22.0,36,63,-999,-1,-999,-1,-999,-1,-999,-1,43,PM25
bkp59t,2026-09-03,09:00,38,20.2,23,46,-999,-1,-999,-1,-999,-1,-999,-1,38,PM25
bkp60t,2026-09-03,09:00,17,9.9,19,37,-999,-1,-999,-1,-999,-1,-999,-1,19,PM10
bkp61t,2026-09-03,09:00,20,12.2,14,27,-999,-1,-999,-1,-999,-1,-999,-1,20,PM25
bkp62t,2026-09-03,09:00,46,23.4,-999,-1,-999,-1,-999,-1,-999,-1,-999,-1,46,PM25
bkp63t,2026-09-03,09:00,27,15.7,-999,-1,-999,-1,-999,-1,-999,-1,-999,-1,27,PM25
bkp64t,2026-09-03,09:00,42,21.8,-999,-1,-999,-1,-999,-1,-999,-1,-999,-1,42,PM25
bkp65t,2026-09-03,09:00,37,19.5,-999,-1,-999,-1,-999,-1,-999,-1,-999,-1,37,PM25
bkp66t,2026-09-03,09:00,38,20.1,-999,-1,-999,-1,-999,-1,-999,-1,-999,-1,38,PM25
bkp67t,2026-09-03,09:00,35,19.0,-999,-1,-999,-1,-999,-1,-999,-1,-999,-1,35,PM25
bkp69t,2026-09-03,09:00,34,18.2,-999,-1,-999,-1,-999,-1,-999,-1,-999,-1,34,PM25
bkp70t,2026-09-03,09:00,20,11.8,22,44,-999,-1,-999,-1,-999,-1,-999,-1,22,PM10
bkp71t,2026-09-03,09:00,21,12.8,16,32,-999,-1,-999,-1,-999,-1,-999,-1,21,PM25
bkp72t,2026-09-03,09:00,49,24.6,34,61,-999,-1,-999,-1,-999,-1,-999,-1,49,PM25
bkp73t,2026-09-03,09:00,25,15.0,-999,-1,-999,-1,-999,-1,-999,-1,-999,-1,25,PM25
bkp74t,2026-09-03,09:00,14,8.3,11,22,-999,-1,-999,-1,-999,-1,-999,-1,14,PM25
bkp75t,2026-09-03,09:00,23,13.7,17,34,-999,-1,-999,-1,-999,-1,-999,-1,23,PM25
bkp76t,2026-09-03,09:00,18,10.7,-999,-1,-999,-1,-999,-1,-999,-1,-999,-1,18,PM25
bkp77t,2026-09-03,09:00,18,10.8,15,30,-999,-1,-999,-1,-999,-1,-999,-1,18,PM25
bkp78t,2026-09-03,09:00,55,26.0,-999,-1,-999,-1,-999,-1,-999,-1,-999,-1,55,PM25
bkp79t,2026-09-03,09:00,29,16.3,21,42,-999,-1,-999,-1,-999,-1,-999,-1,29,PM25
bkp80t,2026-09-03,09:00,30,16.7,41,69,-999,-1,-999,-1,-999,-1,-999,-1,41,PM10
bkp81t,2026-09-03,09:00,45,22.9,42,70,-999,-1,-999,-1,-999,-1,-999,-1,45,PM25
bkp82t,2026-09-03,09:00,27,15.7,-999,-1,-999,-1,-999,-1,-999,-1,-999,-1,27,PM25
bkp83t,2026-09-03,09:00,20,12.1,-999,-1,-999,-1,-999,-1,-999,-1,-999,-1,20,PM25
bkp84t,2026-09-03,09:00,39,20.6,23,46,-999,-1,-999,-1,-999,-1,-999,-1,39,PM25
bkp85t,2026-09-03,09:00,32,17.5,-999,-1,-999,-1,-999,-1,-999,-1,-999,-1,32,PM25
bkp86t,2026-09-03,09:00,21,12.6,13,26,-999,-1,-999,-1,-999,-1,-999,-1,21,PM25
bkp87t,2026-09-03,09:00,20,12.0,13,25,-999,-1,-999,-1,-999,-1,-999,-1,20,PM25
bkp88t,2026-09-03,09:00,36,19.1,-999,-1,-999,-1,-999,-1,-999,-1,-999,-1,36,PM25
bkp89t,2026-09-03,09:00,38,20.2,31,57,-999,-1,-999,-1,-999,-1,-999,-1,38,PM25
bkp90t,2026-09-03,09:00,32,17.7,27,52,-999,-1,-999,-1,-999,-1,-999,-1,32,PM25
bkp91t,2026-09-03,09:00,23,14.0,21,41,-999,-1,-999,-1,-999,-1,-999,-1,23,PM25
bkp92t,2026-09-03,09:00,30,16.6,-999,-1,-999,-1,-999,-1,-999,-1,-999,-1,30,PM25
bkp93t,2026-09-03,09:00,18,11.0,15,29,-999,-1,-999,-1,-999,-1,-999,-1,18,PM25
bkp94t,2026-09-03,09:00,35,18.7,-999,-1,-999,-1,-999,-1,-999,-1,-999,-1,35,PM25
bkp95t,2026-09-03,09:00,26,15.3,-999,-1,-999,-1,-999,-1,-999,-1,-999,-1,26,PM25
bkp96t,2026-09-03,09:00,21,12.7,14,27,-999,-1,-999,-1,-999,-1,-999,-1,21,PM25
bkp97t,2026-09-03,09:00,26,15.2,-999,-1,-999,-1,-999,-1,-999,-1,-999,-1,26,PM25
bkp98t,2026-09-03,09:00,39,20.5,-999,-1,-999,-1,-999,-1,-999,-1,-999,-1,39,PM25
bkp99t,2026-09-03,09:00,20,11.9,12,23,-999,-1,-999,-1,-999,-1,-999,-1,20,PM25
o10,2026-09-03,09:00,24,14.1,-999,-1,-999,-1,-999,-1,-999,-1,-999,-1,24,PM25
o61,2026-09-03,09:00,20,12.2,-999,-1,-999,-1,-999,-1,-999,-1,-999,-1,20,PM25
o63,2026-09-03,09:00,14,8.5,-999,-1,-999,-1,-999,-1,-999,-1,-999,-1,14,PM25
03t,2026-09-03,12:00,33,17.8,-1,-1,-1,-1,-1,-1,-1,-1,-999,-1,33,PM25
41t,2026-09-03,12:00,14,8.3,-1,-1,-1,-1,-1,-1,-1,-1,-1,-1,14,PM25
76t,2026-09-03,12:00,14,8.5,-1,-1,-1,-1,-1,-1,-1,-1,-999,-1,14,PM25
bkp114t,2026-09-03,13:00,19,11.5,-999,-1,-999,-1,-999,-1,-999,-1,-999,-1,19,PM25
02t,2026-09-03,14:00,23,13.7,-1,-1,-1,-1,-1,-1,-1,-1,-1,-1,23,PM25
05t,2026-09-03,14:00,25,14.8,-1,-1,-1,-1,-1,-1,-1,-1,-1,-1,25,PM25
08t,2026-09-03,14:00,37,19.5,-1,-1,-1,-1,-1,-1,-1,-1,-1,-1,37,PM25
100t,2026-09-03,14:00,18,10.5,15,29,9,12,0,0.00,2,5,0,0,18,PM25
101t,2026-09-03,14:00,23,13.5,14,28,-1,-1,-1,-1,1,2,-1,-1,23,PM25
102t,2026-09-03,14:00,23,13.8,14,27,-1,-1,-1,-1,-1,-1,1,2,23,PM25
103t,2026-09-03,14:00,16,9.8,16,32,-1,-1,1,0.10,3,6,0,0,16,PM10
104t,2026-09-03,14:00,26,15.2,-1,-1,16,22,1,0.20,0,1,0,1,26,PM25
105t,2026-09-03,14:00,22,13.0,-999,-1,17,24,1,0.20,2,5,0,1,22,PM25
106t,2026-09-03,14:00,12,7.2,-999,-1,18,25,2,0.30,0,1,0,0,18,O3
107t,2026-09-03,14:00,16,9.4,-1,-1,18,25,3,0.60,0,0,0,0,18,O3
108t,2026-09-03,14:00,17,10.0,-1,-1,16,22,13,2.20,0,0,1,2,17,PM25
109t,2026-09-03,14:00,17,10.2,-1,-1,19,26,1,0.20,1,2,1,3,19,O3
110t,2026-09-03,14:00,20,12.0,-999,-1,23,32,2,0.30,-1,-1,-1,-1,23,O3
111t,2026-09-03,14:00,16,9.4,-999,-1,19,27,1,0.10,0,0,0,0,19,O3
112t,2026-09-03,14:00,12,7.1,-999,-1,21,30,1,0.10,3,7,0,0,21,O3
113t,2026-09-03,14:00,20,12.1,12,24,-1,-1,1,0.20,0,0,0,0,20,PM25
114t,2026-09-03,14:00,14,8.5,11,22,21,30,2,0.40,1,3,0,1,21,O3
115t,2026-09-03,14:00,15,9.0,9,18,15,21,1,0.20,0,1,0,1,15,PM25
116t,2026-09-03,14:00,23,13.8,14,28,21,30,1,0.10,1,2,0,1,23,PM25
117t,2026-09-03,14:00,21,12.6,-999,-1,13,18,1,0.20,1,2,1,2,21,PM25
118t,2026-09-03,14:00,10,6.1,-1,-1,9,13,-1,-1,0,1,0,0,10,PM25
119t,2026-09-03,14:00,10,6.0,-1,-1,10,14,7,1.30,0,0,1,2,10,PM25
120t,2026-09-03,14:00,14,8.3,-1,-1,13,18,3,0.50,0,1,0,0,14,PM25
121t,2026-09-03,14:00,17,10.1,-1,-1,10,14,1,0.20,1,3,0,0,17,PM25
12t,2026-09-03,14:00,25,14.7,-1,-1,-1,-1,-1,-1,-1,-1,-1,-1,25,PM25
13t,2026-09-03,14:00,13,7.8,14,27,19,26,2,0.30,2,4,-1,-1,19,O3
14t,2026-09-03,14:00,44,22.6,-1,-1,11,15,2,0.30,4,9,1,2,44,PM25
16t,2026-09-03,14:00,28,15.9,15,29,-1,-1,-1,-1,-1,-1,-1,-1,28,PM25
17t,2026-09-03,14:00,23,13.8,-1,-1,-1,-1,-1,-1,-1,-1,-1,-1,23,PM25
18t,2026-09-03,14:00,55,26.1,-1,-1,-1,-1,-1,-1,-1,-1,-1,-1,55,PM25
19t,2026-09-03,14:00,32,17.6,-1,-1,-1,-1,-1,-1,-1,-1,-1,-1,32,PM25
20t,2026-09-03,14:00,39,20.5,18,35,-1,-1,-1,-1,-1,-1,-1,-1,39,PM25
21t,2026-09-03,14:00,18,10.9,-1,-1,-1,-1,-1,-1,-1,-1,-1,-1,18,PM25
22t,2026-09-03,14:00,20,11.7,14,27,-1,-1,-1,-1,-1,-1,-1,-1,20,PM25
24t,2026-09-03,14:00,33,17.9,32,58,-1,-1,-1,-1,-1,-1,-1,-1,33,PM25
25t,2026-09-03,14:00,24,14.1,13,26,-1,-1,-999,-1,-1,-1,-999,-1,24,PM25
26t,2026-09-03,14:00,33,17.9,-1,-1,-1,-1,-1,-1,-1,-1,-1,-1,33,PM25
27t,2026-09-03,14:00,42,21.7,-1,-1,-1,-1,-999,-1,-1,-1,-1,-1,42,PM25
28t,2026-09-03,14:00,24,14.5,-1,-1,-1,-1,-1,-1,-1,-1,-1,-1,24,PM25
29t,2026-09-03,14:00,32,17.4,24,47,-1,-1,-1,-1,-1,-1,-1,-1,32,PM25
30t,2026-09-03,14:00,21,12.8,19,37,11,16,1,0.10,0,0,0,0,21,PM25
31t,2026-09-03,14:00,59,27.2,-1,-1,-1,-1,-1,-1,-1,-1,-1,-1,59,PM25
33t,2026-09-03,14:00,23,13.6,-1,-1,-1,-1,-999,-1,-1,-1,-999,-1,23,PM25
34t,2026-09-03,14:00,22,13.2,-1,-1,-1,-1,-1,-1,-1,-1,-999,-1,22,PM25
35t,2026-09-03,14:00,26,15.3,-1,-1,-1,-1,-1,-1,-1,-1,-1,-1,26,PM25
36t,2026-09-03,14:00,16,9.4,-1,-1,-999,-1,-1,-1,-1,-1,-1,-1,16,PM25
37t,2026-09-03,14:00,14,8.6,-1,-1,-1,-1,-1,-1,-1,-1,-1,-1,14,PM25
38t,2026-09-03,14:00,14,8.2,-1,-1,18,25,2,0.40,1,2,0,1,18,O3
39t,2026-09-03,14:00,14,8.1,-1,-1,-1,-1,-999,-1,-1,-1,0,0,14,PM25
40t,2026-09-03,14:00,14,8.4,-1,-1,-1,-1,-999,-1,-1,-1,-1,-1,14,PM25
42t,2026-09-03,14:00,14,8.3,-1,-1,-1,-1,-1,-1,-1,-1,-1,-1,14,PM25
43t,2026-09-03,14:00,14,8.5,-1,-1,-1,-1,-1,-1,-1,-1,-1,-1,14,PM25
44t,2026-09-03,14:00,15,8.7,-1,-1,-1,-1,-1,-1,-1,-1,-1,-1,15,PM25
47t,2026-09-03,14:00,36,19.2,-1,-1,-1,-1,-1,-1,-1,-1,-1,-1,36,PM25
50t,2026-09-03,14:00,32,17.7,-1,-1,-999,-1,-1,-1,-1,-1,-999,-1,32,PM25
52t,2026-09-03,14:00,32,17.5,-1,-1,-1,-1,-1,-1,-1,-1,-1,-1,32,PM25
53t,2026-09-03,14:00,32,17.4,-1,-1,-999,-1,-1,-1,-1,-1,-999,-1,32,PM25
54t,2026-09-03,14:00,33,18.0,-1,-1,-1,-1,0,0.00,-1,-1,-1,-1,33,PM25
57t,2026-09-03,14:00,17,10.4,8,16,-1,-1,-1,-1,-1,-1,-999,-1,17,PM25
58t,2026-09-03,14:00,13,7.7,9,17,-1,-1,-1,-1,-1,-1,-999,-1,13,PM25
59t,2026-09-03,14:00,22,13.4,13,25,16,23,2,0.30,1,2,-999,-1,22,PM25
60t,2026-09-03,14:00,35,18.9,-1,-1,-1,-1,-999,-1,-1,-1,-1,-1,35,PM25
61t,2026-09-03,14:00,23,13.9,-1,-1,-1,-1,-999,-1,-1,-1,-1,-1,23,PM25
62t,2026-09-03,14:00,17,10.4,-1,-1,-1,-1,-1,-1,-1,-1,-999,-1,17,PM25
63t,2026-09-03,14:00,18,10.5,-1,-1,-1,-1,-1,-1,-1,-1,-999,-1,18,PM25
67t,2026-09-03,14:00,34,18.6,-1,-1,-1,-1,-1,-1,-1,-1,-1,-1,34,PM25
68t,2026-09-03,14:00,15,9.0,10,19,-1,-1,-1,-1,-1,-1,-1,-1,15,PM25
69t,2026-09-03,14:00,14,8.5,-1,-1,-1,-1,-1,-1,-1,-1,-1,-1,14,PM25
70t,2026-09-03,14:00,15,8.7,-1,-1,-1,-1,-1,-1,-1,-1,-999,-1,15,PM25
71t,2026-09-03,14:00,15,9.2,11,22,9,12,0,0.00,1,2,3,10,15,PM25
72t,2026-09-03,14:00,13,7.8,9,18,-1,-1,-1,-1,0,0,-1,-1,13,PM25
73t,2026-09-03,14:00,23,13.5,-1,-1,-1,-1,-1,-1,-1,-1,-1,-1,23,PM25
74t,2026-09-03,14:00,21,12.8,-1,-1,-1,-1,-1,-1,-1,-1,-1,-1,21,PM25
75t,2026-09-03,14:00,18,10.6,-1,-1,-1,-1,-1,-1,0,0,2,9,18,PM25
77t,2026-09-03,14:00,45,22.9,19,37,-1,-1,-999,-1,-1,-1,-1,-1,45,PM25
78t,2026-09-03,14:00,17,9.9,-1,-1,-999,-1,-999,-1,-999,-1,-999,-1,17,PM25
79t,2026-09-03,14:00,38,19.9,-1,-1,-1,-1,-1,-1,-1,-1,-1,-1,38,PM25
80t,2026-09-03,14:00,14,8.2,-1,-1,-1,-1,-1,-1,-1,-1,-1,-1,14,PM25
81t,2026-09-03,14:00,24,14.3,-1,-1,-1,-1,-1,-1,-1,-1,-1,-1,24,PM25
82t,2026-09-03,14:00,28,16.0,17,34,-1,-1,2,0.30,0,1,-1,-1,28,PM25
83t,2026-09-03,14:00,15,9.0,11,22,-1,-1,-1,-1,-1,-1,-1,-1,15,PM25
84t,2026-09-03,14:00,33,17.9,21,42,-1,-1,-1,-1,-1,-1,-1,-1,33,PM25
85t,2026-09-03,14:00,24,14.3,-1,-1,-1,-1,-1,-1,-1,-1,-1,-1,24,PM25
86t,2026-09-03,14:00,27,15.4,16,32,-1,-1,5,0.90,7,16,-1,-1,27,PM25
87t,2026-09-03,14:00,20,12.2,-1,-1,-1,-1,-1,-1,0,0,-1,-1,20,PM25
88t,2026-09-03,14:00,19,11.6,10,20,-1,-1,-1,-1,3,6,-1,-1,19,PM25
89t,2026-09-03,14:00,14,8.3,9,18,-1,-1,-1,-1,-1,-1,-1,-1,14,PM25
90t,2026-09-03,14:00,11,6.7,8,15,-1,-1,-1,-1,-1,-1,-1,-1,11,PM25
91t,2026-09-03,14:00,16,9.8,-1,-1,-1,-1,-1,-1,-1,-1,-1,-1,16,PM25
92t,2026-09-03,14:00,15,8.9,9,18,-1,-1,-1,-1,-1,-1,-1,-1,15,PM25
93t,2026-09-03,14:00,14,8.3,9,18,-1,-1,1,0.10,1,3,0,0,14,PM25
94t,2026-09-03,14:00,15,9.1,9,18,-1,-1,-1,-1,-1,-1,-1,-1,15,PM25
95t,2026-09-03,14:00,17,10.0,11,22,-1,-1,-1,-1,-1,-1,-1,-1,17,PM25
96t,2026-09-03,14:00,17,10.4,12,23,-1,-1,5,0.80,1,2,0,1,17,PM25
97t,2026-09-03,14:00,14,8.6,8,16,12,17,0,0.00,0,1,1,3,14,PM25
98t,2026-09-03,14:00,15,9.0,9,18,17,24,2,0.30,-1,-1,0,0,17,O3
99t,2026-09-03,14:00,31,17.0,16,31,15,21,1,0.20,3,8,1,4,31,PM25
bkp100t,2026-09-03,14:00,18,10.7,-999,-1,-999,-1,-999,-1,-999,-1,-999,-1,18,PM25
bkp101t,2026-09-03,14:00,24,14.4,13,26,-999,-1,-999,-1,-999,-1,-999,-1,24,PM25
bkp102t,2026-09-03,14:00,21,12.5,26,51,-999,-1,-999,-1,-999,-1,-999,-1,26,PM10
bkp103t,2026-09-03,14:00,26,15.1,-999,-1,-999,-1,-999,-1,-999,-1,-999,-1,26,PM25
bkp104t,2026-09-03,14:00,24,14.6,18,36,-999,-1,-999,-1,-999,-1,-999,-1,24,PM25
bkp105t,2026-09-03,14:00,39,20.6,-999,-1,-999,-1,-999,-1,-999,-1,-999,-1,39,PM25
bkp115t,2026-09-03,14:00,18,10.5,-999,-1,-999,-1,-999,-1,-999,-1,-999,-1,18,PM25
bkp116t,2026-09-03,14:00,19,11.2,-999,-1,-999,-1,-999,-1,-999,-1,-999,-1,19,PM25
bkp117t,2026-09-03,14:00,20,11.7,-999,-1,-999,-1,-999,-1,-999,-1,-999,-1,20,PM25
bkp118t,2026-09-03,14:00,29,16.4,-999,-1,-999,-1,-999,-1,-999,-1,-999,-1,29,PM25
bkp119t,2026-09-03,14:00,26,15.2,-999,-1,-999,-1,-999,-1,-999,-1,-999,-1,26,PM25
bkp120t,2026-09-03,14:00,22,13.0,-999,-1,-999,-1,-999,-1,-999,-1,-999,-1,22,PM25
bkp121t,2026-09-03,14:00,21,12.6,-999,-1,-999,-1,-999,-1,-999,-1,-999,-1,21,PM25
bkp122t,2026-09-03,14:00,20,11.7,-999,-1,-999,-1,-999,-1,-999,-1,-999,-1,20,PM25
bkp123t,2026-09-03,14:00,18,10.9,-999,-1,-999,-1,-999,-1,-999,-1,-999,-1,18,PM25
bkp124t,2026-09-03,14:00,28,16.1,-999,-1,-999,-1,-999,-1,-999,-1,-999,-1,28,PM25
bkp125t,2026-09-03,14:00,31,17.1,-999,-1,-999,-1,-999,-1,-999,-1,-999,-1,31,PM25
bkp126t,2026-09-03,14:00,24,14.6,-999,-1,-999,-1,-999,-1,-999,-1,-999,-1,24,PM25
bkp127t,2026-09-03,14:00,42,21.6,-999,-1,-999,-1,-999,-1,-999,-1,-999,-1,42,PM25
bkp128t,2026-09-03,14:00,21,12.7,-999,-1,-999,-1,-999,-1,-999,-1,-999,-1,21,PM25
bkp129t,2026-09-03,14:00,21,12.8,-999,-1,-999,-1,-999,-1,-999,-1,-999,-1,21,PM25
bkp130t,2026-09-03,14:00,17,10.3,-999,-1,-999,-1,-999,-1,-999,-1,-999,-1,17,PM25
bkp131t,2026-09-03,14:00,23,13.5,-999,-1,-999,-1,-999,-1,-999,-1,-999,-1,23,PM25
bkp133t,2026-09-03,14:00,22,13.2,-999,-1,-999,-1,-999,-1,-999,-1,-999,-1,22,PM25
bkp56t,2026-09-03,14:00,29,16.3,33,59,-999,-1,-999,-1,-999,-1,-999,-1,33,PM10
bkp57t,2026-09-03,14:00,29,16.5,24,48,-999,-1,-999,-1,-999,-1,-999,-1,29,PM25
bkp58t,2026-09-03,14:00,43,22.1,37,64,-999,-1,-999,-1,-999,-1,-999,-1,43,PM25
bkp59t,2026-09-03,14:00,40,20.9,24,47,-999,-1,-999,-1,-999,-1,-999,-1,40,PM25
bkp60t,2026-09-03,14:00,18,10.7,20,39,-999,-1,-999,-1,-999,-1,-999,-1,20,PM10
bkp61t,2026-09-03,14:00,22,13.2,15,29,-999,-1,-999,-1,-999,-1,-999,-1,22,PM25
bkp62t,2026-09-03,14:00,51,25.1,-999,-1,-999,-1,-999,-1,-999,-1,-999,-1,51,PM25
bkp63t,2026-09-03,14:00,28,15.8,-999,-1,-999,-1,-999,-1,-999,-1,-999,-1,28,PM25
bkp64t,2026-09-03,14:00,43,22.3,-999,-1,-999,-1,-999,-1,-999,-1,-999,-1,43,PM25
bkp65t,2026-09-03,14:00,38,19.9,-999,-1,-999,-1,-999,-1,-999,-1,-999,-1,38,PM25
bkp66t,2026-09-03,14:00,41,21.4,-999,-1,-999,-1,-999,-1,-999,-1,-999,-1,41,PM25
bkp67t,2026-09-03,14:00,35,18.9,-999,-1,-999,-1,-999,-1,-999,-1,-999,-1,35,PM25
bkp69t,2026-09-03,14:00,34,18.6,-999,-1,-999,-1,-999,-1,-999,-1,-999,-1,34,PM25
bkp70t,2026-09-03,14:00,21,12.7,23,46,-999,-1,-999,-1,-999,-1,-999,-1,23,PM10
bkp71t,2026-09-03,14:00,23,13.7,18,35,-999,-1,-999,-1,-999,-1,-999,-1,23,PM25
bkp72t,2026-09-03,14:00,51,25.2,33,60,-999,-1,-999,-1,-999,-1,-999,-1,51,PM25
bkp73t,2026-09-03,14:00,27,15.4,-999,-1,-999,-1,-999,-1,-999,-1,-999,-1,27,PM25
bkp74t,2026-09-03,14:00,16,9.3,12,24,-999,-1,-999,-1,-999,-1,-999,-1,16,PM25
bkp75t,2026-09-03,14:00,23,13.7,18,35,-999,-1,-999,-1,-999,-1,-999,-1,23,PM25
bkp76t,2026-09-03,14:00,19,11.5,-999,-1,-999,-1,-999,-1,-999,-1,-999,-1,19,PM25
bkp77t,2026-09-03,14:00,20,12.1,16,31,-999,-1,-999,-1,-999,-1,-999,-1,20,PM25
bkp78t,2026-09-03,14:00,54,25.9,-999,-1,-999,-1,-999,-1,-999,-1,-999,-1,54,PM25
bkp79t,2026-09-03,14:00,31,17.3,21,42,-999,-1,-999,-1,-999,-1,-999,-1,31,PM25
bkp80t,2026-09-03,14:00,30,16.7,39,67,-999,-1,-999,-1,-999,-1,-999,-1,39,PM10
bkp81t,2026-09-03,14:00,44,22.4,40,68,-999,-1,-999,-1,-999,-1,-999,-1,44,PM25
bkp82t,2026-09-03,14:00,32,17.4,-999,-1,-999,-1,-999,-1,-999,-1,-999,-1,32,PM25
bkp83t,2026-09-03,14:00,22,13.1,-999,-1,-999,-1,-999,-1,-999,-1,-999,-1,22,PM25
bkp84t,2026-09-03,14:00,42,21.5,24,47,-999,-1,-999,-1,-999,-1,-999,-1,42,PM25
bkp85t,2026-09-03,14:00,34,18.2,-999,-1,-999,-1,-999,-1,-999,-1,-999,-1,34,PM25
bkp86t,2026-09-03,14:00,23,13.5,14,28,-999,-1,-999,-1,-999,-1,-999,-1,23,PM25
bkp87t,2026-09-03,14:00,22,13.1,14,27,-999,-1,-999,-1,-999,-1,-999,-1,22,PM25
bkp88t,2026-09-03,14:00,38,20.2,-999,-1,-999,-1,-999,-1,-999,-1,-999,-1,38,PM25
bkp89t,2026-09-03,14:00,43,22.3,33,60,-999,-1,-999,-1,-999,-1,-999,-1,43,PM25
bkp90t,2026-09-03,14:00,36,19.3,26,51,-999,-1,-999,-1,-999,-1,-999,-1,36,PM25
bkp91t,2026-09-03,14:00,24,14.1,21,41,-999,-1,-999,-1,-999,-1,-999,-1,24,PM25
bkp92t,2026-09-03,14:00,34,18.4,-999,-1,-999,-1,-999,-1,-999,-1,-999,-1,34,PM25
bkp93t,2026-09-03,14:00,20,11.8,16,32,-999,-1,-999,-1,-999,-1,-999,-1,20,PM25
bkp94t,2026-09-03,14:00,34,18.6,-999,-1,-999,-1,-999,-1,-999,-1,-999,-1,34,PM25
bkp95t,2026-09-03,14:00,27,15.6,-999,-1,-999,-1,-999,-1,-999,-1,-999,-1,27,PM25
bkp96t,2026-09-03,14:00,23,13.6,15,30,-999,-1,-999,-1,-999,-1,-999,-1,23,PM25
bkp97t,2026-09-03,14:00,28,16.0,-999,-1,-999,-1,-999,-1,-999,-1,-999,-1,28,PM25
bkp98t,2026-09-03,14:00,41,21.3,-999,-1,-999,-1,-999,-1,-999,-1,-999,-1,41,PM25
bkp99t,2026-09-03,14:00,20,12.0,12,24,-999,-1,-999,-1,-999,-1,-999,-1,20,PM25
o10,2026-09-03,14:00,24,14.3,-999,-1,-999,-1,-999,-1,-999,-1,-999,-1,24,PM25
o61,2026-09-03,14:00,22,13.3,-999,-1,-999,-1,-999,-1,-999,-1,-999,-1,22,PM25
o63,2026-09-03,14:00,15,9.1,-999,-1,-999,-1,-999,-1,-999,-1,-999,-1,15,PM25
03t,2026-09-03,15:00,34,18.2,-1,-1,-1,-1,-1,-1,-1,-1,-999,-1,34,PM25
05t,2026-09-03,15:00,25,15.0,-1,-1,-1,-1,-1,-1,-1,-1,-1,-1,25,PM25
12t,2026-09-03,15:00,25,14.8,-1,-1,-1,-1,-1,-1,-1,-1,-1,-1,25,PM25
54t,2026-09-03,15:00,34,18.2,-1,-1,-1,-1,0,0.00,-1,-1,-1,-1,34,PM25
100t,2026-09-03,17:00,18,10.7,15,30,11,16,0,0.00,3,7,0,0,18,PM25
19t,2026-09-03,17:00,32,17.6,-1,-1,-1,-1,-1,-1,-1,-1,-1,-1,32,PM25
37t,2026-09-03,17:00,14,8.6,-1,-1,-1,-1,-1,-1,-1,-1,-1,-1,14,PM25
38t,2026-09-03,17:00,14,8.2,-1,-1,23,32,2,0.30,1,2,0,1,23,O3
39t,2026-09-03,17:00,14,8.1,-1,-1,-1,-1,-999,-1,-1,-1,0,0,14,PM25
41t,2026-09-03,17:00,14,8.4,-1,-1,-1,-1,-1,-1,-1,-1,-1,-1,14,PM25
42t,2026-09-03,17:00,14,8.1,-1,-1,-1,-1,-1,-1,-1,-1,-1,-1,14,PM25
43t,2026-09-03,17:00,14,8.3,-1,-1,-1,-1,-1,-1,-1,-1,-1,-1,14,PM25
44t,2026-09-03,17:00,14,8.5,-1,-1,-1,-1,-1,-1,-1,-1,-1,-1,14,PM25
62t,2026-09-03,17:00,17,10.0,-1,-1,-1,-1,-1,-1,-1,-1,-999,-1,17,PM25
63t,2026-09-03,17:00,17,10.1,-1,-1,-1,-1,-1,-1,-1,-1,-999,-1,17,PM25
76t,2026-09-03,17:00,14,8.6,-1,-1,-1,-1,-1,-1,-1,-1,-999,-1,14,PM25
80t,2026-09-03,17:00,13,7.9,-1,-1,-1,-1,-1,-1,-1,-1,-1,-1,13,PM25
89t,2026-09-03,17:00,13,8.0,9,17,-1,-1,-1,-1,-1,-1,-1,-1,13,PM25
121t,2026-09-03,18:00,16,9.6,-1,-1,11,16,1,0.10,1,2,0,0,16,PM25
28t,2026-09-03,18:00,25,14.9,-1,-1,-1,-1,-1,-1,-1,-1,-1,-1,25,PM25
31t,2026-09-03,18:00,63,28.1,-1,-1,-1,-1,-1,-1,-1,-1,-1,-1,63,PM25
34t,2026-09-03,18:00,25,14.8,-1,-1,-1,-1,-1,-1,-1,-1,-999,-1,25,PM25
69t,2026-09-03,18:00,14,8.6,-1,-1,-1,-1,-1,-1,-1,-1,-1,-1,14,PM25
74t,2026-09-03,18:00,20,11.7,-1,-1,-1,-1,-1,-1,-1,-1,-1,-1,20,PM25
77t,2026-09-03,18:00,49,24.7,20,39,-1,-1,-999,-1,-1,-1,-1,-1,49,PM25
82t,2026-09-03,18:00,28,16.1,18,35,-1,-1,2,0.30,1,2,-1,-1,28,PM25
88t,2026-09-03,18:00,20,11.9,10,20,-1,-1,-1,-1,3,7,-1,-1,20,PM25
02t,2026-09-03,19:00,26,15.3,-1,-1,-1,-1,-1,-1,-1,-1,-1,-1,26,PM25
08t,2026-09-03,19:00,39,20.5,-1,-1,-1,-1,-1,-1,-1,-1,-1,-1,39,PM25
101t,2026-09-03,19:00,24,14.1,15,30,-1,-1,-1,-1,3,6,-1,-1,24,PM25
102t,2026-09-03,19:00,23,14.0,14,27,-1,-1,-1,-1,-1,-1,1,2,23,PM25
103t,2026-09-03,19:00,16,9.7,16,31,-1,-1,1,0.10,4,10,0,0,16,PM10
104t,2026-09-03,19:00,32,17.5,-1,-1,35,41,1,0.20,3,7,0,1,35,O3
105t,2026-09-03,19:00,23,13.9,-999,-1,50,50,0,0.00,5,12,1,2,50,O3
106t,2026-09-03,19:00,13,7.6,-999,-1,17,24,2,0.30,1,3,0,0,17,O3
107t,2026-09-03,19:00,17,10.1,-1,-1,29,38,3,0.60,2,5,0,1,29,O3
108t,2026-09-03,19:00,16,9.5,-1,-1,19,26,13,2.20,0,1,1,2,19,O3
109t,2026-09-03,19:00,18,10.9,-1,-1,21,29,1,0.20,-1,-1,-1,-1,21,O3
110t,2026-09-03,19:00,20,12.1,-999,-1,28,37,2,0.30,3,6,0,0,28,O3
111t,2026-09-03,19:00,17,10.1,-999,-1,28,37,0,0.00,0,0,0,0,28,O3
112t,2026-09-03,19:00,12,7.4,-999,-1,20,28,1,0.10,2,4,3,12,20,O3
113t,2026-09-03,19:00,21,12.6,13,26,-1,-1,1,0.10,0,0,0,0,21,PM25
114t,2026-09-03,19:00,15,8.7,12,23,25,35,2,0.40,2,5,0,1,25,O3
115t,2026-09-03,19:00,17,10.3,10,20,18,25,1,0.20,1,3,0,1,18,O3
116t,2026-09-03,19:00,30,16.7,17,34,50,50,1,0.20,5,12,0,1,50,O3
117t,2026-09-03,19:00,22,13.4,-999,-1,16,22,1,0.20,2,4,0,1,22,PM25
118t,2026-09-03,19:00,10,6.1,-1,-1,11,16,-1,-1,1,3,0,0,11,O3
119t,2026-09-03,19:00,10,5.9,-1,-1,11,15,7,1.30,0,1,1,2,11,O3
120t,2026-09-03,19:00,13,7.9,-1,-1,11,16,3,0.60,1,2,0,0,13,PM25
13t,2026-09-03,19:00,16,9.5,16,31,29,38,1,0.20,-1,-1,-1,-1,29,O3
14t,2026-09-03,19:00,47,23.8,-1,-1,16,22,2,0.30,7,17,1,2,47,PM25
16t,2026-09-03,19:00,28,16.0,15,30,-1,-1,-1,-1,-1,-1,-1,-1,28,PM25
17t,2026-09-03,19:00,22,12.9,-1,-1,-1,-1,-1,-1,-1,-1,-1,-1,22,PM25
18t,2026-09-03,19:00,57,26.6,-1,-1,-1,-1,-1,-1,-1,-1,-1,-1,57,PM25
20t,2026-09-03,19:00,44,22.5,19,38,-1,-1,-1,-1,-1,-1,-1,-1,44,PM25
21t,2026-09-03,19:00,22,13.3,-1,-1,-1,-1,-1,-1,-1,-1,-1,-1,22,PM25
22t,2026-09-03,19:00,22,13.1,15,29,-1,-1,-1,-1,-1,-1,-1,-1,22,PM25
24t,2026-09-03,19:00,38,19.9,33,59,-1,-1,-1,-1,-1,-1,-1,-1,38,PM25
25t,2026-09-03,19:00,29,16.4,15,30,-1,-1,-999,-1,-1,-1,-999,-1,29,PM25
26t,2026-09-03,19:00,34,18.3,-1,-1,-1,-1,-1,-1,-1,-1,-1,-1,34,PM25
27t,2026-09-03,19:00,43,22.2,-1,-1,-1,-1,-999,-1,-1,-1,-1,-1,43,PM25
29t,2026-09-03,19:00,33,18.0,24,48,-1,-1,-1,-1,-1,-1,-1,-1,33,PM25
30t,2026-09-03,19:00,21,12.8,20,39,14,19,1,0.10,0,0,0,0,21,PM25
33t,2026-09-03,19:00,24,14.4,-1,-1,-1,-1,-999,-1,-1,-1,-999,-1,24,PM25
35t,2026-09-03,19:00,25,15.0,-1,-1,-1,-1,-1,-1,-1,-1,-1,-1,25,PM25
36t,2026-09-03,19:00,15,9.1,-1,-1,-999,-1,-1,-1,-1,-1,-1,-1,15,PM25
40t,2026-09-03,19:00,15,8.8,-1,-1,-1,-1,-999,-1,-1,-1,-1,-1,15,PM25
46t,2026-09-03,19:00,32,17.5,-1,-1,-1,-1,-1,-1,-1,-1,-1,-1,32,PM25
47t,2026-09-03,19:00,36,19.2,-1,-1,-1,-1,-1,-1,-1,-1,-1,-1,36,PM25
50t,2026-09-03,19:00,34,18.5,-1,-1,-999,-1,-1,-1,-1,-1,-999,-1,34,PM25
52t,2026-09-03,19:00,32,17.7,-1,-1,-1,-1,-1,-1,-1,-1,-1,-1,32,PM25
53t,2026-09-03,19:00,32,17.5,-1,-1,-999,-1,-1,-1,-1,-1,-999,-1,32,PM25
57t,2026-09-03,19:00,17,10.4,9,17,-1,-1,-1,-1,-1,-1,-999,-1,17,PM25
58t,2026-09-03,19:00,14,8.3,9,18,-1,-1,-1,-1,-1,-1,-999,-1,14,PM25
59t,2026-09-03,19:00,24,14.1,14,28,29,38,1,0.20,3,8,-999,-1,29,O3
60t,2026-09-03,19:00,37,19.8,-1,-1,-1,-1,-999,-1,-1,-1,-1,-1,37,PM25
61t,2026-09-03,19:00,25,14.9,-1,-1,-1,-1,-999,-1,-1,-1,-1,-1,25,PM25
67t,2026-09-03,19:00,34,18.4,-1,-1,-1,-1,-1,-1,-1,-1,-1,-1,34,PM25
68t,2026-09-03,19:00,15,9.2,10,19,-1,-1,-1,-1,-1,-1,-1,-1,15,PM25
70t,2026-09-03,19:00,15,8.7,-1,-1,-1,-1,-1,-1,-1,-1,-999,-1,15,PM25
71t,2026-09-03,19:00,18,10.7,13,25,9,13,0,0.00,3,8,3,10,18,PM25
72t,2026-09-03,19:00,14,8.4,9,18,-1,-1,-1,-1,0,0,-1,-1,14,PM25
73t,2026-09-03,19:00,24,14.3,-1,-1,-1,-1,-1,-1,-1,-1,-1,-1,24,PM25
75t,2026-09-03,19:00,19,11.6,-1,-1,-1,-1,-1,-1,1,2,2,9,19,PM25
78t,2026-09-03,19:00,15,9.1,-1,-1,-999,-1,-999,-1,-999,-1,-999,-1,15,PM25
79t,2026-09-03,19:00,40,20.9,-1,-1,-1,-1,-1,-1,-1,-1,-1,-1,40,PM25
81t,2026-09-03,19:00,24,14.5,-1,-1,-1,-1,-1,-1,-1,-1,-1,-1,24,PM25
83t,2026-09-03,19:00,17,10.0,12,23,-1,-1,-1,-1,-1,-1,-1,-1,17,PM25
84t,2026-09-03,19:00,35,18.7,21,42,-1,-1,-1,-1,-1,-1,-1,-1,35,PM25
85t,2026-09-03,19:00,29,16.4,-1,-1,-1,-1,-1,-1,-1,-1,-1,-1,29,PM25
86t,2026-09-03,19:00,31,17.1,17,34,-1,-1,5,0.90,11,26,-1,-1,31,PM25
87t,2026-09-03,19:00,22,13.1,-1,-1,-1,-1,-1,-1,-1,-1,-1,-1,22,PM25
90t,2026-09-03,19:00,10,6.2,7,14,-1,-1,-1,-1,-1,-1,-1,-1,10,PM25
91t,2026-09-03,19:00,16,9.7,-1,-1,-1,-1,-1,-1,-1,-1,-1,-1,16,PM25
92t,2026-09-03,19:00,16,9.4,10,19,-1,-1,-1,-1,-1,-1,-1,-1,16,PM25
93t,2026-09-03,19:00,13,7.6,9,17,-1,-1,0,0.00,2,4,0,0,13,PM25
94t,2026-09-03,19:00,16,9.8,10,19,-1,-1,-1,-1,-1,-1,-1,-1,16,PM25
95t,2026-09-03,19:00,19,11.2,13,26,-1,-1,-1,-1,-1,-1,-1,-1,19,PM25
96t,2026-09-03,19:00,19,11.5,13,25,-1,-1,5,0.80,1,3,0,1,19,PM25
97t,2026-09-03,19:00,14,8.5,8,15,13,18,0,0.00,3,8,1,3,14,PM25
98t,2026-09-03,19:00,16,9.8,10,19,22,31,1,0.20,-1,-1,0,0,22,O3
99t,2026-09-03,19:00,33,18.1,17,34,19,26,2,0.40,3,7,1,4,33,PM25
bkp100t,2026-09-03,19:00,20,11.9,-999,-1,-999,-1,-999,-1,-999,-1,-999,-1,20,PM25
bkp101t,2026-09-03,19:00,26,15.1,15,29,-999,-1,-999,-1,-999,-1,-999,-1,26,PM25
bkp102t,2026-09-03,19:00,23,13.7,32,58,-999,-1,-999,-1,-999,-1,-999,-1,32,PM10
bkp103t,2026-09-03,19:00,30,16.6,-999,-1,-999,-1,-999,-1,-999,-1,-999,-1,30,PM25
bkp104t,2026-09-03,19:00,25,14.9,20,39,-999,-1,-999,-1,-999,-1,-999,-1,25,PM25
bkp105t,2026-09-03,19:00,42,21.9,-999,-1,-999,-1,-999,-1,-999,-1,-999,-1,42,PM25
bkp114t,2026-09-03,19:00,21,12.8,-999,-1,-999,-1,-999,-1,-999,-1,-999,-1,21,PM25
bkp115t,2026-09-03,19:00,20,11.7,-999,-1,-999,-1,-999,-1,-999,-1,-999,-1,20,PM25
bkp116t,2026-09-03,19:00,20,12.1,-999,-1,-999,-1,-999,-1,-999,-1,-999,-1,20,PM25
bkp117t,2026-09-03,19:00,21,12.5,-999,-1,-999,-1,-999,-1,-999,-1,-999,-1,21,PM25
bkp118t,2026-09-03,19:00,31,17.2,-999,-1,-999,-1,-999,-1,-999,-1,-999,-1,31,PM25
bkp119t,2026-09-03,19:00,28,15.8,-999,-1,-999,-1,-999,-1,-999,-1,-999,-1,28,PM25
bkp120t,2026-09-03,19:00,23,13.8,-999,-1,-999,-1,-999,-1,-999,-1,-999,-1,23,PM25
bkp121t,2026-09-03,19:00,21,12.6,-999,-1,-999,-1,-999,-1,-999,-1,-999,-1,21,PM25
bkp122t,2026-09-03,19:00,22,13.0,-999,-1,-999,-1,-999,-1,-999,-1,-999,-1,22,PM25
bkp123t,2026-09-03,19:00,20,11.8,-999,-1,-999,-1,-999,-1,-999,-1,-999,-1,20,PM25
bkp124t,2026-09-03,19:00,30,16.9,-999,-1,-999,-1,-999,-1,-999,-1,-999,-1,30,PM25
bkp125t,2026-09-03,19:00,33,18.0,-999,-1,-999,-1,-999,-1,-999,-1,-999,-1,33,PM25
bkp126t,2026-09-03,19:00,27,15.4,-999,-1,-999,-1,-999,-1,-999,-1,-999,-1,27,PM25
bkp127t,2026-09-03,19:00,44,22.4,-999,-1,-999,-1,-999,-1,-999,-1,-999,-1,44,PM25
bkp128t,2026-09-03,19:00,23,14.0,-999,-1,-999,-1,-999,-1,-999,-1,-999,-1,23,PM25
bkp129t,2026-09-03,19:00,24,14.1,-999,-1,-999,-1,-999,-1,-999,-1,-999,-1,24,PM25
bkp130t,2026-09-03,19:00,20,11.9,-999,-1,-999,-1,-999,-1,-999,-1,-999,-1,20,PM25
bkp131t,2026-09-03,19:00,26,15.1,-999,-1,-999,-1,-999,-1,-999,-1,-999,-1,26,PM25
bkp133t,2026-09-03,19:00,23,13.9,-999,-1,-999,-1,-999,-1,-999,-1,-999,-1,23,PM25
bkp56t,2026-09-03,19:00,29,16.3,33,59,-999,-1,-999,-1,-999,-1,-999,-1,33,PM10
bkp57t,2026-09-03,19:00,32,17.4,26,51,-999,-1,-999,-1,-999,-1,-999,-1,32,PM25
bkp58t,2026-09-03,19:00,44,22.7,38,65,-999,-1,-999,-1,-999,-1,-999,-1,44,PM25
bkp59t,2026-09-03,19:00,41,21.4,25,49,-999,-1,-999,-1,-999,-1,-999,-1,41,PM25
bkp60t,2026-09-03,19:00,20,11.7,22,43,-999,-1,-999,-1,-999,-1,-999,-1,22,PM10
bkp61t,2026-09-03,19:00,22,13.4,15,30,-999,-1,-999,-1,-999,-1,-999,-1,22,PM25
bkp62t,2026-09-03,19:00,54,25.8,-999,-1,-999,-1,-999,-1,-999,-1,-999,-1,54,PM25
bkp63t,2026-09-03,19:00,30,16.6,-999,-1,-999,-1,-999,-1,-999,-1,-999,-1,30,PM25
bkp64t,2026-09-03,19:00,45,23.1,-999,-1,-999,-1,-999,-1,-999,-1,-999,-1,45,PM25
bkp65t,2026-09-03,19:00,41,21.1,-999,-1,-999,-1,-999,-1,-999,-1,-999,-1,41,PM25
bkp66t,2026-09-03,19:00,46,23.2,-999,-1,-999,-1,-999,-1,-999,-1,-999,-1,46,PM25
bkp67t,2026-09-03,19:00,38,19.9,-999,-1,-999,-1,-999,-1,-999,-1,-999,-1,38,PM25
bkp69t,2026-09-03,19:00,39,20.4,-999,-1,-999,-1,-999,-1,-999,-1,-999,-1,39,PM25
bkp70t,2026-09-03,19:00,23,13.7,25,50,-999,-1,-999,-1,-999,-1,-999,-1,25,PM10
bkp71t,2026-09-03,19:00,26,15.2,20,39,-999,-1,-999,-1,-999,-1,-999,-1,26,PM25
bkp72t,2026-09-03,19:00,49,24.5,32,58,-999,-1,-999,-1,-999,-1,-999,-1,49,PM25
bkp73t,2026-09-03,19:00,31,17.1,-999,-1,-999,-1,-999,-1,-999,-1,-999,-1,31,PM25
bkp74t,2026-09-03,19:00,18,10.5,14,27,-999,-1,-999,-1,-999,-1,-999,-1,18,PM25
bkp75t,2026-09-03,19:00,26,15.3,19,38,-999,-1,-999,-1,-999,-1,-999,-1,26,PM25
bkp76t,2026-09-03,19:00,20,12.2,-999,-1,-999,-1,-999,-1,-999,-1,-999,-1,20,PM25
bkp77t,2026-09-03,19:00,22,13.1,18,35,-999,-1,-999,-1,-999,-1,-999,-1,22,PM25
bkp78t,2026-09-03,19:00,58,26.8,-999,-1,-999,-1,-999,-1,-999,-1,-999,-1,58,PM25
bkp79t,2026-09-03,19:00,35,19.0,22,44,-999,-1,-999,-1,-999,-1,-999,-1,35,PM25
bkp80t,2026-09-03,19:00,34,18.2,40,68,-999,-1,-999,-1,-999,-1,-999,-1,40,PM10
bkp81t,2026-09-03,19:00,47,23.8,44,73,-999,-1,-999,-1,-999,-1,-999,-1,47,PM25
bkp82t,2026-09-03,19:00,31,17.3,-999,-1,-999,-1,-999,-1,-999,-1,-999,-1,31,PM25
bkp83t,2026-09-03,19:00,24,14.2,-999,-1,-999,-1,-999,-1,-999,-1,-999,-1,24,PM25
bkp84t,2026-09-03,19:00,43,22.3,27,52,-999,-1,-999,-1,-999,-1,-999,-1,43,PM25
bkp85t,2026-09-03,19:00,36,19.2,-999,-1,-999,-1,-999,-1,-999,-1,-999,-1,36,PM25
bkp86t,2026-09-03,19:00,24,14.6,15,30,-999,-1,-999,-1,-999,-1,-999,-1,24,PM25
bkp87t,2026-09-03,19:00,23,13.8,16,31,-999,-1,-999,-1,-999,-1,-999,-1,23,PM25
bkp88t,2026-09-03,19:00,41,21.3,-999,-1,-999,-1,-999,-1,-999,-1,-999,-1,41,PM25
bkp89t,2026-09-03,19:00,43,22.1,35,62,-999,-1,-999,-1,-999,-1,-999,-1,43,PM25
bkp90t,2026-09-03,19:00,38,20.1,29,55,-999,-1,-999,-1,-999,-1,-999,-1,38,PM25
bkp91t,2026-09-03,19:00,25,14.8,22,43,-999,-1,-999,-1,-999,-1,-999,-1,25,PM25
bkp92t,2026-09-03,19:00,38,19.9,-999,-1,-999,-1,-999,-1,-999,-1,-999,-1,38,PM25
bkp93t,2026-09-03,19:00,21,12.8,18,35,-999,-1,-999,-1,-999,-1,-999,-1,21,PM25
bkp94t,2026-09-03,19:00,38,20.2,-999,-1,-999,-1,-999,-1,-999,-1,-999,-1,38,PM25
bkp95t,2026-09-03,19:00,30,16.7,-999,-1,-999,-1,-999,-1,-999,-1,-999,-1,30,PM25
bkp96t,2026-09-03,19:00,26,15.2,16,32,-999,-1,-999,-1,-999,-1,-999,-1,26,PM25
bkp97t,2026-09-03,19:00,30,16.7,-999,-1,-999,-1,-999,-1,-999,-1,-999,-1,30,PM25
bkp98t,2026-09-03,19:00,42,21.6,-999,-1,-999,-1,-999,-1,-999,-1,-999,-1,42,PM25
bkp99t,2026-09-03,19:00,21,12.6,15,29,-999,-1,-999,-1,-999,-1,-999,-1,21,PM25
o10,2026-09-03,19:00,24,14.6,-999,-1,-999,-1,-999,-1,-999,-1,-999,-1,24,PM25
o61,2026-09-03,19:00,23,13.7,-999,-1,-999,-1,-999,-1,-999,-1,-999,-1,23,PM25
o63,2026-09-03,19:00,16,9.8,-999,-1,-999,-1,-999,-1,-999,-1,-999,-1,16,PM25
111t,2026-09-03,20:00,18,10.5,-999,-1,25,35,0,0.00,1,3,0,0,25,O3
16t,2026-09-03,20:00,29,16.5,15,30,-1,-1,-1,-1,-1,-1,-1,-1,29,PM25
19t,2026-09-03,20:00,33,17.9,-1,-1,-1,-1,-1,-1,-1,-1,-1,-1,33,PM25
78t,2026-09-03,20:00,15,8.8,-1,-1,-999,-1,-999,-1,-999,-1,-999,-1,15,PM25
o63,2026-09-03,20:00,16,9.5,-999,-1,-999,-1,-999,-1,-999,-1,-999,-1,16,PM25
08t,2026-09-03,21:00,40,21.0,-1,-1,-1,-1,-1,-1,-1,-1,-1,-1,40,PM25
103t,2026-09-03,21:00,16,9.7,16,32,-1,-1,1,0.10,3,8,0,0,16,PM10
104t,2026-09-03,21:00,32,17.4,-1,-1,29,38,1,0.20,3,7,0,0,32,PM25
109t,2026-09-03,21:00,19,11.2,-1,-1,19,27,1,0.20,3,7,1,3,19,PM25
112t,2026-09-03,21:00,13,7.9,-999,-1,16,23,1,0.10,2,4,4,14,16,O3
14t,2026-09-03,21:00,46,23.3,-1,-1,14,20,2,0.30,6,15,0,1,46,PM25
17t,2026-09-03,21:00,22,13.1,-1,-1,-1,-1,-1,-1,-1,-1,-1,-1,22,PM25
18t,2026-09-03,21:00,59,27.1,-1,-1,-1,-1,-1,-1,-1,-1,-1,-1,59,PM25
24t,2026-09-03,21:00,42,21.7,36,63,-1,-1,-1,-1,-1,-1,-1,-1,42,PM25
25t,2026-09-03,21:00,33,17.8,16,32,-1,-1,-999,-1,-1,-1,-999,-1,33,PM25
27t,2026-09-03,21:00,43,22.2,-1,-1,-1,-1,-999,-1,-1,-1,-1,-1,43,PM25
30t,2026-09-03,21:00,21,12.7,20,40,14,19,1,0.10,0,0,0,0,21,PM25
31t,2026-09-03,21:00,77,31.7,-1,-1,-1,-1,-1,-1,-1,-1,-1,-1,77,PM25
71t,2026-09-03,21:00,20,11.9,14,27,9,13,0,0.00,2,5,3,10,20,PM25
74t,2026-09-03,21:00,19,11.3,-1,-1,-1,-1,-1,-1,-1,-1,-1,-1,19,PM25
83t,2026-09-03,21:00,17,10.4,12,23,-1,-1,-1,-1,-1,-1,-1,-1,17,PM25
84t,2026-09-03,21:00,35,18.7,21,42,-1,-1,-1,-1,-1,-1,-1,-1,35,PM25
85t,2026-09-03,21:00,31,17.0,-1,-1,-1,-1,-1,-1,-1,-1,-1,-1,31,PM25
87t,2026-09-03,21:00,23,13.7,-1,-1,-1,-1,-1,-1,0,0,-1,-1,23,PM25
90t,2026-09-03,21:00,10,6.0,8,15,-1,-1,-1,-1,-1,-1,-1,-1,10,PM25
91t,2026-09-03,21:00,17,10.0,-1,-1,-1,-1,-1,-1,-1,-1,-1,-1,17,PM25
92t,2026-09-03,21:00,16,9.6,10,20,-1,-1,-1,-1,-1,-1,-1,-1,16,PM25
93t,2026-09-03,21:00,12,7.2,9,17,-1,-1,1,0.10,1,3,0,0,12,PM25
96t,2026-09-03,21:00,20,12.0,13,26,-1,-1,5,0.80,1,2,0,1,20,PM25
98t,2026-09-03,21:00,17,10.4,10,20,21,29,1,0.20,-1,-1,0,0,21,O3
bkp114t,2026-09-03,21:00,21,12.3,-999,-1,-999,-1,-999,-1,-999,-1,-999,-1,21,PM25
05t,2026-09-03,22:00,28,15.8,-1,-1,-1,-1,-1,-1,-1,-1,-1,-1,28,PM25
106t,2026-09-03,22:00,13,7.7,-999,-1,14,19,2,0.30,1,3,0,0,14,O3
113t,2026-09-03,22:00,25,14.7,15,29,40,44,1,0.20,0,0,0,0,40,O3
12t,2026-09-03,22:00,27,15.7,-1,-1,-1,-1,-1,-1,-1,-1,-1,-1,27,PM25
13t,2026-09-03,22:00,15,9.2,15,30,20,28,2,0.30,-1,-1,-1,-1,20,O3
26t,2026-09-03,22:00,35,18.8,-1,-1,-1,-1,-1,-1,-1,-1,-1,-1,35,PM25
29t,2026-09-03,22:00,34,18.5,24,48,-1,-1,-1,-1,-1,-1,-1,-1,34,PM25
42t,2026-09-03,22:00,12,7.4,-1,-1,-1,-1,-1,-1,-1,-1,-1,-1,12,PM25
43t,2026-09-03,22:00,13,7.5,-1,-1,-1,-1,-1,-1,-1,-1,-1,-1,13,PM25
44t,2026-09-03,22:00,13,7.8,-1,-1,-1,-1,-1,-1,-1,-1,-1,-1,13,PM25
46t,2026-09-03,22:00,34,18.5,-1,-1,-1,-1,-1,-1,-1,-1,-1,-1,34,PM25
54t,2026-09-03,22:00,36,19.1,-1,-1,-1,-1,0,0.00,-1,-1,-1,-1,36,PM25
62t,2026-09-03,22:00,15,9.1,-1,-1,-1,-1,-1,-1,-1,-1,-999,-1,15,PM25
63t,2026-09-03,22:00,15,9.2,-1,-1,-1,-1,-1,-1,-1,-1,-999,-1,15,PM25
67t,2026-09-03,22:00,32,17.4,-1,-1,-1,-1,-1,-1,-1,-1,-1,-1,32,PM25
75t,2026-09-03,22:00,19,11.3,-1,-1,-1,-1,-1,-1,0,1,2,9,19,PM25
77t,2026-09-03,22:00,53,25.7,21,41,-1,-1,-999,-1,-1,-1,-1,-1,53,PM25
80t,2026-09-03,22:00,12,7.2,-1,-1,-1,-1,-1,-1,-1,-1,-1,-1,12,PM25
81t,2026-09-03,22:00,23,13.5,-1,-1,-1,-1,-1,-1,-1,-1,-1,-1,23,PM25
82t,2026-09-03,22:00,27,15.7,17,34,-1,-1,1,0.20,2,4,-1,-1,27,PM25
86t,2026-09-03,22:00,32,17.6,18,35,-1,-1,6,1.00,8,20,-1,-1,32,PM25
88t,2026-09-03,22:00,22,13.3,11,22,-1,-1,-1,-1,3,8,-1,-1,22,PM25
89t,2026-09-03,22:00,12,7.3,8,16,-1,-1,-1,-1,-1,-1,-1,-1,12,PM25
02t,2026-09-03,23:00,26,15.3,-1,-1,-1,-1,-1,-1,-1,-1,-1,-1,26,PM25
101t,2026-09-03,23:00,24,14.1,15,30,-1,-1,-1,-1,1,3,-1,-1,24,PM25
102t,2026-09-03,23:00,23,13.9,14,27,-1,-1,-1,-1,-1,-1,1,2,23,PM25
105t,2026-09-03,23:00,28,16.1,-999,-1,31,39,1,0.10,3,6,1,2,31,O3
107t,2026-09-03,23:00,19,11.6,-1,-1,26,36,3,0.60,-1,-1,-1,-1,26,O3
108t,2026-09-03,23:00,17,10.4,-1,-1,19,26,13,2.20,0,1,1,2,19,O3
110t,2026-09-03,23:00,22,12.9,-999,-1,19,27,2,0.30,3,7,0,0,22,PM25
114t,2026-09-03,23:00,17,9.9,13,25,23,32,3,0.50,2,5,0,1,23,O3
115t,2026-09-03,23:00,17,10.4,10,20,18,25,1,0.20,-1,-1,-1,-1,18,O3
116t,2026-09-03,23:00,31,17.3,18,36,25,35,1,0.20,5,13,1,2,31,PM25
117t,2026-09-03,23:00,24,14.3,-999,-1,11,15,1,0.20,4,9,0,1,24,PM25
118t,2026-09-03,23:00,10,6.0,-1,-1,9,13,-1,-1,1,2,0,0,10,PM25
119t,2026-09-03,23:00,11,6.3,-1,-1,9,12,7,1.30,1,2,1,2,11,PM25
120t,2026-09-03,23:00,13,7.6,-1,-1,10,14,3,0.60,0,1,0,0,13,PM25
121t,2026-09-03,23:00,15,8.7,-1,-1,9,13,1,0.10,1,2,0,0,15,PM25
20t,2026-09-03,23:00,43,22.1,19,37,-1,-1,-1,-1,-1,-1,-1,-1,43,PM25
21t,2026-09-03,23:00,24,14.1,-1,-1,-1,-1,-1,-1,-1,-1,-1,-1,24,PM25
22t,2026-09-03,23:00,22,13.4,15,29,-1,-1,-1,-1,-1,-1,-1,-1,22,PM25
28t,2026-09-03,23:00,30,16.9,-1,-1,-1,-1,-1,-1,-1,-1,-1,-1,30,PM25
33t,2026-09-03,23:00,24,14.1,-1,-1,-1,-1,-999,-1,-1,-1,-999,-1,24,PM25
34t,2026-09-03,23:00,28,15.9,-1,-1,-1,-1,-1,-1,-1,-1,-999,-1,28,PM25
35t,2026-09-03,23:00,27,15.5,-1,-1,-1,-1,-1,-1,-1,-1,-1,-1,27,PM25
36t,2026-09-03,23:00,17,10.2,-1,-1,-999,-1,-1,-1,-1,-1,-1,-1,17,PM25
40t,2026-09-03,23:00,16,9.3,-1,-1,-1,-1,-999,-1,-1,-1,-1,-1,16,PM25
47t,2026-09-03,23:00,37,19.5,-1,-1,-1,-1,-1,-1,-1,-1,-1,-1,37,PM25
50t,2026-09-03,23:00,35,19.0,-1,-1,-999,-1,-1,-1,-1,-1,-999,-1,35,PM25
52t,2026-09-03,23:00,34,18.6,-1,-1,-1,-1,-1,-1,-1,-1,-1,-1,34,PM25
53t,2026-09-03,23:00,34,18.4,-1,-1,-999,-1,-1,-1,-1,-1,-999,-1,34,PM25
57t,2026-09-03,23:00,18,10.9,9,18,-1,-1,-1,-1,-1,-1,-999,-1,18,PM25
58t,2026-09-03,23:00,15,8.9,9,18,-1,-1,-1,-1,-1,-1,-999,-1,15,PM25
59t,2026-09-03,23:00,24,14.6,14,28,18,25,2,0.30,9,21,-999,-1,24,PM25
60t,2026-09-03,23:00,40,20.7,-1,-1,-1,-1,-999,-1,-1,-1,-1,-1,40,PM25
61t,2026-09-03,23:00,26,15.3,-1,-1,-1,-1,-999,-1,-1,-1,-1,-1,26,PM25
68t,2026-09-03,23:00,17,9.9,10,20,-1,-1,-1,-1,-1,-1,-1,-1,17,PM25
69t,2026-09-03,23:00,16,9.3,-1,-1,-1,-1,-1,-1,-1,-1,-1,-1,16,PM25
70t,2026-09-03,23:00,16,9.5,-1,-1,-1,-1,-1,-1,-1,-1,-999,-1,16,PM25
72t,2026-09-03,23:00,15,8.8,10,19,-1,-1,-1,-1,0,0,-1,-1,15,PM25
73t,2026-09-03,23:00,25,14.9,-1,-1,-1,-1,-1,-1,-1,-1,-1,-1,25,PM25
79t,2026-09-03,23:00,41,21.1,-1,-1,-1,-1,-1,-1,-1,-1,-1,-1,41,PM25
94t,2026-09-03,23:00,17,10.2,10,20,-1,-1,-1,-1,-1,-1,-1,-1,17,PM25
95t,2026-09-03,23:00,22,13.3,15,29,-1,-1,-1,-1,-1,-1,-1,-1,22,PM25
97t,2026-09-03,23:00,14,8.6,8,16,11,15,0,0.00,2,4,1,4,14,PM25
99t,2026-09-03,23:00,35,18.7,18,35,16,22,2,0.40,1,3,1,3,35,PM25
bkp100t,2026-09-03,23:00,19,11.5,-999,-1,-999,-1,-999,-1,-999,-1,-999,-1,19,PM25
bkp101t,2026-09-03,23:00,27,15.7,14,27,-999,-1,-999,-1,-999,-1,-999,-1,27,PM25
bkp102t,2026-09-03,23:00,23,13.9,33,59,-999,-1,-999,-1,-999,-1,-999,-1,33,PM10
bkp103t,2026-09-03,23:00,31,17.1,-999,-1,-999,-1,-999,-1,-999,-1,-999,-1,31,PM25
bkp104t,2026-09-03,23:00,24,14.1,19,37,-999,-1,-999,-1,-999,-1,-999,-1,24,PM25
bkp105t,2026-09-03,23:00,43,22.0,-999,-1,-999,-1,-999,-1,-999,-1,-999,-1,43,PM25
bkp115t,2026-09-03,23:00,20,12.1,-999,-1,-999,-1,-999,-1,-999,-1,-999,-1,20,PM25
bkp116t,2026-09-03,23:00,22,13.0,-999,-1,-999,-1,-999,-1,-999,-1,-999,-1,22,PM25
bkp117t,2026-09-03,23:00,31,17.3,-999,-1,-999,-1,-999,-1,-999,-1,-999,-1,31,PM25
bkp118t,2026-09-03,23:00,29,16.4,-999,-1,-999,-1,-999,-1,-999,-1,-999,-1,29,PM25
bkp119t,2026-09-03,23:00,32,17.5,-999,-1,-999,-1,-999,-1,-999,-1,-999,-1,32,PM25
bkp120t,2026-09-03,23:00,25,14.7,-999,-1,-999,-1,-999,-1,-999,-1,-999,-1,25,PM25
bkp121t,2026-09-03,23:00,21,12.3,-999,-1,-999,-1,-999,-1,-999,-1,-999,-1,21,PM25
bkp122t,2026-09-03,23:00,22,13.3,-999,-1,-999,-1,-999,-1,-999,-1,-999,-1,22,PM25
bkp123t,2026-09-03,23:00,20,11.9,-999,-1,-999,-1,-999,-1,-999,-1,-999,-1,20,PM25
bkp124t,2026-09-03,23:00,31,17.1,-999,-1,-999,-1,-999,-1,-999,-1,-999,-1,31,PM25
bkp125t,2026-09-03,23:00,32,17.5,-999,-1,-999,-1,-999,-1,-999,-1,-999,-1,32,PM25
bkp126t,2026-09-03,23:00,24,14.4,-999,-1,-999,-1,-999,-1,-999,-1,-999,-1,24,PM25
bkp127t,2026-09-03,23:00,44,22.6,-999,-1,-999,-1,-999,-1,-999,-1,-999,-1,44,PM25
bkp128t,2026-09-03,23:00,22,13.1,-999,-1,-999,-1,-999,-1,-999,-1,-999,-1,22,PM25
bkp129t,2026-09-03,23:00,24,14.4,-999,-1,-999,-1,-999,-1,-999,-1,-999,-1,24,PM25
bkp130t,2026-09-03,23:00,21,12.7,-999,-1,-999,-1,-999,-1,-999,-1,-999,-1,21,PM25
bkp131t,2026-09-03,23:00,28,15.8,-999,-1,-999,-1,-999,-1,-999,-1,-999,-1,28,PM25
bkp133t,2026-09-03,23:00,24,14.2,-999,-1,-999,-1,-999,-1,-999,-1,-999,-1,24,PM25
bkp56t,2026-09-03,23:00,28,16.1,34,61,-999,-1,-999,-1,-999,-1,-999,-1,34,PM10
bkp57t,2026-09-03,23:00,32,17.7,27,52,-999,-1,-999,-1,-999,-1,-999,-1,32,PM25
bkp58t,2026-09-03,23:00,42,21.9,33,59,-999,-1,-999,-1,-999,-1,-999,-1,42,PM25
bkp59t,2026-09-03,23:00,41,21.2,24,48,-999,-1,-999,-1,-999,-1,-999,-1,41,PM25
bkp60t,2026-09-03,23:00,22,13.4,21,42,-999,-1,-999,-1,-999,-1,-999,-1,22,PM25
bkp61t,2026-09-03,23:00,26,15.3,15,30,-999,-1,-999,-1,-999,-1,-999,-1,26,PM25
bkp62t,2026-09-03,23:00,55,26.0,-999,-1,-999,-1,-999,-1,-999,-1,-999,-1,55,PM25
bkp63t,2026-09-03,23:00,31,17.1,-999,-1,-999,-1,-999,-1,-999,-1,-999,-1,31,PM25
bkp64t,2026-09-03,23:00,40,21.0,-999,-1,-999,-1,-999,-1,-999,-1,-999,-1,40,PM25
bkp65t,2026-09-03,23:00,42,21.5,-999,-1,-999,-1,-999,-1,-999,-1,-999,-1,42,PM25
bkp66t,2026-09-03,23:00,45,23.1,-999,-1,-999,-1,-999,-1,-999,-1,-999,-1,45,PM25
bkp67t,2026-09-03,23:00,38,20.2,-999,-1,-999,-1,-999,-1,-999,-1,-999,-1,38,PM25
bkp69t,2026-09-03,23:00,41,21.2,-999,-1,-999,-1,-999,-1,-999,-1,-999,-1,41,PM25
bkp70t,2026-09-03,23:00,24,14.5,23,45,-999,-1,-999,-1,-999,-1,-999,-1,24,PM25
bkp71t,2026-09-03,23:00,29,16.3,20,40,-999,-1,-999,-1,-999,-1,-999,-1,29,PM25
bkp72t,2026-09-03,23:00,48,24.3,32,58,-999,-1,-999,-1,-999,-1,-999,-1,48,PM25
bkp73t,2026-09-03,23:00,33,18.1,-999,-1,-999,-1,-999,-1,-999,-1,-999,-1,33,PM25
bkp74t,2026-09-03,23:00,19,11.5,14,27,-999,-1,-999,-1,-999,-1,-999,-1,19,PM25
bkp75t,2026-09-03,23:00,30,16.8,20,39,-999,-1,-999,-1,-999,-1,-999,-1,30,PM25
bkp76t,2026-09-03,23:00,21,12.4,-999,-1,-999,-1,-999,-1,-999,-1,-999,-1,21,PM25
bkp77t,2026-09-03,23:00,21,12.5,17,34,-999,-1,-999,-1,-999,-1,-999,-1,21,PM25
bkp78t,2026-09-03,23:00,54,25.9,-999,-1,-999,-1,-999,-1,-999,-1,-999,-1,54,PM25
bkp79t,2026-09-03,23:00,38,20.0,21,41,-999,-1,-999,-1,-999,-1,-999,-1,38,PM25
bkp80t,2026-09-03,23:00,31,17.0,37,64,-999,-1,-999,-1,-999,-1,-999,-1,37,PM10
bkp81t,2026-09-03,23:00,45,22.8,39,67,-999,-1,-999,-1,-999,-1,-999,-1,45,PM25
bkp82t,2026-09-03,23:00,32,17.6,-999,-1,-999,-1,-999,-1,-999,-1,-999,-1,32,PM25
bkp83t,2026-09-03,23:00,25,14.9,-999,-1,-999,-1,-999,-1,-999,-1,-999,-1,25,PM25
bkp84t,2026-09-03,23:00,45,23.1,28,53,-999,-1,-999,-1,-999,-1,-999,-1,45,PM25
bkp85t,2026-09-03,23:00,33,17.9,-999,-1,-999,-1,-999,-1,-999,-1,-999,-1,33,PM25
bkp86t,2026-09-03,23:00,28,15.9,16,31,-999,-1,-999,-1,-999,-1,-999,-1,28,PM25
bkp87t,2026-09-03,23:00,24,14.5,16,32,-999,-1,-999,-1,-999,-1,-999,-1,24,PM25
bkp88t,2026-09-03,23:00,41,21.1,-999,-1,-999,-1,-999,-1,-999,-1,-999,-1,41,PM25
bkp89t,2026-09-03,23:00,41,21.1,35,62,-999,-1,-999,-1,-999,-1,-999,-1,41,PM25
bkp90t,2026-09-03,23:00,35,19.0,29,55,-999,-1,-999,-1,-999,-1,-999,-1,35,PM25
bkp91t,2026-09-03,23:00,24,14.1,22,44,-999,-1,-999,-1,-999,-1,-999,-1,24,PM25
bkp92t,2026-09-03,23:00,38,19.9,-999,-1,-999,-1,-999,-1,-999,-1,-999,-1,38,PM25
bkp93t,2026-09-03,23:00,21,12.7,18,35,-999,-1,-999,-1,-999,-1,-999,-1,21,PM25
bkp94t,2026-09-03,23:00,40,20.7,-999,-1,-999,-1,-999,-1,-999,-1,-999,-1,40,PM25
bkp95t,2026-09-03,23:00,31,17.1,-999,-1,-999,-1,-999,-1,-999,-1,-999,-1,31,PM25
bkp96t,2026-09-03,23:00,28,16.1,16,31,-999,-1,-999,-1,-999,-1,-999,-1,28,PM25
bkp97t,2026-09-03,23:00,32,17.6,-999,-1,-999,-1,-999,-1,-999,-1,-999,-1,32,PM25
bkp98t,2026-09-03,23:00,42,21.7,-999,-1,-999,-1,-999,-1,-999,-1,-999,-1,42,PM25
bkp99t,2026-09-03,23:00,21,12.3,14,28,-999,-1,-999,-1,-999,-1,-999,-1,21,PM25
o10,2026-09-03,23:00,23,13.9,-999,-1,-999,-1,-999,-1,-999,-1,-999,-1,23,PM25
o61,2026-09-03,23:00,22,13.4,-999,-1,-999,-1,-999,-1,-999,-1,-999,-1,22,PM25
bkp100t,2026-09-04,00:00,21,12.6,-999,-1,-999,-1,-999,-1,-999,-1,-999,-1,21,PM25
102t,2026-09-04,01:00,24,14.2,14,28,-1,-1,-1,-1,-1,-1,-1,-1,24,PM25
103t,2026-09-04,01:00,16,9.6,17,33,-1,-1,1,0.10,3,6,0,0,17,PM10
104t,2026-09-04,01:00,30,16.7,-1,-1,15,21,1,0.20,3,8,0,0,30,PM25
105t,2026-09-04,01:00,29,16.3,-999,-1,22,31,1,0.10,2,4,0,1,29,PM25
113t,2026-09-04,01:00,27,15.5,15,30,36,42,1,0.20,0,0,0,0,36,O3
114t,2026-09-04,01:00,17,10.1,13,26,21,29,3,0.50,2,4,0,1,21,O3
115t,2026-09-04,01:00,17,10.3,10,20,16,23,1,0.20,0,1,0,1,17,PM25
120t,2026-09-04,01:00,12,7.4,-1,-1,10,14,3,0.50,0,1,0,0,12,PM25
121t,2026-09-04,01:00,13,8.0,-1,-1,9,13,1,0.10,0,1,0,0,13,PM25
13t,2026-09-04,01:00,16,9.3,15,30,10,14,2,0.40,-1,-1,-1,-1,16,PM25
16t,2026-09-04,01:00,29,16.4,16,31,-1,-1,-1,-1,-1,-1,-1,-1,29,PM25
19t,2026-09-04,01:00,31,17.1,-1,-1,-1,-1,-1,-1,-1,-1,-1,-1,31,PM25
20t,2026-09-04,01:00,43,22.0,19,38,-1,-1,-1,-1,-1,-1,-1,-1,43,PM25
25t,2026-09-04,01:00,35,18.9,16,32,-1,-1,-999,-1,-1,-1,-999,-1,35,PM25
26t,2026-09-04,01:00,35,18.7,-1,-1,-1,-1,-1,-1,-1,-1,-1,-1,35,PM25
27t,2026-09-04,01:00,44,22.7,-1,-1,-1,-1,-999,-1,-1,-1,-1,-1,44,PM25
28t,2026-09-04,01:00,30,16.9,-1,-1,-1,-1,-1,-1,-1,-1,-1,-1,30,PM25
29t,2026-09-04,01:00,31,17.2,24,48,-1,-1,-1,-1,-1,-1,-1,-1,31,PM25
30t,2026-09-04,01:00,21,12.5,20,40,11,16,1,0.10,0,1,0,0,21,PM25
31t,2026-09-04,01:00,57,26.7,-1,-1,-1,-1,-1,-1,-1,-1,-1,-1,57,PM25
69t,2026-09-04,01:00,15,9.1,-1,-1,-1,-1,-1,-1,-1,-1,-1,-1,15,PM25
74t,2026-09-04,01:00,23,13.6,-1,-1,-1,-1,-1,-1,-1,-1,-1,-1,23,PM25
81t,2026-09-04,01:00,24,14.2,-1,-1,-1,-1,-1,-1,-1,-1,-1,-1,24,PM25
82t,2026-09-04,01:00,27,15.6,17,34,-1,-1,2,0.30,1,2,-1,-1,27,PM25
83t,2026-09-04,01:00,20,12.1,13,25,-1,-1,-1,-1,-1,-1,-1,-1,20,PM25
84t,2026-09-04,01:00,34,18.3,20,40,-1,-1,-1,-1,-1,-1,-1,-1,34,PM25
86t,2026-09-04,01:00,33,17.9,18,35,-1,-1,5,0.90,8,18,-1,-1,33,PM25
88t,2026-09-04,01:00,23,14.0,12,24,-1,-1,-1,-1,1,3,-1,-1,23,PM25
93t,2026-09-04,01:00,11,6.7,8,16,-1,-1,1,0.10,1,3,0,0,11,PM25
95t,2026-09-04,01:00,22,13.3,16,31,-1,-1,-1,-1,-1,-1,-1,-1,22,PM25
96t,2026-09-04,01:00,20,11.9,13,26,-1,-1,5,0.80,1,2,0,1,20,PM25
97t,2026-09-04,01:00,14,8.3,9,17,10,14,0,0.00,1,2,1,3,14,PM25
98t,2026-09-04,01:00,18,10.5,11,21,19,27,1,0.20,-1,-1,0,0,19,O3
99t,2026-09-04,01:00,33,17.9,18,35,15,21,2,0.30,2,5,1,4,33,PM25
bkp114t,2026-09-04,01:00,21,12.3,-999,-1,-999,-1,-999,-1,-999,-1,-999,-1,21,PM25
o10,2026-09-04,01:00,23,13.9,-999,-1,-999,-1,-999,-1,-999,-1,-999,-1,23,PM25
o61,2026-09-04,01:00,22,12.9,-999,-1,-999,-1,-999,-1,-999,-1,-999,-1,22,PM25
02t,2026-09-04,02:00,28,15.9,-1,-1,-1,-1,-1,-1,-1,-1,-1,-1,28,PM25
08t,2026-09-04,02:00,41,21.1,-1,-1,-1,-1,-1,-1,-1,-1,-1,-1,41,PM25
100t,2026-09-04,02:00,20,12.2,16,32,9,13,0,0.00,1,3,0,0,20,PM25
101t,2026-09-04,02:00,26,15.2,16,31,-1,-1,-1,-1,-1,-1,-1,-1,26,PM25
106t,2026-09-04,02:00,13,7.7,-999,-1,11,16,2,0.30,0,1,0,0,13,PM25
107t,2026-09-04,02:00,20,12.0,-1,-1,19,26,3,0.60,1,2,0,1,20,PM25
108t,2026-09-04,02:00,17,10.3,-1,-1,17,24,13,2.20,0,1,1,2,17,PM25
109t,2026-09-04,02:00,19,11.4,-1,-1,12,17,2,0.30,2,4,1,3,19,PM25
110t,2026-09-04,02:00,23,13.8,-999,-1,14,19,2,0.40,2,4,0,1,23,PM25
111t,2026-09-04,02:00,21,12.3,-999,-1,19,27,1,0.10,0,0,0,0,21,PM25
112t,2026-09-04,02:00,16,9.7,-999,-1,10,14,1,0.10,0,0,4,16,16,PM25
116t,2026-09-04,02:00,33,18.1,19,37,11,16,1,0.20,1,3,0,1,33,PM25
117t,2026-09-04,02:00,25,14.7,-999,-1,7,10,1,0.20,1,3,0,1,25,PM25
118t,2026-09-04,02:00,10,5.7,-1,-1,9,12,-1,-1,0,1,0,0,10,PM25
119t,2026-09-04,02:00,10,6.0,-1,-1,6,8,7,1.30,1,3,1,2,10,PM25
14t,2026-09-04,02:00,45,23.0,-1,-1,7,10,2,0.30,5,11,1,2,45,PM25
17t,2026-09-04,02:00,22,13.2,-1,-1,-1,-1,-1,-1,-1,-1,-1,-1,22,PM25
18t,2026-09-04,02:00,57,26.5,-1,-1,-1,-1,-1,-1,-1,-1,-1,-1,57,PM25
19t,2026-09-04,02:00,30,16.9,-1,-1,-1,-1,-1,-1,-1,-1,-1,-1,30,PM25
21t,2026-09-04,02:00,24,14.1,-1,-1,-1,-1,-1,-1,-1,-1,-1,-1,24,PM25
22t,2026-09-04,02:00,23,13.8,15,30,-1,-1,-1,-1,-1,-1,-1,-1,23,PM25
24t,2026-09-04,02:00,45,23.1,38,65,-1,-1,-1,-1,-1,-1,-1,-1,45,PM25
33t,2026-09-04,02:00,22,13.2,-1,-1,-1,-1,-999,-1,-1,-1,-999,-1,22,PM25
34t,2026-09-04,02:00,37,19.5,-1,-1,-1,-1,-1,-1,-1,-1,-999,-1,37,PM25
35t,2026-09-04,02:00,27,15.4,-1,-1,-1,-1,-1,-1,-1,-1,-1,-1,27,PM25
36t,2026-09-04,02:00,17,10.3,-1,-1,-999,-1,-1,-1,-1,-1,-1,-1,17,PM25
40t,2026-09-04,02:00,17,10.1,-1,-1,-1,-1,-999,-1,-1,-1,-1,-1,17,PM25
46t,2026-09-04,02:00,40,20.8,-1,-1,-1,-1,-1,-1,-1,-1,-1,-1,40,PM25
47t,2026-09-04,02:00,40,20.8,-1,-1,-1,-1,-1,-1,-1,-1,-1,-1,40,PM25
50t,2026-09-04,02:00,35,18.7,-1,-1,-999,-1,-1,-1,-1,-1,-999,-1,35,PM25
52t,2026-09-04,02:00,34,18.2,-1,-1,-1,-1,-1,-1,-1,-1,-1,-1,34,PM25
53t,2026-09-04,02:00,32,17.4,-1,-1,-999,-1,-1,-1,-1,-1,-999,-1,32,PM25
57t,2026-09-04,02:00,16,9.3,9,18,-1,-1,-1,-1,-1,-1,-999,-1,16,PM25
58t,2026-09-04,02:00,16,9.4,10,19,-1,-1,-1,-1,-1,-1,-999,-1,16,PM25
59t,2026-09-04,02:00,24,14.3,15,29,7,10,2,0.40,4,10,-999,-1,24,PM25
60t,2026-09-04,02:00,39,20.6,-1,-1,-1,-1,-999,-1,-1,-1,-1,-1,39,PM25
61t,2026-09-04,02:00,27,15.6,-1,-1,-1,-1,-999,-1,-1,-1,-1,-1,27,PM25
67t,2026-09-04,02:00,33,18.0,-1,-1,-1,-1,-1,-1,-1,-1,-1,-1,33,PM25
68t,2026-09-04,02:00,18,10.9,11,21,-1,-1,-1,-1,-1,-1,-1,-1,18,PM25
70t,2026-09-04,02:00,16,9.8,-1,-1,-1,-1,-1,-1,-1,-1,-999,-1,16,PM25
71t,2026-09-04,02:00,22,13.4,15,30,9,12,0,0.00,1,3,3,10,22,PM25
72t,2026-09-04,02:00,16,9.3,10,19,-1,-1,-1,-1,0,0,-1,-1,16,PM25
73t,2026-09-04,02:00,27,15.5,-1,-1,-1,-1,-1,-1,-1,-1,-1,-1,27,PM25
74t,2026-09-04,02:00,22,13.4,-1,-1,-1,-1,-1,-1,-1,-1,-1,-1,22,PM25
75t,2026-09-04,02:00,19,11.1,-1,-1,-1,-1,-1,-1,0,0,2,9,19,PM25
77t,2026-09-04,02:00,50,24.9,20,40,-1,-1,-999,-1,-1,-1,-1,-1,50,PM25
78t,2026-09-04,02:00,13,7.5,-1,-1,-999,-1,-999,-1,-999,-1,-999,-1,13,PM25
79t,2026-09-04,02:00,40,21.0,-1,-1,-1,-1,-1,-1,-1,-1,-1,-1,40,PM25
85t,2026-09-04,02:00,27,15.6,-1,-1,-1,-1,-1,-1,-1,-1,-1,-1,27,PM25
87t,2026-09-04,02:00,24,14.1,-1,-1,-1,-1,-1,-1,0,0,-1,-1,24,PM25
91t,2026-09-04,02:00,17,10.4,-1,-1,-1,-1,-1,-1,-1,-1,-1,-1,17,PM25
92t,2026-09-04,02:00,16,9.7,10,20,-1,-1,-1,-1,-1,-1,-1,-1,16,PM25
94t,2026-09-04,02:00,20,11.9,11,21,-1,-1,-1,-1,-1,-1,-1,-1,20,PM25
bkp101t,2026-09-04,02:00,28,15.8,13,26,-999,-1,-999,-1,-999,-1,-999,-1,28,PM25
bkp102t,2026-09-04,02:00,22,13.3,31,57,-999,-1,-999,-1,-999,-1,-999,-1,31,PM10
bkp103t,2026-09-04,02:00,31,17.2,-999,-1,-999,-1,-999,-1,-999,-1,-999,-1,31,PM25
bkp104t,2026-09-04,02:00,24,14.1,19,37,-999,-1,-999,-1,-999,-1,-999,-1,24,PM25
bkp105t,2026-09-04,02:00,42,21.5,-999,-1,-999,-1,-999,-1,-999,-1,-999,-1,42,PM25
bkp115t,2026-09-04,02:00,21,12.5,-999,-1,-999,-1,-999,-1,-999,-1,-999,-1,21,PM25
bkp116t,2026-09-04,02:00,22,13.4,-999,-1,-999,-1,-999,-1,-999,-1,-999,-1,22,PM25
bkp117t,2026-09-04,02:00,30,16.9,-999,-1,-999,-1,-999,-1,-999,-1,-999,-1,30,PM25
bkp118t,2026-09-04,02:00,30,16.7,-999,-1,-999,-1,-999,-1,-999,-1,-999,-1,30,PM25
bkp119t,2026-09-04,02:00,31,17.3,-999,-1,-999,-1,-999,-1,-999,-1,-999,-1,31,PM25
bkp120t,2026-09-04,02:00,24,14.5,-999,-1,-999,-1,-999,-1,-999,-1,-999,-1,24,PM25
bkp121t,2026-09-04,02:00,20,12.1,-999,-1,-999,-1,-999,-1,-999,-1,-999,-1,20,PM25
bkp122t,2026-09-04,02:00,22,12.9,-999,-1,-999,-1,-999,-1,-999,-1,-999,-1,22,PM25
bkp123t,2026-09-04,02:00,20,12.2,-999,-1,-999,-1,-999,-1,-999,-1,-999,-1,20,PM25
bkp124t,2026-09-04,02:00,31,17.1,-999,-1,-999,-1,-999,-1,-999,-1,-999,-1,31,PM25
bkp125t,2026-09-04,02:00,32,17.5,-999,-1,-999,-1,-999,-1,-999,-1,-999,-1,32,PM25
bkp126t,2026-09-04,02:00,23,13.9,-999,-1,-999,-1,-999,-1,-999,-1,-999,-1,23,PM25
bkp127t,2026-09-04,02:00,45,22.9,-999,-1,-999,-1,-999,-1,-999,-1,-999,-1,45,PM25
bkp128t,2026-09-04,02:00,21,12.7,-999,-1,-999,-1,-999,-1,-999,-1,-999,-1,21,PM25
bkp129t,2026-09-04,02:00,24,14.1,-999,-1,-999,-1,-999,-1,-999,-1,-999,-1,24,PM25
bkp130t,2026-09-04,02:00,22,13.2,-999,-1,-999,-1,-999,-1,-999,-1,-999,-1,22,PM25
bkp131t,2026-09-04,02:00,28,15.9,-999,-1,-999,-1,-999,-1,-999,-1,-999,-1,28,PM25
bkp133t,2026-09-04,02:00,24,14.3,-999,-1,-999,-1,-999,-1,-999,-1,-999,-1,24,PM25
bkp56t,2026-09-04,02:00,27,15.7,33,60,-999,-1,-999,-1,-999,-1,-999,-1,33,PM10
bkp57t,2026-09-04,02:00,31,17.2,26,51,-999,-1,-999,-1,-999,-1,-999,-1,31,PM25
bkp58t,2026-09-04,02:00,41,21.4,33,60,-999,-1,-999,-1,-999,-1,-999,-1,41,PM25
bkp59t,2026-09-04,02:00,38,20.1,25,49,-999,-1,-999,-1,-999,-1,-999,-1,38,PM25
bkp60t,2026-09-04,02:00,24,14.2,22,43,-999,-1,-999,-1,-999,-1,-999,-1,24,PM25
bkp61t,2026-09-04,02:00,28,15.9,16,31,-999,-1,-999,-1,-999,-1,-999,-1,28,PM25
bkp62t,2026-09-04,02:00,50,24.8,-999,-1,-999,-1,-999,-1,-999,-1,-999,-1,50,PM25
bkp63t,2026-09-04,02:00,31,17.2,-999,-1,-999,-1,-999,-1,-999,-1,-999,-1,31,PM25
bkp64t,2026-09-04,02:00,39,20.6,-999,-1,-999,-1,-999,-1,-999,-1,-999,-1,39,PM25
bkp65t,2026-09-04,02:00,40,21.0,-999,-1,-999,-1,-999,-1,-999,-1,-999,-1,40,PM25
bkp66t,2026-09-04,02:00,43,22.1,-999,-1,-999,-1,-999,-1,-999,-1,-999,-1,43,PM25
bkp67t,2026-09-04,02:00,36,19.4,-999,-1,-999,-1,-999,-1,-999,-1,-999,-1,36,PM25
bkp69t,2026-09-04,02:00,37,19.8,-999,-1,-999,-1,-999,-1,-999,-1,-999,-1,37,PM25
bkp70t,2026-09-04,02:00,25,15.0,22,44,-999,-1,-999,-1,-999,-1,-999,-1,25,PM25
bkp71t,2026-09-04,02:00,29,16.2,20,39,-999,-1,-999,-1,-999,-1,-999,-1,29,PM25
bkp72t,2026-09-04,02:00,48,24.2,30,56,-999,-1,-999,-1,-999,-1,-999,-1,48,PM25
bkp73t,2026-09-04,02:00,34,18.4,-999,-1,-999,-1,-999,-1,-999,-1,-999,-1,34,PM25
bkp74t,2026-09-04,02:00,20,11.9,14,28,-999,-1,-999,-1,-999,-1,-999,-1,20,PM25
bkp75t,2026-09-04,02:00,32,17.5,20,40,-999,-1,-999,-1,-999,-1,-999,-1,32,PM25
bkp76t,2026-09-04,02:00,21,12.8,-999,-1,-999,-1,-999,-1,-999,-1,-999,-1,21,PM25
bkp77t,2026-09-04,02:00,21,12.3,17,34,-999,-1,-999,-1,-999,-1,-999,-1,21,PM25
bkp78t,2026-09-04,02:00,54,25.8,-999,-1,-999,-1,-999,-1,-999,-1,-999,-1,54,PM25
bkp79t,2026-09-04,02:00,39,20.4,20,40,-999,-1,-999,-1,-999,-1,-999,-1,39,PM25
bkp80t,2026-09-04,02:00,32,17.4,35,62,-999,-1,-999,-1,-999,-1,-999,-1,35,PM10
bkp81t,2026-09-04,02:00,46,23.5,39,67,-999,-1,-999,-1,-999,-1,-999,-1,46,PM25
bkp82t,2026-09-04,02:00,31,17.0,-999,-1,-999,-1,-999,-1,-999,-1,-999,-1,31,PM25
bkp83t,2026-09-04,02:00,24,14.1,-999,-1,-999,-1,-999,-1,-999,-1,-999,-1,24,PM25
bkp84t,2026-09-04,02:00,47,23.8,28,54,-999,-1,-999,-1,-999,-1,-999,-1,47,PM25
bkp85t,2026-09-04,02:00,34,18.4,-999,-1,-999,-1,-999,-1,-999,-1,-999,-1,34,PM25
bkp86t,2026-09-04,02:00,29,16.3,16,32,-999,-1,-999,-1,-999,-1,-999,-1,29,PM25
bkp87t,2026-09-04,02:00,24,14.5,17,33,-999,-1,-999,-1,-999,-1,-999,-1,24,PM25
bkp88t,2026-09-04,02:00,40,20.9,-999,-1,-999,-1,-999,-1,-999,-1,-999,-1,40,PM25
bkp89t,2026-09-04,02:00,40,20.7,33,59,-999,-1,-999,-1,-999,-1,-999,-1,40,PM25
bkp90t,2026-09-04,02:00,35,18.7,27,52,-999,-1,-999,-1,-999,-1,-999,-1,35,PM25
bkp91t,2026-09-04,02:00,22,13.3,22,43,-999,-1,-999,-1,-999,-1,-999,-1,22,PM25
bkp92t,2026-09-04,02:00,38,19.9,-999,-1,-999,-1,-999,-1,-999,-1,-999,-1,38,PM25
bkp93t,2026-09-04,02:00,22,13.1,19,37,-999,-1,-999,-1,-999,-1,-999,-1,22,PM25
bkp94t,2026-09-04,02:00,38,20.1,-999,-1,-999,-1,-999,-1,-999,-1,-999,-1,38,PM25
bkp95t,2026-09-04,02:00,32,17.6,-999,-1,-999,-1,-999,-1,-999,-1,-999,-1,32,PM25
bkp96t,2026-09-04,02:00,31,17.0,16,31,-999,-1,-999,-1,-999,-1,-999,-1,31,PM25
bkp97t,2026-09-04,02:00,33,18.1,-999,-1,-999,-1,-999,-1,-999,-1,-999,-1,33,PM25
bkp98t,2026-09-04,02:00,43,22.3,-999,-1,-999,-1,-999,-1,-999,-1,-999,-1,43,PM25
bkp99t,2026-09-04,02:00,21,12.4,14,27,-999,-1,-999,-1,-999,-1,-999,-1,21,PM25
o63,2026-09-04,02:00,18,10.7,-999,-1,-999,-1,-999,-1,-999,-1,-999,-1,18,PM25
08t,2026-09-04,03:00,41,21.2,-1,-1,-1,-1,-1,-1,-1,-1,-1,-1,41,PM25
109t,2026-09-04,03:00,20,12.1,-1,-1,11,16,2,0.30,2,4,1,3,20,PM25
111t,2026-09-04,03:00,21,12.6,-999,-1,20,28,1,0.10,0,0,0,0,21,PM25
112t,2026-09-04,03:00,17,10.0,-999,-1,9,13,1,0.10,0,0,4,17,17,PM25
113t,2026-09-04,03:00,27,15.4,15,30,36,42,1,0.20,0,0,0,0,36,O3
121t,2026-09-04,03:00,12,7.1,-1,-1,9,13,1,0.10,0,1,0,0,12,PM25
16t,2026-09-04,03:00,29,16.4,16,31,-1,-1,-1,-1,-1,-1,-1,-1,29,PM25
22t,2026-09-04,03:00,23,13.8,15,30,-1,-1,-1,-1,-1,-1,-1,-1,23,PM25
24t,2026-09-04,03:00,46,23.2,38,65,-1,-1,-1,-1,-1,-1,-1,-1,46,PM25
25t,2026-09-04,03:00,34,18.3,16,31,-1,-1,-999,-1,-1,-1,-999,-1,34,PM25
69t,2026-09-04,03:00,15,9.1,-1,-1,-1,-1,-1,-1,-1,-1,-1,-1,15,PM25
70t,2026-09-04,03:00,17,10.0,-1,-1,-1,-1,-1,-1,-1,-1,-999,-1,17,PM25
78t,2026-09-04,03:00,12,7.1,-1,-1,-999,-1,-999,-1,-999,-1,-999,-1,12,PM25
81t,2026-09-04,03:00,24,14.2,-1,-1,-1,-1,-1,-1,-1,-1,-1,-1,24,PM25
83t,2026-09-04,03:00,22,13.0,13,26,-1,-1,-1,-1,-1,-1,-1,-1,22,PM25
87t,2026-09-04,03:00,24,14.2,-1,-1,-1,-1,-1,-1,0,0,-1,-1,24,PM25
90t,2026-09-04,03:00,15,8.7,9,18,-1,-1,-1,-1,-1,-1,-1,-1,15,PM25
91t,2026-09-04,03:00,17,10.4,-1,-1,-1,-1,-1,-1,-1,-1,-1,-1,17,PM25
92t,2026-09-04,03:00,16,9.7,11,21,-1,-1,-1,-1,-1,-1,-1,-1,16,PM25
93t,2026-09-04,03:00,10,6.0,8,16,-1,-1,1,0.10,1,3,0,0,10,PM25
96t,2026-09-04,03:00,20,11.7,13,25,-1,-1,5,0.80,0,1,0,1,20,PM25
98t,2026-09-04,03:00,19,11.2,11,22,17,24,1,0.20,-1,-1,0,1,19,PM25
bkp125t,2026-09-04,03:00,31,17.2,-999,-1,-999,-1,-999,-1,-999,-1,-999,-1,31,PM25
o10,2026-09-04,03:00,23,14.0,-999,-1,-999,-1,-999,-1,-999,-1,-999,-1,23,PM25
02t,2026-09-04,04:00,30,16.7,-1,-1,-1,-1,-1,-1,-1,-1,-1,-1,30,PM25
102t,2026-09-04,04:00,24,14.5,14,28,-1,-1,-1,-1,-1,-1,-1,-1,24,PM25
103t,2026-09-04,04:00,16,9.6,16,31,-1,-1,0,0.00,2,4,0,0,16,PM10
104t,2026-09-04,04:00,30,16.9,-1,-1,7,10,1,0.20,3,7,0,0,30,PM25
105t,2026-09-04,04:00,31,17.0,-999,-1,11,16,1,0.10,2,5,0,0,31,PM25
108t,2026-09-04,04:00,18,10.7,-1,-1,16,23,13,2.20,0,1,1,2,18,PM25
110t,2026-09-04,04:00,24,14.4,-999,-1,11,16,2,0.40,1,3,0,1,24,PM25
114t,2026-09-04,04:00,18,10.7,14,27,19,27,3,0.50,2,4,0,1,19,O3
115t,2026-09-04,04:00,17,10.4,10,20,15,21,1,0.20,0,0,0,1,17,PM25
117t,2026-09-04,04:00,25,14.8,-999,-1,6,8,1,0.20,1,2,0,1,25,PM25
120t,2026-09-04,04:00,11,6.6,-1,-1,10,14,3,0.50,1,2,0,0,11,PM25
13t,2026-09-04,04:00,16,9.6,16,31,4,5,2,0.40,-1,-1,-1,-1,16,PM10
14t,2026-09-04,04:00,48,24.2,-1,-1,6,8,2,0.30,-1,-1,-1,-1,48,PM25
17t,2026-09-04,04:00,25,14.7,-1,-1,-1,-1,-1,-1,-1,-1,-1,-1,25,PM25
18t,2026-09-04,04:00,56,26.3,-1,-1,-1,-1,-1,-1,-1,-1,-1,-1,56,PM25
20t,2026-09-04,04:00,44,22.5,20,39,-1,-1,-1,-1,-1,-1,-1,-1,44,PM25
26t,2026-09-04,04:00,34,18.4,-1,-1,-1,-1,-1,-1,-1,-1,-1,-1,34,PM25
27t,2026-09-04,04:00,44,22.6,-1,-1,-1,-1,-999,-1,-1,-1,-1,-1,44,PM25
28t,2026-09-04,04:00,34,18.3,-1,-1,-1,-1,-1,-1,-1,-1,-1,-1,34,PM25
29t,2026-09-04,04:00,33,18.1,25,49,-1,-1,-1,-1,-1,-1,-1,-1,33,PM25
31t,2026-09-04,04:00,61,27.7,-1,-1,-1,-1,-1,-1,-1,-1,-1,-1,61,PM25
33t,2026-09-04,04:00,21,12.5,-1,-1,-1,-1,-999,-1,-1,-1,-999,-1,21,PM25
46t,2026-09-04,04:00,42,21.8,-1,-1,-1,-1,-1,-1,-1,-1,-1,-1,42,PM25
47t,2026-09-04,04:00,41,21.1,-1,-1,-1,-1,-1,-1,-1,-1,-1,-1,41,PM25
58t,2026-09-04,04:00,16,9.5,10,19,-1,-1,-1,-1,-1,-1,-999,-1,16,PM25
61t,2026-09-04,04:00,28,15.9,-1,-1,-1,-1,-999,-1,-1,-1,-1,-1,28,PM25
67t,2026-09-04,04:00,33,18.0,-1,-1,-1,-1,-1,-1,-1,-1,-1,-1,33,PM25
68t,2026-09-04,04:00,19,11.5,11,22,-1,-1,-1,-1,-1,-1,-1,-1,19,PM25
70t,2026-09-04,04:00,17,10.2,-1,-1,-1,-1,-1,-1,-1,-1,-999,-1,17,PM25
71t,2026-09-04,04:00,23,13.7,15,30,9,12,0,0.00,1,3,3,10,23,PM25
75t,2026-09-04,04:00,19,11.4,-1,-1,-1,-1,-1,-1,0,0,2,9,19,PM25
77t,2026-09-04,04:00,51,25.1,20,40,-1,-1,-999,-1,-1,-1,-1,-1,51,PM25
82t,2026-09-04,04:00,27,15.6,17,34,-1,-1,2,0.30,0,1,-1,-1,27,PM25
84t,2026-09-04,04:00,32,17.6,20,39,-1,-1,-1,-1,-1,-1,-1,-1,32,PM25
85t,2026-09-04,04:00,25,14.7,-1,-1,-1,-1,-1,-1,-1,-1,-1,-1,25,PM25
86t,2026-09-04,04:00,34,18.5,18,36,-1,-1,5,0.90,7,17,-1,-1,34,PM25
88t,2026-09-04,04:00,24,14.6,12,24,-1,-1,-1,-1,1,2,-1,-1,24,PM25
95t,2026-09-04,04:00,22,13.4,17,34,-1,-1,-1,-1,-1,-1,-1,-1,22,PM25
97t,2026-09-04,04:00,15,9.0,9,18,9,13,0,0.00,1,2,1,3,15,PM25
99t,2026-09-04,04:00,32,17.6,18,35,11,15,1,0.20,3,6,1,4,32,PM25
o61,2026-09-04,04:00,21,12.4,-999,-1,-999,-1,-999,-1,-999,-1,-999,-1,21,PM25
100t,2026-09-04,05:00,21,12.7,16,32,9,13,0,0.00,2,5,0,0,21,PM25
101t,2026-09-04,05:00,29,16.5,17,33,-1,-1,-1,-1,1,2,-1,-1,29,PM25
106t,2026-09-04,05:00,13,7.8,-999,-1,9,13,2,0.30,0,1,0,0,13,PM25
107t,2026-09-04,05:00,21,12.7,-1,-1,15,21,3,0.60,0,1,0,1,21,PM25
116t,2026-09-04,05:00,34,18.3,19,38,9,12,1,0.20,1,3,0,1,34,PM25
118t,2026-09-04,05:00,9,5.4,-1,-1,8,11,-1,-1,2,4,0,0,9,PM25
119t,2026-09-04,05:00,9,5.4,-1,-1,4,5,7,1.30,1,2,1,2,9,PM25
21t,2026-09-04,05:00,24,14.1,-1,-1,-1,-1,-1,-1,-1,-1,-1,-1,24,PM25
34t,2026-09-04,05:00,72,30.3,-1,-1,-1,-1,-1,-1,-1,-1,-999,-1,72,PM25
35t,2026-09-04,05:00,27,15.5,-1,-1,-1,-1,-1,-1,-1,-1,-1,-1,27,PM25
36t,2026-09-04,05:00,16,9.8,-1,-1,-999,-1,-1,-1,-1,-1,-1,-1,16,PM25
40t,2026-09-04,05:00,18,10.6,-1,-1,-1,-1,-999,-1,-1,-1,-1,-1,18,PM25
50t,2026-09-04,05:00,36,19.3,-1,-1,-999,-1,-1,-1,-1,-1,-999,-1,36,PM25
52t,2026-09-04,05:00,33,18.1,-1,-1,-1,-1,-1,-1,-1,-1,-1,-1,33,PM25
53t,2026-09-04,05:00,31,17.1,-1,-1,-999,-1,-1,-1,-1,-1,-999,-1,31,PM25
57t,2026-09-04,05:00,16,9.7,9,18,-1,-1,-1,-1,-1,-1,-999,-1,16,PM25
59t,2026-09-04,05:00,23,13.9,15,29,2,3,2,0.40,3,7,-999,-1,23,PM25
60t,2026-09-04,05:00,37,19.7,-1,-1,-1,-1,-999,-1,-1,-1,-1,-1,37,PM25
72t,2026-09-04,05:00,16,9.7,10,20,-1,-1,-1,-1,0,0,-1,-1,16,PM25
73t,2026-09-04,05:00,26,15.1,-1,-1,-1,-1,-1,-1,-1,-1,-1,-1,26,PM25
79t,2026-09-04,05:00,40,20.9,-1,-1,-1,-1,-1,-1,-1,-1,-1,-1,40,PM25
94t,2026-09-04,05:00,22,13.0,11,22,-1,-1,-1,-1,-1,-1,-1,-1,22,PM25
bkp101t,2026-09-04,05:00,29,16.3,14,27,-999,-1,-999,-1,-999,-1,-999,-1,29,PM25
bkp102t,2026-09-04,05:00,23,13.5,32,58,-999,-1,-999,-1,-999,-1,-999,-1,32,PM10
bkp103t,2026-09-04,05:00,33,17.9,-999,-1,-999,-1,-999,-1,-999,-1,-999,-1,33,PM25
bkp104t,2026-09-04,05:00,24,14.3,19,37,-999,-1,-999,-1,-999,-1,-999,-1,24,PM25
bkp105t,2026-09-04,05:00,42,21.5,-999,-1,-999,-1,-999,-1,-999,-1,-999,-1,42,PM25
bkp114t,2026-09-04,05:00,21,12.8,-999,-1,-999,-1,-999,-1,-999,-1,-999,-1,21,PM25
bkp115t,2026-09-04,05:00,21,12.5,-999,-1,-999,-1,-999,-1,-999,-1,-999,-1,21,PM25
bkp116t,2026-09-04,05:00,23,13.5,-999,-1,-999,-1,-999,-1,-999,-1,-999,-1,23,PM25
bkp117t,2026-09-04,05:00,31,17.1,-999,-1,-999,-1,-999,-1,-999,-1,-999,-1,31,PM25
bkp118t,2026-09-04,05:00,32,17.5,-999,-1,-999,-1,-999,-1,-999,-1,-999,-1,32,PM25
bkp119t,2026-09-04,05:00,32,17.6,-999,-1,-999,-1,-999,-1,-999,-1,-999,-1,32,PM25
bkp120t,2026-09-04,05:00,24,14.5,-999,-1,-999,-1,-999,-1,-999,-1,-999,-1,24,PM25
bkp121t,2026-09-04,05:00,21,12.4,-999,-1,-999,-1,-999,-1,-999,-1,-999,-1,21,PM25
bkp122t,2026-09-04,05:00,22,13.2,-999,-1,-999,-1,-999,-1,-999,-1,-999,-1,22,PM25
bkp123t,2026-09-04,05:00,20,11.8,-999,-1,-999,-1,-999,-1,-999,-1,-999,-1,20,PM25
bkp124t,2026-09-04,05:00,32,17.7,-999,-1,-999,-1,-999,-1,-999,-1,-999,-1,32,PM25
bkp126t,2026-09-04,05:00,23,13.9,-999,-1,-999,-1,-999,-1,-999,-1,-999,-1,23,PM25
bkp127t,2026-09-04,05:00,46,23.3,-999,-1,-999,-1,-999,-1,-999,-1,-999,-1,46,PM25
bkp128t,2026-09-04,05:00,22,13.3,-999,-1,-999,-1,-999,-1,-999,-1,-999,-1,22,PM25
bkp129t,2026-09-04,05:00,24,14.1,-999,-1,-999,-1,-999,-1,-999,-1,-999,-1,24,PM25
bkp130t,2026-09-04,05:00,22,13.4,-999,-1,-999,-1,-999,-1,-999,-1,-999,-1,22,PM25
bkp131t,2026-09-04,05:00,27,15.5,-999,-1,-999,-1,-999,-1,-999,-1,-999,-1,27,PM25
bkp133t,2026-09-04,05:00,24,14.1,-999,-1,-999,-1,-999,-1,-999,-1,-999,-1,24,PM25
bkp56t,2026-09-04,05:00,28,16.1,35,62,-999,-1,-999,-1,-999,-1,-999,-1,35,PM10
bkp57t,2026-09-04,05:00,31,17.3,26,51,-999,-1,-999,-1,-999,-1,-999,-1,31,PM25
bkp58t,2026-09-04,05:00,42,21.5,35,62,-999,-1,-999,-1,-999,-1,-999,-1,42,PM25
bkp59t,2026-09-04,05:00,39,20.6,25,50,-999,-1,-999,-1,-999,-1,-999,-1,39,PM25
bkp60t,2026-09-04,05:00,24,14.2,22,44,-999,-1,-999,-1,-999,-1,-999,-1,24,PM25
bkp61t,2026-09-04,05:00,29,16.4,16,32,-999,-1,-999,-1,-999,-1,-999,-1,29,PM25
bkp62t,2026-09-04,05:00,55,26.1,-999,-1,-999,-1,-999,-1,-999,-1,-999,-1,55,PM25
bkp63t,2026-09-04,05:00,32,17.7,-999,-1,-999,-1,-999,-1,-999,-1,-999,-1,32,PM25
bkp64t,2026-09-04,05:00,40,21.0,-999,-1,-999,-1,-999,-1,-999,-1,-999,-1,40,PM25
bkp65t,2026-09-04,05:00,41,21.1,-999,-1,-999,-1,-999,-1,-999,-1,-999,-1,41,PM25
bkp66t,2026-09-04,05:00,43,22.2,-999,-1,-999,-1,-999,-1,-999,-1,-999,-1,43,PM25
bkp67t,2026-09-04,05:00,37,19.5,-999,-1,-999,-1,-999,-1,-999,-1,-999,-1,37,PM25
bkp69t,2026-09-04,05:00,37,19.5,-999,-1,-999,-1,-999,-1,-999,-1,-999,-1,37,PM25
bkp70t,2026-09-04,05:00,26,15.3,22,44,-999,-1,-999,-1,-999,-1,-999,-1,26,PM25
bkp71t,2026-09-04,05:00,29,16.3,20,40,-999,-1,-999,-1,-999,-1,-999,-1,29,PM25
bkp72t,2026-09-04,05:00,49,24.5,30,56,-999,-1,-999,-1,-999,-1,-999,-1,49,PM25
bkp73t,2026-09-04,05:00,34,18.6,-999,-1,-999,-1,-999,-1,-999,-1,-999,-1,34,PM25
bkp74t,2026-09-04,05:00,19,11.6,15,29,-999,-1,-999,-1,-999,-1,-999,-1,19,PM25
bkp75t,2026-09-04,05:00,31,17.3,21,41,-999,-1,-999,-1,-999,-1,-999,-1,31,PM25
bkp76t,2026-09-04,05:00,22,13.2,-999,-1,-999,-1,-999,-1,-999,-1,-999,-1,22,PM25
bkp77t,2026-09-04,05:00,21,12.3,17,34,-999,-1,-999,-1,-999,-1,-999,-1,21,PM25
bkp78t,2026-09-04,05:00,54,25.8,-999,-1,-999,-1,-999,-1,-999,-1,-999,-1,54,PM25
bkp79t,2026-09-04,05:00,42,21.9,20,40,-999,-1,-999,-1,-999,-1,-999,-1,42,PM25
bkp80t,2026-09-04,05:00,33,18.1,38,65,-999,-1,-999,-1,-999,-1,-999,-1,38,PM10
bkp81t,2026-09-04,05:00,47,23.6,41,69,-999,-1,-999,-1,-999,-1,-999,-1,47,PM25
bkp82t,2026-09-04,05:00,31,17.3,-999,-1,-999,-1,-999,-1,-999,-1,-999,-1,31,PM25
bkp83t,2026-09-04,05:00,24,14.2,-999,-1,-999,-1,-999,-1,-999,-1,-999,-1,24,PM25
bkp84t,2026-09-04,05:00,61,27.7,30,56,-999,-1,-999,-1,-999,-1,-999,-1,61,PM25
bkp85t,2026-09-04,05:00,35,19.0,-999,-1,-999,-1,-999,-1,-999,-1,-999,-1,35,PM25
bkp86t,2026-09-04,05:00,31,17.3,17,34,-999,-1,-999,-1,-999,-1,-999,-1,31,PM25
bkp87t,2026-09-04,05:00,25,14.8,17,33,-999,-1,-999,-1,-999,-1,-999,-1,25,PM25
bkp88t,2026-09-04,05:00,41,21.3,-999,-1,-999,-1,-999,-1,-999,-1,-999,-1,41,PM25
bkp89t,2026-09-04,05:00,39,20.4,32,58,-999,-1,-999,-1,-999,-1,-999,-1,39,PM25
bkp90t,2026-09-04,05:00,34,18.5,28,54,-999,-1,-999,-1,-999,-1,-999,-1,34,PM25
bkp91t,2026-09-04,05:00,23,13.7,22,44,-999,-1,-999,-1,-999,-1,-999,-1,23,PM25
bkp92t,2026-09-04,05:00,39,20.3,-999,-1,-999,-1,-999,-1,-999,-1,-999,-1,39,PM25
bkp93t,2026-09-04,05:00,22,13.1,19,38,-999,-1,-999,-1,-999,-1,-999,-1,22,PM25
bkp94t,2026-09-04,05:00,39,20.3,-999,-1,-999,-1,-999,-1,-999,-1,-999,-1,39,PM25
bkp95t,2026-09-04,05:00,32,17.7,-999,-1,-999,-1,-999,-1,-999,-1,-999,-1,32,PM25
bkp96t,2026-09-04,05:00,32,17.6,16,32,-999,-1,-999,-1,-999,-1,-999,-1,32,PM25
bkp97t,2026-09-04,05:00,32,17.4,-999,-1,-999,-1,-999,-1,-999,-1,-999,-1,32,PM25
bkp98t,2026-09-04,05:00,44,22.7,-999,-1,-999,-1,-999,-1,-999,-1,-999,-1,44,PM25
bkp99t,2026-09-04,05:00,21,12.5,14,28,-999,-1,-999,-1,-999,-1,-999,-1,21,PM25
112t,2026-09-04,06:00,18,10.8,-999,-1,12,17,1,0.10,1,2,4,16,18,PM25
19t,2026-09-04,06:00,31,17.2,-1,-1,-1,-1,-1,-1,-1,-1,-1,-1,31,PM25
82t,2026-09-04,06:00,27,15.5,17,33,-1,-1,2,0.30,-1,-1,-1,-1,27,PM25
88t,2026-09-04,06:00,25,14.9,13,25,-1,-1,-1,-1,1,2,-1,-1,25,PM25
bkp100t,2026-09-04,06:00,21,12.7,-999,-1,-999,-1,-999,-1,-999,-1,-999,-1,21,PM25
02t,2026-09-04,07:00,26,15.3,-1,-1,-1,-1,-1,-1,-1,-1,-1,-1,26,PM25
03t,2026-09-04,07:00,36,19.1,-1,-1,-1,-1,-1,-1,-1,-1,-999,-1,36,PM25
05t,2026-09-04,07:00,28,16.0,-1,-1,-1,-1,-1,-1,-1,-1,-1,-1,28,PM25
08t,2026-09-04,07:00,41,21.3,-1,-1,-1,-1,-1,-1,-1,-1,-1,-1,41,PM25
100t,2026-09-04,07:00,21,12.8,17,33,9,12,0,0.00,4,9,-1,-1,21,PM25
101t,2026-09-04,07:00,31,17.1,17,34,-1,-1,-1,-1,2,4,-1,-1,31,PM25
102t,2026-09-04,07:00,25,14.7,15,29,-1,-1,-1,-1,-1,-1,-1,-1,25,PM25
103t,2026-09-04,07:00,16,9.7,16,31,-1,-1,1,0.10,5,12,0,0,16,PM10
104t,2026-09-04,07:00,30,16.7,-1,-1,5,7,1,0.20,2,4,0,0,30,PM25
105t,2026-09-04,07:00,31,17.3,-999,-1,6,8,2,0.30,3,8,0,0,31,PM25
106t,2026-09-04,07:00,13,7.8,-999,-1,8,11,2,0.30,2,5,0,1,13,PM25
107t,2026-09-04,07:00,21,12.8,-1,-1,12,17,3,0.60,0,1,0,0,21,PM25
108t,2026-09-04,07:00,19,11.3,-1,-1,15,21,13,2.20,1,2,1,2,19,PM25
109t,2026-09-04,07:00,23,13.6,-1,-1,10,14,1,0.20,1,2,1,3,23,PM25
110t,2026-09-04,07:00,26,15.2,-999,-1,11,15,2,0.40,2,4,0,1,26,PM25
111t,2026-09-04,07:00,23,13.6,-999,-1,25,35,0,0.00,0,0,0,0,25,O3
113t,2026-09-04,07:00,27,15.4,15,30,36,42,1,0.20,-1,-1,-1,-1,36,O3
114t,2026-09-04,07:00,18,11.0,14,27,15,21,3,0.50,3,6,0,1,18,PM25
115t,2026-09-04,07:00,17,10.2,10,20,11,15,1,0.20,0,1,0,1,17,PM25
116t,2026-09-04,07:00,34,18.5,19,38,9,13,1,0.10,3,7,0,1,34,PM25
117t,2026-09-04,07:00,25,14.9,-999,-1,6,8,1,0.20,2,5,0,1,25,PM25
118t,2026-09-04,07:00,8,5.0,-1,-1,7,10,-1,-1,3,6,0,0,8,PM25
119t,2026-09-04,07:00,8,4.8,-1,-1,2,3,7,1.30,1,3,1,2,8,PM25
120t,2026-09-04,07:00,10,5.9,-1,-1,7,10,3,0.50,4,9,0,0,10,PM25
121t,2026-09-04,07:00,12,7.1,-1,-1,9,12,1,0.10,1,3,0,0,12,PM25
12t,2026-09-04,07:00,28,15.9,-1,-1,-1,-1,-1,-1,-1,-1,-1,-1,28,PM25
13t,2026-09-04,07:00,16,9.6,16,31,5,7,2,0.40,-1,-1,-1,-1,16,PM10
14t,2026-09-04,07:00,49,24.7,-1,-1,4,6,2,0.30,6,15,2,7,49,PM25
16t,2026-09-04,07:00,28,16.1,16,31,-1,-1,-1,-1,-1,-1,-1,-1,28,PM25
17t,2026-09-04,07:00,26,15.1,-1,-1,-1,-1,-1,-1,-1,-1,-1,-1,26,PM25
18t,2026-09-04,07:00,58,26.8,-1,-1,-1,-1,-1,-1,-1,-1,-1,-1,58,PM25
20t,2026-09-04,07:00,45,22.9,20,40,-1,-1,-1,-1,-1,-1,-1,-1,45,PM25
21t,2026-09-04,07:00,24,14.6,-1,-1,-1,-1,-1,-1,-1,-1,-1,-1,24,PM25
22t,2026-09-04,07:00,23,13.6,15,30,-1,-1,-1,-1,-1,-1,-1,-1,23,PM25
24t,2026-09-04,07:00,48,24.2,40,68,-1,-1,-1,-1,-1,-1,-1,-1,48,PM25
25t,2026-09-04,07:00,34,18.5,16,32,-1,-1,-999,-1,-1,-1,-999,-1,34,PM25
26t,2026-09-04,07:00,35,18.9,-1,-1,-1,-1,-1,-1,-1,-1,-1,-1,35,PM25
27t,2026-09-04,07:00,42,21.9,-1,-1,-1,-1,-999,-1,-1,-1,-1,-1,42,PM25
28t,2026-09-04,07:00,34,18.5,-1,-1,-1,-1,-1,-1,-1,-1,-1,-1,34,PM25
29t,2026-09-04,07:00,34,18.3,25,49,-1,-1,-1,-1,-1,-1,-1,-1,34,PM25
30t,2026-09-04,07:00,22,13.2,21,41,8,11,1,0.10,0,1,0,0,22,PM25
31t,2026-09-04,07:00,72,30.5,-1,-1,-1,-1,-1,-1,-1,-1,-1,-1,72,PM25
33t,2026-09-04,07:00,20,11.7,-1,-1,-1,-1,-999,-1,-1,-1,-999,-1,20,PM25
34t,2026-09-04,07:00,98,37.0,-1,-1,-1,-1,-1,-1,-1,-1,-999,-1,98,PM25
35t,2026-09-04,07:00,26,15.3,-1,-1,-1,-1,-1,-1,-1,-1,-1,-1,26,PM25
36t,2026-09-04,07:00,16,9.7,-1,-1,-999,-1,-1,-1,-1,-1,-1,-1,16,PM25
37t,2026-09-04,07:00,17,10.3,-1,-1,-1,-1,-1,-1,-1,-1,-1,-1,17,PM25
38t,2026-09-04,07:00,17,9.9,-1,-1,2,3,1,0.20,0,0,0,1,17,PM25
39t,2026-09-04,07:00,16,9.8,-1,-1,-1,-1,-999,-1,-1,-1,0,0,16,PM25
40t,2026-09-04,07:00,17,10.1,-1,-1,-1,-1,-999,-1,-1,-1,-1,-1,17,PM25
41t,2026-09-04,07:00,17,10.1,-1,-1,-1,-1,-1,-1,-1,-1,-1,-1,17,PM25
42t,2026-09-04,07:00,10,5.9,-1,-1,-1,-1,-1,-1,-1,-1,-1,-1,10,PM25
43t,2026-09-04,07:00,10,5.9,-1,-1,-1,-1,-1,-1,-1,-1,-1,-1,10,PM25
44t,2026-09-04,07:00,10,6.2,-1,-1,-1,-1,-1,-1,-1,-1,-1,-1,10,PM25
46t,2026-09-04,07:00,45,22.8,-1,-1,-1,-1,-1,-1,-1,-1,-1,-1,45,PM25
47t,2026-09-04,07:00,43,22.0,-1,-1,-1,-1,-1,-1,-1,-1,-1,-1,43,PM25
50t,2026-09-04,07:00,35,18.9,-1,-1,-999,-1,-1,-1,-1,-1,-999,-1,35,PM25
52t,2026-09-04,07:00,35,18.8,-1,-1,-1,-1,-1,-1,-1,-1,-1,-1,35,PM25
53t,2026-09-04,07:00,34,18.6,-1,-1,-999,-1,-1,-1,-1,-1,-999,-1,34,PM25
54t,2026-09-04,07:00,36,19.2,-1,-1,-1,-1,0,0.00,-1,-1,-1,-1,36,PM25
57t,2026-09-04,07:00,16,9.6,9,18,-1,-1,-1,-1,-1,-1,-999,-1,16,PM25
58t,2026-09-04,07:00,16,9.6,10,19,-1,-1,-1,-1,-1,-1,-999,-1,16,PM25
59t,2026-09-04,07:00,25,15.0,15,29,1,1,2,0.40,5,11,-999,-1,25,PM25
60t,2026-09-04,07:00,36,19.4,-1,-1,-1,-1,-999,-1,-1,-1,-1,-1,36,PM25
61t,2026-09-04,07:00,27,15.4,-1,-1,-1,-1,-999,-1,-1,-1,-1,-1,27,PM25
62t,2026-09-04,07:00,12,7.3,-1,-1,-1,-1,-1,-1,-1,-1,-999,-1,12,PM25
63t,2026-09-04,07:00,12,7.3,-1,-1,-1,-1,-1,-1,-1,-1,-999,-1,12,PM25
67t,2026-09-04,07:00,33,17.8,-1,-1,-1,-1,-1,-1,-1,-1,-1,-1,33,PM25
68t,2026-09-04,07:00,18,10.7,11,21,-1,-1,-1,-1,-1,-1,-1,-1,18,PM25
69t,2026-09-04,07:00,17,10.4,-1,-1,-1,-1,-1,-1,-1,-1,-1,-1,17,PM25
71t,2026-09-04,07:00,23,14.0,15,30,9,12,0,0.00,2,5,3,10,23,PM25
72t,2026-09-04,07:00,16,9.7,10,20,-1,-1,-1,-1,0,0,-1,-1,16,PM25
73t,2026-09-04,07:00,24,14.6,-1,-1,-1,-1,-1,-1,-1,-1,-1,-1,24,PM25
75t,2026-09-04,07:00,19,11.3,-1,-1,-1,-1,-1,-1,0,1,2,9,19,PM25
76t,2026-09-04,07:00,17,10.3,-1,-1,-1,-1,-1,-1,-1,-1,-999,-1,17,PM25
77t,2026-09-04,07:00,51,25.2,20,40,-1,-1,-999,-1,-1,-1,-1,-1,51,PM25
78t,2026-09-04,07:00,12,6.9,-1,-1,-999,-1,-999,-1,-999,-1,-999,-1,12,PM25
79t,2026-09-04,07:00,39,20.5,-1,-1,-1,-1,-1,-1,-1,-1,-1,-1,39,PM25
80t,2026-09-04,07:00,10,5.8,-1,-1,-1,-1,-1,-1,-1,-1,-1,-1,10,PM25
81t,2026-09-04,07:00,22,13.2,-1,-1,-1,-1,-1,-1,-1,-1,-1,-1,22,PM25
83t,2026-09-04,07:00,24,14.5,14,28,-1,-1,-1,-1,-1,-1,-1,-1,24,PM25
84t,2026-09-04,07:00,31,17.1,19,37,-1,-1,-1,-1,-1,-1,-1,-1,31,PM25
85t,2026-09-04,07:00,23,13.6,-1,-1,-1,-1,-1,-1,-1,-1,-1,-1,23,PM25
86t,2026-09-04,07:00,34,18.4,18,36,-1,-1,5,0.90,7,17,-1,-1,34,PM25
87t,2026-09-04,07:00,25,14.7,-1,-1,-1,-1,-1,-1,0,0,-1,-1,25,PM25
89t,2026-09-04,07:00,10,5.8,7,13,-1,-1,-1,-1,-1,-1,-1,-1,10,PM25
90t,2026-09-04,07:00,18,10.8,10,19,-1,-1,-1,-1,-1,-1,-1,-1,18,PM25
91t,2026-09-04,07:00,17,10.2,-1,-1,-1,-1,-1,-1,-1,-1,-1,-1,17,PM25
92t,2026-09-04,07:00,18,10.5,11,21,-1,-1,-1,-1,-1,-1,-1,-1,18,PM25
93t,2026-09-04,07:00,10,5.8,7,13,-1,-1,1,0.10,2,5,0,0,10,PM25
94t,2026-09-04,07:00,18,10.8,11,21,-1,-1,-1,-1,-1,-1,-1,-1,18,PM25
95t,2026-09-04,07:00,23,13.5,18,35,-1,-1,-1,-1,-1,-1,-1,-1,23,PM25
96t,2026-09-04,07:00,20,12.0,13,25,-1,-1,5,0.80,2,5,0,1,20,PM25
97t,2026-09-04,07:00,16,9.7,10,19,9,13,0,0.00,1,2,1,3,16,PM25
98t,2026-09-04,07:00,18,10.7,11,21,13,18,1,0.20,-1,-1,0,0,18,PM25
99t,2026-09-04,07:00,32,17.5,18,35,9,12,1,0.20,2,5,1,4,32,PM25
bkp101t,2026-09-04,07:00,28,15.9,13,26,-999,-1,-999,-1,-999,-1,-999,-1,28,PM25
bkp102t,2026-09-04,07:00,22,13.3,32,58,-999,-1,-999,-1,-999,-1,-999,-1,32,PM10
bkp103t,2026-09-04,07:00,33,17.9,-999,-1,-999,-1,-999,-1,-999,-1,-999,-1,33,PM25
bkp104t,2026-09-04,07:00,24,14.3,18,36,-999,-1,-999,-1,-999,-1,-999,-1,24,PM25
bkp105t,2026-09-04,07:00,41,21.3,-999,-1,-999,-1,-999,-1,-999,-1,-999,-1,41,PM25
bkp114t,2026-09-04,07:00,22,12.9,-999,-1,-999,-1,-999,-1,-999,-1,-999,-1,22,PM25
bkp115t,2026-09-04,07:00,21,12.5,-999,-1,-999,-1,-999,-1,-999,-1,-999,-1,21,PM25
bkp116t,2026-09-04,07:00,23,13.6,-999,-1,-999,-1,-999,-1,-999,-1,-999,-1,23,PM25
bkp117t,2026-09-04,07:00,31,17.0,-999,-1,-999,-1,-999,-1,-999,-1,-999,-1,31,PM25
bkp118t,2026-09-04,07:00,30,16.9,-999,-1,-999,-1,-999,-1,-999,-1,-999,-1,30,PM25
bkp119t,2026-09-04,07:00,31,17.3,-999,-1,-999,-1,-999,-1,-999,-1,-999,-1,31,PM25
bkp120t,2026-09-04,07:00,24,14.3,-999,-1,-999,-1,-999,-1,-999,-1,-999,-1,24,PM25
bkp121t,2026-09-04,07:00,21,12.3,-999,-1,-999,-1,-999,-1,-999,-1,-999,-1,21,PM25
bkp122t,2026-09-04,07:00,22,13.0,-999,-1,-999,-1,-999,-1,-999,-1,-999,-1,22,PM25
bkp123t,2026-09-04,07:00,20,11.8,-999,-1,-999,-1,-999,-1,-999,-1,-999,-1,20,PM25
bkp124t,2026-09-04,07:00,32,17.6,-999,-1,-999,-1,-999,-1,-999,-1,-999,-1,32,PM25
bkp125t,2026-09-04,07:00,29,16.4,-999,-1,-999,-1,-999,-1,-999,-1,-999,-1,29,PM25
bkp126t,2026-09-04,07:00,23,13.8,-999,-1,-999,-1,-999,-1,-999,-1,-999,-1,23,PM25
bkp127t,2026-09-04,07:00,42,21.7,-999,-1,-999,-1,-999,-1,-999,-1,-999,-1,42,PM25
bkp128t,2026-09-04,07:00,22,12.9,-999,-1,-999,-1,-999,-1,-999,-1,-999,-1,22,PM25
bkp129t,2026-09-04,07:00,24,14.1,-999,-1,-999,-1,-999,-1,-999,-1,-999,-1,24,PM25
bkp130t,2026-09-04,07:00,21,12.8,-999,-1,-999,-1,-999,-1,-999,-1,-999,-1,21,PM25
bkp131t,2026-09-04,07:00,27,15.4,-999,-1,-999,-1,-999,-1,-999,-1,-999,-1,27,PM25
bkp133t,2026-09-04,07:00,23,13.9,-999,-1,-999,-1,-999,-1,-999,-1,-999,-1,23,PM25
bkp56t,2026-09-04,07:00,29,16.4,36,63,-999,-1,-999,-1,-999,-1,-999,-1,36,PM10
bkp57t,2026-09-04,07:00,31,17.2,26,51,-999,-1,-999,-1,-999,-1,-999,-1,31,PM25
bkp58t,2026-09-04,07:00,41,21.4,35,62,-999,-1,-999,-1,-999,-1,-999,-1,41,PM25
bkp59t,2026-09-04,07:00,39,20.4,25,50,-999,-1,-999,-1,-999,-1,-999,-1,39,PM25
bkp60t,2026-09-04,07:00,23,14.0,22,44,-999,-1,-999,-1,-999,-1,-999,-1,23,PM25
bkp61t,2026-09-04,07:00,29,16.4,16,32,-999,-1,-999,-1,-999,-1,-999,-1,29,PM25
bkp62t,2026-09-04,07:00,50,24.9,-999,-1,-999,-1,-999,-1,-999,-1,-999,-1,50,PM25
bkp63t,2026-09-04,07:00,33,17.8,-999,-1,-999,-1,-999,-1,-999,-1,-999,-1,33,PM25
bkp64t,2026-09-04,07:00,41,21.2,-999,-1,-999,-1,-999,-1,-999,-1,-999,-1,41,PM25
bkp65t,2026-09-04,07:00,41,21.2,-999,-1,-999,-1,-999,-1,-999,-1,-999,-1,41,PM25
bkp66t,2026-09-04,07:00,42,21.9,-999,-1,-999,-1,-999,-1,-999,-1,-999,-1,42,PM25
bkp67t,2026-09-04,07:00,37,19.7,-999,-1,-999,-1,-999,-1,-999,-1,-999,-1,37,PM25
bkp69t,2026-09-04,07:00,37,19.7,-999,-1,-999,-1,-999,-1,-999,-1,-999,-1,37,PM25
bkp70t,2026-09-04,07:00,26,15.3,22,43,-999,-1,-999,-1,-999,-1,-999,-1,26,PM25
bkp71t,2026-09-04,07:00,28,16.1,20,40,-999,-1,-999,-1,-999,-1,-999,-1,28,PM25
bkp72t,2026-09-04,07:00,50,25.0,30,56,-999,-1,-999,-1,-999,-1,-999,-1,50,PM25
bkp73t,2026-09-04,07:00,33,18.1,-999,-1,-999,-1,-999,-1,-999,-1,-999,-1,33,PM25
bkp74t,2026-09-04,07:00,19,11.3,15,29,-999,-1,-999,-1,-999,-1,-999,-1,19,PM25
bkp75t,2026-09-04,07:00,32,17.4,21,41,-999,-1,-999,-1,-999,-1,-999,-1,32,PM25
bkp76t,2026-09-04,07:00,22,12.9,-999,-1,-999,-1,-999,-1,-999,-1,-999,-1,22,PM25
bkp77t,2026-09-04,07:00,21,12.4,17,34,-999,-1,-999,-1,-999,-1,-999,-1,21,PM25
bkp78t,2026-09-04,07:00,52,25.3,-999,-1,-999,-1,-999,-1,-999,-1,-999,-1,52,PM25
bkp79t,2026-09-04,07:00,39,20.3,20,40,-999,-1,-999,-1,-999,-1,-999,-1,39,PM25
bkp80t,2026-09-04,07:00,33,17.9,38,66,-999,-1,-999,-1,-999,-1,-999,-1,38,PM10
bkp81t,2026-09-04,07:00,46,23.3,42,70,-999,-1,-999,-1,-999,-1,-999,-1,46,PM25
bkp82t,2026-09-04,07:00,31,17.0,-999,-1,-999,-1,-999,-1,-999,-1,-999,-1,31,PM25
bkp83t,2026-09-04,07:00,24,14.3,-999,-1,-999,-1,-999,-1,-999,-1,-999,-1,24,PM25
bkp84t,2026-09-04,07:00,44,22.5,29,55,-999,-1,-999,-1,-999,-1,-999,-1,44,PM25
bkp85t,2026-09-04,07:00,34,18.6,-999,-1,-999,-1,-999,-1,-999,-1,-999,-1,34,PM25
bkp86t,2026-09-04,07:00,31,17.3,18,35,-999,-1,-999,-1,-999,-1,-999,-1,31,PM25
bkp87t,2026-09-04,07:00,24,14.2,17,33,-999,-1,-999,-1,-999,-1,-999,-1,24,PM25
bkp88t,2026-09-04,07:00,41,21.3,-999,-1,-999,-1,-999,-1,-999,-1,-999,-1,41,PM25
bkp89t,2026-09-04,07:00,42,21.8,33,59,-999,-1,-999,-1,-999,-1,-999,-1,42,PM25
bkp90t,2026-09-04,07:00,34,18.3,29,55,-999,-1,-999,-1,-999,-1,-999,-1,34,PM25
bkp91t,2026-09-04,07:00,23,13.5,22,44,-999,-1,-999,-1,-999,-1,-999,-1,23,PM25
bkp92t,2026-09-04,07:00,39,20.3,-999,-1,-999,-1,-999,-1,-999,-1,-999,-1,39,PM25
bkp93t,2026-09-04,07:00,21,12.7,19,38,-999,-1,-999,-1,-999,-1,-999,-1,21,PM25
bkp94t,2026-09-04,07:00,38,20.0,-999,-1,-999,-1,-999,-1,-999,-1,-999,-1,38,PM25
bkp95t,2026-09-04,07:00,32,17.7,-999,-1,-999,-1,-999,-1,-999,-1,-999,-1,32,PM25
bkp96t,2026-09-04,07:00,25,15.0,16,31,-999,-1,-999,-1,-999,-1,-999,-1,25,PM25
bkp97t,2026-09-04,07:00,32,17.4,-999,-1,-999,-1,-999,-1,-999,-1,-999,-1,32,PM25
bkp98t,2026-09-04,07:00,44,22.4,-999,-1,-999,-1,-999,-1,-999,-1,-999,-1,44,PM25
bkp99t,2026-09-04,07:00,20,12.2,14,28,-999,-1,-999,-1,-999,-1,-999,-1,20,PM25
o10,2026-09-04,07:00,27,15.7,-999,-1,-999,-1,-999,-1,-999,-1,-999,-1,27,PM25
o61,2026-09-04,07:00,22,13.0,-999,-1,-999,-1,-999,-1,-999,-1,-999,-1,22,PM25
o63,2026-09-04,07:00,17,10.2,-999,-1,-999,-1,-999,-1,-999,-1,-999,-1,17,PM25
03t,2026-09-04,10:00,36,19.1,-1,-1,-1,-1,-1,-1,-1,-1,-999,-1,36,PM25
47t,2026-09-04,10:00,43,22.1,-1,-1,-1,-1,-1,-1,-1,-1,-1,-1,43,PM25
05t,2026-09-04,11:00,28,15.8,-1,-1,-1,-1,-1,-1,-1,-1,-1,-1,28,PM25
12t,2026-09-04,11:00,27,15.7,-1,-1,-1,-1,-1,-1,-1,-1,-1,-1,27,PM25
34t,2026-09-04,11:00,-1,-1,-1,-1,-1,-1,0,0.00,-1,-1,-999,-1,0,CO
88t,2026-09-04,11:00,29,16.4,14,27,-1,-1,-1,-1,3,8,-1,-1,29,PM25
02t,2026-09-04,12:00,25,15.0,-1,-1,-1,-1,-1,-1,-1,-1,-1,-1,25,PM25
08t,2026-09-04,12:00,41,21.2,-1,-1,-1,-1,-1,-1,-1,-1,-1,-1,41,PM25
100t,2026-09-04,12:00,23,13.9,17,33,9,12,1,0.10,2,5,0,0,23,PM25
101t,2026-09-04,12:00,33,17.8,17,34,-1,-1,-1,-1,1,3,-1,-1,33,PM25
102t,2026-09-04,12:00,27,15.6,15,30,-1,-1,-1,-1,-1,-1,-1,-1,27,PM25
103t,2026-09-04,12:00,17,10.1,15,30,-1,-1,1,0.10,3,7,0,0,17,PM25
104t,2026-09-04,12:00,28,15.9,-1,-1,13,18,1,0.20,1,2,0,0,28,PM25
105t,2026-09-04,12:00,29,16.5,-999,-1,7,10,3,0.50,2,4,0,0,29,PM25
106t,2026-09-04,12:00,10,6.0,-999,-1,9,12,2,0.30,0,1,0,0,10,PM25
107t,2026-09-04,12:00,22,13.1,-1,-1,17,24,3,0.60,1,2,0,0,22,PM25
108t,2026-09-04,12:00,20,12.1,-1,-1,14,20,13,2.20,-1,-1,-1,-1,20,PM25
109t,2026-09-04,12:00,25,15.0,-1,-1,16,23,1,0.20,1,2,1,3,25,PM25
110t,2026-09-04,12:00,30,16.7,-999,-1,17,24,2,0.40,1,3,0,1,30,PM25
111t,2026-09-04,12:00,23,14.0,-999,-1,22,31,0,0.00,0,0,0,0,23,PM25
112t,2026-09-04,12:00,20,11.8,-999,-1,15,21,1,0.10,3,7,7,26,20,PM25
113t,2026-09-04,12:00,28,16.1,16,31,33,40,1,0.10,0,0,0,0,33,O3
114t,2026-09-04,12:00,20,12.2,15,29,17,24,2,0.30,1,3,0,1,20,PM25
115t,2026-09-04,12:00,16,9.6,10,19,12,17,1,0.20,1,2,0,1,16,PM25
116t,2026-09-04,12:00,32,17.5,19,37,16,23,1,0.10,0,1,0,1,32,PM25
117t,2026-09-04,12:00,25,15.0,-999,-1,9,13,1,0.20,1,3,1,2,25,PM25
118t,2026-09-04,12:00,8,5.0,-1,-1,9,13,-1,-1,0,1,0,0,9,O3
119t,2026-09-04,12:00,8,4.8,-1,-1,7,10,7,1.30,0,0,1,2,8,PM25
120t,2026-09-04,12:00,9,5.6,-1,-1,8,11,3,0.60,0,1,0,0,9,PM25
121t,2026-09-04,12:00,11,6.8,-1,-1,9,13,1,0.10,1,2,0,0,11,PM25
13t,2026-09-04,12:00,16,9.7,15,29,11,16,2,0.40,-1,-1,-1,-1,16,PM25
14t,2026-09-04,12:00,43,22.0,-1,-1,7,10,2,0.30,3,6,1,2,43,PM25
16t,2026-09-04,12:00,27,15.7,15,30,-1,-1,-1,-1,-1,-1,-1,-1,27,PM25
17t,2026-09-04,12:00,27,15.5,-1,-1,-1,-1,-1,-1,-1,-1,-1,-1,27,PM25
18t,2026-09-04,12:00,54,25.8,-1,-1,-1,-1,-1,-1,-1,-1,-1,-1,54,PM25
19t,2026-09-04,12:00,31,17.3,-1,-1,-1,-1,-1,-1,-1,-1,-1,-1,31,PM25
20t,2026-09-04,12:00,43,22.0,20,39,-1,-1,-1,-1,-1,-1,-1,-1,43,PM25
21t,2026-09-04,12:00,25,14.9,-1,-1,-1,-1,-1,-1,-1,-1,-1,-1,25,PM25
22t,2026-09-04,12:00,21,12.8,15,29,-1,-1,-1,-1,-1,-1,-1,-1,21,PM25
24t,2026-09-04,12:00,51,25.2,43,71,-1,-1,-1,-1,-1,-1,-1,-1,51,PM25
25t,2026-09-04,12:00,33,17.9,16,32,-1,-1,-999,-1,-1,-1,-999,-1,33,PM25
26t,2026-09-04,12:00,34,18.5,-1,-1,-1,-1,-1,-1,-1,-1,-1,-1,34,PM25
27t,2026-09-04,12:00,39,20.3,-1,-1,-1,-1,-999,-1,-1,-1,-1,-1,39,PM25
28t,2026-09-04,12:00,33,17.9,-1,-1,-1,-1,-1,-1,-1,-1,-1,-1,33,PM25
29t,2026-09-04,12:00,35,18.8,26,51,-1,-1,-1,-1,-1,-1,-1,-1,35,PM25
30t,2026-09-04,12:00,22,12.9,21,42,10,14,1,0.20,0,0,0,0,22,PM25
31t,2026-09-04,12:00,79,32.2,-1,-1,-1,-1,-1,-1,-1,-1,-1,-1,79,PM25
33t,2026-09-04,12:00,19,11.1,-1,-1,-1,-1,-999,-1,-1,-1,-999,-1,19,PM25
35t,2026-09-04,12:00,28,15.9,-1,-1,-1,-1,-1,-1,-1,-1,-1,-1,28,PM25
36t,2026-09-04,12:00,17,10.0,-1,-1,-999,-1,-1,-1,-1,-1,-1,-1,17,PM25
37t,2026-09-04,12:00,18,10.7,-1,-1,-1,-1,-1,-1,-1,-1,-1,-1,18,PM25
38t,2026-09-04,12:00,17,10.3,-1,-1,5,7,1,0.20,1,2,0,1,17,PM25
39t,2026-09-04,12:00,17,10.1,-1,-1,-1,-1,-999,-1,-1,-1,0,0,17,PM25
40t,2026-09-04,12:00,17,10.4,-1,-1,-1,-1,-999,-1,-1,-1,-1,-1,17,PM25
41t,2026-09-04,12:00,17,10.3,-1,-1,-1,-1,-1,-1,-1,-1,-1,-1,17,PM25
42t,2026-09-04,12:00,10,5.7,-1,-1,-1,-1,-1,-1,-1,-1,-1,-1,10,PM25
43t,2026-09-04,12:00,10,5.7,-1,-1,-1,-1,-1,-1,-1,-1,-1,-1,10,PM25
44t,2026-09-04,12:00,10,5.9,-1,-1,-1,-1,-1,-1,-1,-1,-1,-1,10,PM25
46t,2026-09-04,12:00,48,24.2,-1,-1,-1,-1,-1,-1,-1,-1,-1,-1,48,PM25
50t,2026-09-04,12:00,35,18.7,-1,-1,-999,-1,-1,-1,-1,-1,-999,-1,35,PM25
52t,2026-09-04,12:00,34,18.6,-1,-1,-1,-1,-1,-1,-1,-1,-1,-1,34,PM25
53t,2026-09-04,12:00,34,18.4,-1,-1,-999,-1,-1,-1,-1,-1,-999,-1,34,PM25
54t,2026-09-04,12:00,35,18.9,-1,-1,-1,-1,0,0.00,-1,-1,-1,-1,35,PM25
57t,2026-09-04,12:00,15,8.8,8,16,-1,-1,-1,-1,-1,-1,-999,-1,15,PM25
58t,2026-09-04,12:00,17,10.1,10,20,-1,-1,-1,-1,-1,-1,-999,-1,17,PM25
59t,2026-09-04,12:00,24,14.6,15,29,2,3,2,0.30,2,4,-999,-1,24,PM25
60t,2026-09-04,12:00,35,18.8,-1,-1,-1,-1,-999,-1,-1,-1,-1,-1,35,PM25
61t,2026-09-04,12:00,26,15.1,-1,-1,-1,-1,-999,-1,-1,-1,-1,-1,26,PM25
62t,2026-09-04,12:00,12,7.0,-1,-1,-1,-1,-1,-1,-1,-1,-999,-1,12,PM25
63t,2026-09-04,12:00,12,7.0,-1,-1,-1,-1,-1,-1,-1,-1,-999,-1,12,PM25
67t,2026-09-04,12:00,33,17.9,-1,-1,-1,-1,-1,-1,-1,-1,-1,-1,33,PM25
68t,2026-09-04,12:00,18,11.0,11,21,-1,-1,-1,-1,-1,-1,-1,-1,18,PM25
69t,2026-09-04,12:00,18,10.7,-1,-1,-1,-1,-1,-1,-1,-1,-1,-1,18,PM25
71t,2026-09-04,12:00,24,14.4,15,30,9,13,0,0.00,1,2,3,10,24,PM25
72t,2026-09-04,12:00,16,9.7,10,19,-1,-1,-1,-1,0,0,-1,-1,16,PM25
73t,2026-09-04,12:00,25,14.8,-1,-1,-1,-1,-1,-1,-1,-1,-1,-1,25,PM25
74t,2026-09-04,12:00,27,15.4,-1,-1,-1,-1,-1,-1,-1,-1,-1,-1,27,PM25
75t,2026-09-04,12:00,17,10.2,-1,-1,-1,-1,-1,-1,0,0,2,9,17,PM25
76t,2026-09-04,12:00,18,10.6,-1,-1,-1,-1,-1,-1,-1,-1,-999,-1,18,PM25
77t,2026-09-04,12:00,50,24.8,20,39,-1,-1,-999,-1,-1,-1,-1,-1,50,PM25
78t,2026-09-04,12:00,11,6.6,-1,-1,-999,-1,-999,-1,-999,-1,-999,-1,11,PM25
79t,2026-09-04,12:00,39,20.6,-1,-1,-1,-1,-1,-1,-1,-1,-1,-1,39,PM25
80t,2026-09-04,12:00,9,5.6,-1,-1,-1,-1,-1,-1,-1,-1,-1,-1,9,PM25
81t,2026-09-04,12:00,20,11.8,-1,-1,-1,-1,-1,-1,-1,-1,-1,-1,20,PM25
82t,2026-09-04,12:00,23,13.5,16,31,-1,-1,1,0.20,-1,-1,-1,-1,23,PM25
83t,2026-09-04,12:00,28,16.1,16,31,-1,-1,-1,-1,-1,-1,-1,-1,28,PM25
84t,2026-09-04,12:00,28,15.8,18,36,-1,-1,-1,-1,-1,-1,-1,-1,28,PM25
85t,2026-09-04,12:00,18,11.0,-1,-1,-1,-1,-1,-1,-1,-1,-1,-1,18,PM25
86t,2026-09-04,12:00,34,18.3,18,35,-1,-1,5,0.90,7,17,-1,-1,34,PM25
87t,2026-09-04,12:00,27,15.4,-1,-1,-1,-1,-1,-1,0,0,-1,-1,27,PM25
89t,2026-09-04,12:00,9,5.6,6,12,-1,-1,-1,-1,-1,-1,-1,-1,9,PM25
90t,2026-09-04,12:00,19,11.4,10,20,-1,-1,-1,-1,-1,-1,-1,-1,19,PM25
91t,2026-09-04,12:00,16,9.8,-1,-1,-1,-1,-1,-1,-1,-1,-1,-1,16,PM25
92t,2026-09-04,12:00,18,10.8,11,21,-1,-1,-1,-1,-1,-1,-1,-1,18,PM25
93t,2026-09-04,12:00,9,5.5,6,12,-1,-1,1,0.10,-1,-1,0,0,9,PM25
94t,2026-09-04,12:00,19,11.1,11,22,-1,-1,-1,-1,-1,-1,-1,-1,19,PM25
95t,2026-09-04,12:00,23,13.7,19,37,-1,-1,-1,-1,-1,-1,-1,-1,23,PM25
96t,2026-09-04,12:00,20,11.9,13,25,-1,-1,5,0.80,0,1,0,1,20,PM25
97t,2026-09-04,12:00,18,10.6,11,21,11,15,0,0.00,1,2,1,3,18,PM25
98t,2026-09-04,12:00,18,11.0,11,22,14,20,2,0.30,-1,-1,-1,-1,18,PM25
99t,2026-09-04,12:00,31,17.1,18,35,12,17,1,0.20,3,8,1,4,31,PM25
bkp100t,2026-09-04,12:00,42,21.9,-999,-1,-999,-1,-999,-1,-999,-1,-999,-1,42,PM25
bkp101t,2026-09-04,12:00,26,15.3,13,26,-999,-1,-999,-1,-999,-1,-999,-1,26,PM25
bkp102t,2026-09-04,12:00,22,13.0,31,57,-999,-1,-999,-1,-999,-1,-999,-1,31,PM10
bkp103t,2026-09-04,12:00,31,17.3,-999,-1,-999,-1,-999,-1,-999,-1,-999,-1,31,PM25
bkp104t,2026-09-04,12:00,24,14.1,18,36,-999,-1,-999,-1,-999,-1,-999,-1,24,PM25
bkp105t,2026-09-04,12:00,40,20.8,-999,-1,-999,-1,-999,-1,-999,-1,-999,-1,40,PM25
bkp114t,2026-09-04,12:00,20,12.2,-999,-1,-999,-1,-999,-1,-999,-1,-999,-1,20,PM25
bkp115t,2026-09-04,12:00,19,11.6,-999,-1,-999,-1,-999,-1,-999,-1,-999,-1,19,PM25
bkp116t,2026-09-04,12:00,21,12.6,-999,-1,-999,-1,-999,-1,-999,-1,-999,-1,21,PM25
bkp117t,2026-09-04,12:00,19,11.5,-999,-1,-999,-1,-999,-1,-999,-1,-999,-1,19,PM25
bkp118t,2026-09-04,12:00,29,16.4,-999,-1,-999,-1,-999,-1,-999,-1,-999,-1,29,PM25
bkp119t,2026-09-04,12:00,29,16.4,-999,-1,-999,-1,-999,-1,-999,-1,-999,-1,29,PM25
bkp120t,2026-09-04,12:00,23,14.0,-999,-1,-999,-1,-999,-1,-999,-1,-999,-1,23,PM25
bkp121t,2026-09-04,12:00,19,11.6,-999,-1,-999,-1,-999,-1,-999,-1,-999,-1,19,PM25
bkp122t,2026-09-04,12:00,20,12.0,-999,-1,-999,-1,-999,-1,-999,-1,-999,-1,20,PM25
bkp123t,2026-09-04,12:00,19,11.5,-999,-1,-999,-1,-999,-1,-999,-1,-999,-1,19,PM25
bkp124t,2026-09-04,12:00,31,17.0,-999,-1,-999,-1,-999,-1,-999,-1,-999,-1,31,PM25
bkp125t,2026-09-04,12:00,28,15.9,-999,-1,-999,-1,-999,-1,-999,-1,-999,-1,28,PM25
bkp126t,2026-09-04,12:00,23,13.7,-999,-1,-999,-1,-999,-1,-999,-1,-999,-1,23,PM25
bkp127t,2026-09-04,12:00,37,19.8,-999,-1,-999,-1,-999,-1,-999,-1,-999,-1,37,PM25
bkp128t,2026-09-04,12:00,21,12.5,-999,-1,-999,-1,-999,-1,-999,-1,-999,-1,21,PM25
bkp129t,2026-09-04,12:00,23,13.6,-999,-1,-999,-1,-999,-1,-999,-1,-999,-1,23,PM25
bkp130t,2026-09-04,12:00,20,11.9,-999,-1,-999,-1,-999,-1,-999,-1,-999,-1,20,PM25
bkp131t,2026-09-04,12:00,26,15.1,-999,-1,-999,-1,-999,-1,-999,-1,-999,-1,26,PM25
bkp133t,2026-09-04,12:00,22,13.3,-999,-1,-999,-1,-999,-1,-999,-1,-999,-1,22,PM25
bkp56t,2026-09-04,12:00,28,16.0,35,62,-999,-1,-999,-1,-999,-1,-999,-1,35,PM10
bkp57t,2026-09-04,12:00,30,16.8,26,51,-999,-1,-999,-1,-999,-1,-999,-1,30,PM25
bkp58t,2026-09-04,12:00,40,20.9,33,60,-999,-1,-999,-1,-999,-1,-999,-1,40,PM25
bkp59t,2026-09-04,12:00,37,19.7,24,48,-999,-1,-999,-1,-999,-1,-999,-1,37,PM25
bkp60t,2026-09-04,12:00,23,13.6,22,43,-999,-1,-999,-1,-999,-1,-999,-1,23,PM25
bkp61t,2026-09-04,12:00,27,15.7,16,32,-999,-1,-999,-1,-999,-1,-999,-1,27,PM25
bkp62t,2026-09-04,12:00,46,23.4,-999,-1,-999,-1,-999,-1,-999,-1,-999,-1,46,PM25
bkp63t,2026-09-04,12:00,31,17.0,-999,-1,-999,-1,-999,-1,-999,-1,-999,-1,31,PM25
bkp64t,2026-09-04,12:00,37,19.8,-999,-1,-999,-1,-999,-1,-999,-1,-999,-1,37,PM25
bkp65t,2026-09-04,12:00,41,21.2,-999,-1,-999,-1,-999,-1,-999,-1,-999,-1,41,PM25
bkp66t,2026-09-04,12:00,42,21.5,-999,-1,-999,-1,-999,-1,-999,-1,-999,-1,42,PM25
bkp67t,2026-09-04,12:00,38,20.1,-999,-1,-999,-1,-999,-1,-999,-1,-999,-1,38,PM25
bkp69t,2026-09-04,12:00,34,18.6,-999,-1,-999,-1,-999,-1,-999,-1,-999,-1,34,PM25
bkp70t,2026-09-04,12:00,24,14.1,21,42,-999,-1,-999,-1,-999,-1,-999,-1,24,PM25
bkp71t,2026-09-04,12:00,26,15.3,19,38,-999,-1,-999,-1,-999,-1,-999,-1,26,PM25
bkp72t,2026-09-04,12:00,54,25.9,31,57,-999,-1,-999,-1,-999,-1,-999,-1,54,PM25
bkp73t,2026-09-04,12:00,29,16.5,-999,-1,-999,-1,-999,-1,-999,-1,-999,-1,29,PM25
bkp74t,2026-09-04,12:00,18,11.0,15,29,-999,-1,-999,-1,-999,-1,-999,-1,18,PM25
bkp75t,2026-09-04,12:00,30,16.9,21,41,-999,-1,-999,-1,-999,-1,-999,-1,30,PM25
bkp76t,2026-09-04,12:00,20,12.2,-999,-1,-999,-1,-999,-1,-999,-1,-999,-1,20,PM25
bkp77t,2026-09-04,12:00,20,11.8,17,33,-999,-1,-999,-1,-999,-1,-999,-1,20,PM25
bkp78t,2026-09-04,12:00,53,25.5,-999,-1,-999,-1,-999,-1,-999,-1,-999,-1,53,PM25
bkp79t,2026-09-04,12:00,38,20.0,20,40,-999,-1,-999,-1,-999,-1,-999,-1,38,PM25
bkp80t,2026-09-04,12:00,32,17.6,41,69,-999,-1,-999,-1,-999,-1,-999,-1,41,PM10
bkp81t,2026-09-04,12:00,43,22.2,39,67,-999,-1,-999,-1,-999,-1,-999,-1,43,PM25
bkp82t,2026-09-04,12:00,30,16.9,-999,-1,-999,-1,-999,-1,-999,-1,-999,-1,30,PM25
bkp83t,2026-09-04,12:00,23,13.7,-999,-1,-999,-1,-999,-1,-999,-1,-999,-1,23,PM25
bkp84t,2026-09-04,12:00,41,21.2,27,52,-999,-1,-999,-1,-999,-1,-999,-1,41,PM25
bkp85t,2026-09-04,12:00,31,17.0,-999,-1,-999,-1,-999,-1,-999,-1,-999,-1,31,PM25
bkp86t,2026-09-04,12:00,30,16.6,17,34,-999,-1,-999,-1,-999,-1,-999,-1,30,PM25
bkp87t,2026-09-04,12:00,22,13.0,16,32,-999,-1,-999,-1,-999,-1,-999,-1,22,PM25
bkp88t,2026-09-04,12:00,40,20.9,-999,-1,-999,-1,-999,-1,-999,-1,-999,-1,40,PM25
bkp89t,2026-09-04,12:00,42,21.9,36,63,-999,-1,-999,-1,-999,-1,-999,-1,42,PM25
bkp90t,2026-09-04,12:00,33,17.9,29,55,-999,-1,-999,-1,-999,-1,-999,-1,33,PM25
bkp91t,2026-09-04,12:00,21,12.4,22,43,-999,-1,-999,-1,-999,-1,-999,-1,22,PM10
bkp92t,2026-09-04,12:00,36,19.4,-999,-1,-999,-1,-999,-1,-999,-1,-999,-1,36,PM25
bkp93t,2026-09-04,12:00,20,12.1,18,36,-999,-1,-999,-1,-999,-1,-999,-1,20,PM25
bkp94t,2026-09-04,12:00,36,19.4,-999,-1,-999,-1,-999,-1,-999,-1,-999,-1,36,PM25
bkp95t,2026-09-04,12:00,31,17.2,-999,-1,-999,-1,-999,-1,-999,-1,-999,-1,31,PM25
bkp96t,2026-09-04,12:00,25,14.7,16,31,-999,-1,-999,-1,-999,-1,-999,-1,25,PM25
bkp97t,2026-09-04,12:00,31,17.0,-999,-1,-999,-1,-999,-1,-999,-1,-999,-1,31,PM25
bkp98t,2026-09-04,12:00,44,22.6,-999,-1,-999,-1,-999,-1,-999,-1,-999,-1,44,PM25
bkp99t,2026-09-04,12:00,20,11.9,14,27,-999,-1,-999,-1,-999,-1,-999,-1,20,PM25
o10,2026-09-04,12:00,26,15.3,-999,-1,-999,-1,-999,-1,-999,-1,-999,-1,26,PM25
o61,2026-09-04,12:00,21,12.6,-999,-1,-999,-1,-999,-1,-999,-1,-999,-1,21,PM25
o63,2026-09-04,12:00,17,9.9,-999,-1,-999,-1,-999,-1,-999,-1,-999,-1,17,PM25
03t,2026-09-04,15:00,34,18.6,-1,-1,-1,-1,-1,-1,-1,-1,-999,-1,34,PM25
35t,2026-09-04,15:00,29,16.3,-1,-1,-1,-1,-1,-1,-1,-1,-1,-1,29,PM25
75t,2026-09-04,15:00,16,9.5,-1,-1,-1,-1,-1,-1,0,0,2,9,16,PM25
47t,2026-09-04,16:00,45,23.1,-1,-1,-1,-1,-1,-1,-1,-1,-1,-1,45,PM25
02t,2026-09-04,17:00,24,14.4,-1,-1,-1,-1,-1,-1,-1,-1,-1,-1,24,PM25
03t,2026-09-04,17:00,33,18.1,-1,-1,-1,-1,-1,-1,-1,-1,-999,-1,33,PM25
05t,2026-09-04,17:00,26,15.2,-1,-1,-1,-1,-1,-1,-1,-1,-1,-1,26,PM25
08t,2026-09-04,17:00,39,20.4,-1,-1,-1,-1,-1,-1,-1,-1,-1,-1,39,PM25
100t,2026-09-04,17:00,23,13.5,16,32,12,17,0,0.00,3,7,0,0,23,PM25
101t,2026-09-04,17:00,34,18.5,18,36,-1,-1,-1,-1,1,2,-1,-1,34,PM25
102t,2026-09-04,17:00,25,14.9,15,30,-1,-1,-1,-1,-1,-1,-1,-1,25,PM25
103t,2026-09-04,17:00,18,10.7,25,49,-1,-1,0,0.00,1,2,0,0,25,PM10
104t,2026-09-04,17:00,26,15.1,-1,-1,23,32,1,0.10,2,4,0,0,26,PM25
105t,2026-09-04,17:00,27,15.4,-999,-1,36,42,1,0.10,4,10,0,1,36,O3
106t,2026-09-04,17:00,9,5.6,-999,-1,16,23,2,0.30,0,1,0,0,16,O3
107t,2026-09-04,17:00,24,14.2,-1,-1,24,34,3,0.60,1,3,0,0,24,PM25
108t,2026-09-04,17:00,22,13.1,-1,-1,17,24,13,2.20,1,2,1,2,22,PM25
109t,2026-09-04,17:00,27,15.6,-1,-1,22,31,1,0.20,1,3,1,3,27,PM25
110t,2026-09-04,17:00,31,17.1,-999,-1,24,33,2,0.30,3,7,0,1,31,PM25
111t,2026-09-04,17:00,24,14.4,-999,-1,38,43,0,0.00,0,0,0,0,38,O3
112t,2026-09-04,17:00,21,12.3,-999,-1,18,25,1,0.10,5,12,5,21,21,PM25
113t,2026-09-04,17:00,29,16.3,16,31,40,44,0,0.00,0,0,0,0,40,O3
114t,2026-09-04,17:00,22,13.0,14,28,21,29,1,0.10,3,7,0,1,22,PM25
115t,2026-09-04,17:00,15,9.0,9,18,14,20,1,0.20,0,1,0,1,15,PM25
116t,2026-09-04,17:00,26,15.3,17,34,26,36,1,0.10,1,2,0,1,26,PM25
117t,2026-09-04,17:00,24,14.1,-999,-1,16,22,1,0.20,4,9,1,2,24,PM25
118t,2026-09-04,17:00,8,4.9,-1,-1,12,17,-1,-1,1,3,0,0,12,O3
119t,2026-09-04,17:00,8,4.7,-1,-1,12,17,7,1.30,0,0,1,2,12,O3
120t,2026-09-04,17:00,9,5.1,-1,-1,14,19,3,0.50,0,1,0,0,14,O3
121t,2026-09-04,17:00,11,6.4,-1,-1,11,16,1,0.10,1,2,0,0,11,PM25
12t,2026-09-04,17:00,26,15.1,-1,-1,-1,-1,-1,-1,-1,-1,-1,-1,26,PM25
13t,2026-09-04,17:00,15,9.2,14,28,20,28,2,0.30,-1,-1,-1,-1,20,O3
14t,2026-09-04,17:00,40,21.0,-1,-1,15,21,1,0.20,3,7,1,2,40,PM25
16t,2026-09-04,17:00,24,14.3,14,27,-1,-1,-1,-1,-1,-1,-1,-1,24,PM25
17t,2026-09-04,17:00,25,14.8,-1,-1,-1,-1,-1,-1,-1,-1,-1,-1,25,PM25
18t,2026-09-04,17:00,50,24.8,-1,-1,-1,-1,-1,-1,-1,-1,-1,-1,50,PM25
19t,2026-09-04,17:00,31,17.3,-1,-1,-1,-1,-1,-1,-1,-1,-1,-1,31,PM25
20t,2026-09-04,17:00,39,20.6,19,37,-1,-1,-1,-1,-1,-1,-1,-1,39,PM25
21t,2026-09-04,17:00,24,14.4,-1,-1,-1,-1,-1,-1,-1,-1,-1,-1,24,PM25
22t,2026-09-04,17:00,20,11.7,14,27,-1,-1,-1,-1,-1,-1,-1,-1,20,PM25
24t,2026-09-04,17:00,49,24.4,41,69,-1,-1,-1,-1,-1,-1,-1,-1,49,PM25
25t,2026-09-04,17:00,31,17.2,16,31,-1,-1,-999,-1,-1,-1,-999,-1,31,PM25
26t,2026-09-04,17:00,34,18.4,-1,-1,-1,-1,-1,-1,-1,-1,-1,-1,34,PM25
27t,2026-09-04,17:00,37,19.8,-1,-1,-1,-1,-999,-1,-1,-1,-1,-1,37,PM25
28t,2026-09-04,17:00,32,17.4,-1,-1,-1,-1,-1,-1,-1,-1,-1,-1,32,PM25
29t,2026-09-04,17:00,34,18.6,27,52,-1,-1,-1,-1,-1,-1,-1,-1,34,PM25
30t,2026-09-04,17:00,19,11.2,21,42,13,18,1,0.10,0,0,0,0,21,PM10
31t,2026-09-04,17:00,76,31.3,-1,-1,-1,-1,-1,-1,-1,-1,-1,-1,76,PM25
33t,2026-09-04,17:00,18,10.6,-1,-1,-1,-1,-999,-1,-1,-1,-999,-1,18,PM25
36t,2026-09-04,17:00,21,12.8,-1,-1,-999,-1,-1,-1,-1,-1,-1,-1,21,PM25
37t,2026-09-04,17:00,19,11.1,-1,-1,-1,-1,-1,-1,-1,-1,-1,-1,19,PM25
38t,2026-09-04,17:00,18,10.7,-1,-1,15,21,1,0.20,0,0,0,1,18,PM25
39t,2026-09-04,17:00,18,10.6,-1,-1,-1,-1,-999,-1,-1,-1,0,0,18,PM25
40t,2026-09-04,17:00,18,10.9,-1,-1,-1,-1,-999,-1,-1,-1,-1,-1,18,PM25
41t,2026-09-04,17:00,18,10.9,-1,-1,-1,-1,-1,-1,-1,-1,-1,-1,18,PM25
42t,2026-09-04,17:00,9,5.1,-1,-1,-1,-1,-1,-1,-1,-1,-1,-1,9,PM25
43t,2026-09-04,17:00,9,5.2,-1,-1,-1,-1,-1,-1,-1,-1,-1,-1,9,PM25
44t,2026-09-04,17:00,9,5.4,-1,-1,-1,-1,-1,-1,-1,-1,-1,-1,9,PM25
46t,2026-09-04,17:00,48,24.1,-1,-1,-1,-1,-1,-1,-1,-1,-1,-1,48,PM25
50t,2026-09-04,17:00,33,18.0,-1,-1,-999,-1,-1,-1,-1,-1,-999,-1,33,PM25
52t,2026-09-04,17:00,33,17.8,-1,-1,-1,-1,-1,-1,-1,-1,-1,-1,33,PM25
53t,2026-09-04,17:00,32,17.7,-1,-1,-999,-1,-1,-1,-1,-1,-999,-1,32,PM25
54t,2026-09-04,17:00,34,18.2,-1,-1,-1,-1,0,0.00,-1,-1,-1,-1,34,PM25
57t,2026-09-04,17:00,14,8.4,8,16,-1,-1,-1,-1,-1,-1,-999,-1,14,PM25
58t,2026-09-04,17:00,18,10.9,11,22,-1,-1,-1,-1,-1,-1,-999,-1,18,PM25
59t,2026-09-04,17:00,22,13.3,13,26,14,19,1,0.20,3,6,-999,-1,22,PM25
60t,2026-09-04,17:00,34,18.6,-1,-1,-1,-1,-999,-1,-1,-1,-1,-1,34,PM25
61t,2026-09-04,17:00,24,14.4,-1,-1,-1,-1,-999,-1,-1,-1,-1,-1,24,PM25
62t,2026-09-04,17:00,11,6.6,-1,-1,-1,-1,-1,-1,-1,-1,-999,-1,11,PM25
63t,2026-09-04,17:00,11,6.6,-1,-1,-1,-1,-1,-1,-1,-1,-999,-1,11,PM25
67t,2026-09-04,17:00,31,17.0,-1,-1,-1,-1,-1,-1,-1,-1,-1,-1,31,PM25
68t,2026-09-04,17:00,19,11.6,11,22,-1,-1,-1,-1,-1,-1,-1,-1,19,PM25
69t,2026-09-04,17:00,19,11.2,-1,-1,-1,-1,-1,-1,-1,-1,-1,-1,19,PM25
71t,2026-09-04,17:00,22,13.3,14,28,9,13,0,0.00,2,4,3,10,22,PM25
72t,2026-09-04,17:00,15,8.9,9,18,-1,-1,-1,-1,0,0,-1,-1,15,PM25
73t,2026-09-04,17:00,23,13.9,-1,-1,-1,-1,-1,-1,-1,-1,-1,-1,23,PM25
74t,2026-09-04,17:00,26,15.2,-1,-1,-1,-1,-1,-1,-1,-1,-1,-1,26,PM25
76t,2026-09-04,17:00,18,11.0,-1,-1,-1,-1,-1,-1,-1,-1,-999,-1,18,PM25
77t,2026-09-04,17:00,45,22.9,19,38,-1,-1,-999,-1,-1,-1,-1,-1,45,PM25
78t,2026-09-04,17:00,10,6.2,-1,-1,-999,-1,-999,-1,-999,-1,-999,-1,10,PM25
79t,2026-09-04,17:00,39,20.3,-1,-1,-1,-1,-1,-1,-1,-1,-1,-1,39,PM25
80t,2026-09-04,17:00,9,5.1,-1,-1,-1,-1,-1,-1,-1,-1,-1,-1,9,PM25
81t,2026-09-04,17:00,18,10.8,-1,-1,-1,-1,-1,-1,-1,-1,-1,-1,18,PM25
82t,2026-09-04,17:00,21,12.8,15,30,-1,-1,1,0.10,-1,-1,-1,-1,21,PM25
83t,2026-09-04,17:00,30,16.8,16,32,-1,-1,-1,-1,-1,-1,-1,-1,30,PM25
84t,2026-09-04,17:00,25,15.0,17,34,-1,-1,-1,-1,-1,-1,-1,-1,25,PM25
85t,2026-09-04,17:00,18,10.8,-1,-1,-1,-1,-1,-1,-1,-1,-1,-1,18,PM25
86t,2026-09-04,17:00,31,17.2,17,34,-1,-1,5,0.90,10,24,-1,-1,31,PM25
87t,2026-09-04,17:00,26,15.3,-1,-1,-1,-1,-1,-1,0,0,-1,-1,26,PM25
88t,2026-09-04,17:00,31,17.2,14,28,-1,-1,-1,-1,2,5,-1,-1,31,PM25
89t,2026-09-04,17:00,9,5.1,6,11,-1,-1,-1,-1,-1,-1,-1,-1,9,PM25
90t,2026-09-04,17:00,19,11.3,10,20,-1,-1,-1,-1,-1,-1,-1,-1,19,PM25
91t,2026-09-04,17:00,18,10.8,-1,-1,-1,-1,-1,-1,-1,-1,-1,-1,18,PM25
92t,2026-09-04,17:00,19,11.5,12,23,-1,-1,-1,-1,-1,-1,-1,-1,19,PM25
93t,2026-09-04,17:00,8,5.0,6,11,-1,-1,0,0.00,3,6,0,0,8,PM25
94t,2026-09-04,17:00,20,11.7,12,23,-1,-1,-1,-1,-1,-1,-1,-1,20,PM25
95t,2026-09-04,17:00,24,14.5,20,39,-1,-1,-1,-1,-1,-1,-1,-1,24,PM25
96t,2026-09-04,17:00,20,11.9,13,25,-1,-1,5,0.80,1,3,0,1,20,PM25
97t,2026-09-04,17:00,19,11.2,11,21,14,19,0,0.00,3,8,1,3,19,PM25
98t,2026-09-04,17:00,19,11.6,12,23,19,26,2,0.30,-1,-1,0,1,19,PM25
99t,2026-09-04,17:00,28,16.1,17,33,19,26,2,0.30,12,29,1,4,28,PM25
bkp100t,2026-09-04,17:00,18,10.5,-999,-1,-999,-1,-999,-1,-999,-1,-999,-1,18,PM25
bkp101t,2026-09-04,17:00,24,14.6,12,24,-999,-1,-999,-1,-999,-1,-999,-1,24,PM25
bkp102t,2026-09-04,17:00,22,13.0,28,53,-999,-1,-999,-1,-999,-1,-999,-1,28,PM10
bkp103t,2026-09-04,17:00,29,16.2,-999,-1,-999,-1,-999,-1,-999,-1,-999,-1,29,PM25
bkp104t,2026-09-04,17:00,22,13.3,17,34,-999,-1,-999,-1,-999,-1,-999,-1,22,PM25
bkp105t,2026-09-04,17:00,37,19.8,-999,-1,-999,-1,-999,-1,-999,-1,-999,-1,37,PM25
bkp114t,2026-09-04,17:00,18,11.0,-999,-1,-999,-1,-999,-1,-999,-1,-999,-1,18,PM25
bkp115t,2026-09-04,17:00,18,11.0,-999,-1,-999,-1,-999,-1,-999,-1,-999,-1,18,PM25
bkp116t,2026-09-04,17:00,20,12.1,-999,-1,-999,-1,-999,-1,-999,-1,-999,-1,20,PM25
bkp117t,2026-09-04,17:00,18,10.9,-999,-1,-999,-1,-999,-1,-999,-1,-999,-1,18,PM25
bkp118t,2026-09-04,17:00,27,15.4,-999,-1,-999,-1,-999,-1,-999,-1,-999,-1,27,PM25
bkp119t,2026-09-04,17:00,28,15.9,-999,-1,-999,-1,-999,-1,-999,-1,-999,-1,28,PM25
bkp120t,2026-09-04,17:00,22,13.4,-999,-1,-999,-1,-999,-1,-999,-1,-999,-1,22,PM25
bkp121t,2026-09-04,17:00,18,11.0,-999,-1,-999,-1,-999,-1,-999,-1,-999,-1,18,PM25
bkp122t,2026-09-04,17:00,19,11.3,-999,-1,-999,-1,-999,-1,-999,-1,-999,-1,19,PM25
bkp123t,2026-09-04,17:00,19,11.1,-999,-1,-999,-1,-999,-1,-999,-1,-999,-1,19,PM25
bkp124t,2026-09-04,17:00,30,16.7,-999,-1,-999,-1,-999,-1,-999,-1,-999,-1,30,PM25
bkp125t,2026-09-04,17:00,27,15.6,-999,-1,-999,-1,-999,-1,-999,-1,-999,-1,27,PM25
bkp126t,2026-09-04,17:00,22,13.3,-999,-1,-999,-1,-999,-1,-999,-1,-999,-1,22,PM25
bkp127t,2026-09-04,17:00,36,19.4,-999,-1,-999,-1,-999,-1,-999,-1,-999,-1,36,PM25
bkp128t,2026-09-04,17:00,20,11.7,-999,-1,-999,-1,-999,-1,-999,-1,-999,-1,20,PM25
bkp129t,2026-09-04,17:00,21,12.5,-999,-1,-999,-1,-999,-1,-999,-1,-999,-1,21,PM25
bkp130t,2026-09-04,17:00,18,10.9,-999,-1,-999,-1,-999,-1,-999,-1,-999,-1,18,PM25
bkp131t,2026-09-04,17:00,24,14.2,-999,-1,-999,-1,-999,-1,-999,-1,-999,-1,24,PM25
bkp133t,2026-09-04,17:00,21,12.8,-999,-1,-999,-1,-999,-1,-999,-1,-999,-1,21,PM25
bkp56t,2026-09-04,17:00,26,15.2,33,60,-999,-1,-999,-1,-999,-1,-999,-1,33,PM10
bkp57t,2026-09-04,17:00,28,15.8,25,49,-999,-1,-999,-1,-999,-1,-999,-1,28,PM25
bkp58t,2026-09-04,17:00,37,19.6,32,58,-999,-1,-999,-1,-999,-1,-999,-1,37,PM25
bkp59t,2026-09-04,17:00,34,18.6,23,46,-999,-1,-999,-1,-999,-1,-999,-1,34,PM25
bkp60t,2026-09-04,17:00,21,12.3,21,41,-999,-1,-999,-1,-999,-1,-999,-1,21,PM25
bkp61t,2026-09-04,17:00,25,15.0,15,30,-999,-1,-999,-1,-999,-1,-999,-1,25,PM25
bkp62t,2026-09-04,17:00,45,22.9,-999,-1,-999,-1,-999,-1,-999,-1,-999,-1,45,PM25
bkp63t,2026-09-04,17:00,29,16.4,-999,-1,-999,-1,-999,-1,-999,-1,-999,-1,29,PM25
bkp64t,2026-09-04,17:00,35,18.7,-999,-1,-999,-1,-999,-1,-999,-1,-999,-1,35,PM25
bkp65t,2026-09-04,17:00,38,20.1,-999,-1,-999,-1,-999,-1,-999,-1,-999,-1,38,PM25
bkp66t,2026-09-04,17:00,38,20.1,-999,-1,-999,-1,-999,-1,-999,-1,-999,-1,38,PM25
bkp67t,2026-09-04,17:00,38,20.1,-999,-1,-999,-1,-999,-1,-999,-1,-999,-1,38,PM25
bkp69t,2026-09-04,17:00,30,16.8,-999,-1,-999,-1,-999,-1,-999,-1,-999,-1,30,PM25
bkp70t,2026-09-04,17:00,23,13.6,20,40,-999,-1,-999,-1,-999,-1,-999,-1,23,PM25
bkp71t,2026-09-04,17:00,23,13.8,18,36,-999,-1,-999,-1,-999,-1,-999,-1,23,PM25
bkp72t,2026-09-04,17:00,49,24.4,30,56,-999,-1,-999,-1,-999,-1,-999,-1,49,PM25
bkp73t,2026-09-04,17:00,25,14.7,-999,-1,-999,-1,-999,-1,-999,-1,-999,-1,25,PM25
bkp74t,2026-09-04,17:00,18,10.7,14,28,-999,-1,-999,-1,-999,-1,-999,-1,18,PM25
bkp75t,2026-09-04,17:00,28,16.0,20,39,-999,-1,-999,-1,-999,-1,-999,-1,28,PM25
bkp76t,2026-09-04,17:00,19,11.4,-999,-1,-999,-1,-999,-1,-999,-1,-999,-1,19,PM25
bkp77t,2026-09-04,17:00,17,10.3,16,32,-999,-1,-999,-1,-999,-1,-999,-1,17,PM25
bkp78t,2026-09-04,17:00,50,25.0,-999,-1,-999,-1,-999,-1,-999,-1,-999,-1,50,PM25
bkp79t,2026-09-04,17:00,35,18.9,19,38,-999,-1,-999,-1,-999,-1,-999,-1,35,PM25
bkp80t,2026-09-04,17:00,29,16.4,40,68,-999,-1,-999,-1,-999,-1,-999,-1,40,PM10
bkp81t,2026-09-04,17:00,41,21.4,37,64,-999,-1,-999,-1,-999,-1,-999,-1,41,PM25
bkp82t,2026-09-04,17:00,28,15.8,-999,-1,-999,-1,-999,-1,-999,-1,-999,-1,28,PM25
bkp83t,2026-09-04,17:00,22,13.0,-999,-1,-999,-1,-999,-1,-999,-1,-999,-1,22,PM25
bkp84t,2026-09-04,17:00,36,19.3,25,50,-999,-1,-999,-1,-999,-1,-999,-1,36,PM25
bkp85t,2026-09-04,17:00,27,15.6,-999,-1,-999,-1,-999,-1,-999,-1,-999,-1,27,PM25
bkp86t,2026-09-04,17:00,28,15.9,16,32,-999,-1,-999,-1,-999,-1,-999,-1,28,PM25
bkp87t,2026-09-04,17:00,20,12.1,16,31,-999,-1,-999,-1,-999,-1,-999,-1,20,PM25
bkp88t,2026-09-04,17:00,37,19.6,-999,-1,-999,-1,-999,-1,-999,-1,-999,-1,37,PM25
bkp89t,2026-09-04,17:00,44,22.5,35,62,-999,-1,-999,-1,-999,-1,-999,-1,44,PM25
bkp90t,2026-09-04,17:00,30,16.8,27,52,-999,-1,-999,-1,-999,-1,-999,-1,30,PM25
bkp91t,2026-09-04,17:00,20,12.0,21,42,-999,-1,-999,-1,-999,-1,-999,-1,21,PM10
bkp92t,2026-09-04,17:00,34,18.4,-999,-1,-999,-1,-999,-1,-999,-1,-999,-1,34,PM25
bkp93t,2026-09-04,17:00,18,10.8,18,35,-999,-1,-999,-1,-999,-1,-999,-1,18,PM25
bkp94t,2026-09-04,17:00,35,18.8,-999,-1,-999,-1,-999,-1,-999,-1,-999,-1,35,PM25
bkp95t,2026-09-04,17:00,30,16.6,-999,-1,-999,-1,-999,-1,-999,-1,-999,-1,30,PM25
bkp96t,2026-09-04,17:00,26,15.1,15,30,-999,-1,-999,-1,-999,-1,-999,-1,26,PM25
bkp97t,2026-09-04,17:00,29,16.4,-999,-1,-999,-1,-999,-1,-999,-1,-999,-1,29,PM25
bkp98t,2026-09-04,17:00,42,21.8,-999,-1,-999,-1,-999,-1,-999,-1,-999,-1,42,PM25
bkp99t,2026-09-04,17:00,20,11.8,13,25,-999,-1,-999,-1,-999,-1,-999,-1,20,PM25
o10,2026-09-04,17:00,25,14.8,-999,-1,-999,-1,-999,-1,-999,-1,-999,-1,25,PM25
o61,2026-09-04,17:00,21,12.3,-999,-1,-999,-1,-999,-1,-999,-1,-999,-1,21,PM25
o63,2026-09-04,17:00,17,10.0,-999,-1,-999,-1,-999,-1,-999,-1,-999,-1,17,PM25
bkp114t,2026-09-04,20:00,18,10.8,-999,-1,-999,-1,-999,-1,-999,-1,-999,-1,18,PM25
02t,2026-09-04,21:00,24,14.6,-1,-1,-1,-1,-1,-1,-1,-1,-1,-1,24,PM25
08t,2026-09-04,21:00,38,20.2,-1,-1,-1,-1,-1,-1,-1,-1,-1,-1,38,PM25
100t,2026-09-04,21:00,21,12.7,16,31,9,13,1,0.10,4,10,0,0,21,PM25
101t,2026-09-04,21:00,35,18.7,18,36,-1,-1,-1,-1,1,2,-1,-1,35,PM25
102t,2026-09-04,21:00,24,14.5,15,30,-1,-1,-1,-1,-1,-1,-1,-1,24,PM25
103t,2026-09-04,21:00,18,10.8,24,47,-1,-1,1,0.10,5,11,0,0,24,PM10
104t,2026-09-04,21:00,22,13.0,-1,-1,17,24,1,0.20,7,16,0,1,22,PM25
105t,2026-09-04,21:00,24,14.2,-999,-1,35,41,1,0.20,5,12,0,1,35,O3
106t,2026-09-04,21:00,10,5.8,-999,-1,20,28,2,0.30,1,2,0,0,20,O3
107t,2026-09-04,21:00,21,12.8,-1,-1,20,28,3,0.60,1,3,0,0,21,PM25
108t,2026-09-04,21:00,23,13.6,-1,-1,16,22,13,2.20,2,4,1,2,23,PM25
109t,2026-09-04,21:00,28,15.9,-1,-1,18,25,1,0.20,1,3,1,3,28,PM25
110t,2026-09-04,21:00,30,16.9,-999,-1,19,26,2,0.30,3,8,0,1,30,PM25
111t,2026-09-04,21:00,23,13.8,-999,-1,35,41,1,0.10,0,0,0,0,35,O3
112t,2026-09-04,21:00,20,11.8,-999,-1,16,23,1,0.10,0,0,8,30,20,PM25
113t,2026-09-04,21:00,24,14.3,14,27,28,37,1,0.10,0,0,0,0,28,O3
114t,2026-09-04,21:00,19,11.3,13,25,16,22,2,0.30,5,11,0,1,19,PM25
115t,2026-09-04,21:00,14,8.2,8,16,9,12,1,0.20,0,1,0,1,14,PM25
116t,2026-09-04,21:00,24,14.4,16,32,21,30,1,0.20,3,8,0,1,24,PM25
117t,2026-09-04,21:00,26,15.2,-999,-1,13,18,1,0.20,5,11,0,1,26,PM25
118t,2026-09-04,21:00,9,5.1,-1,-1,11,15,-1,-1,2,5,0,0,11,O3
119t,2026-09-04,21:00,8,4.6,-1,-1,10,14,7,1.30,2,4,1,2,10,O3
120t,2026-09-04,21:00,9,5.1,-1,-1,14,19,3,0.60,1,2,0,0,14,O3
121t,2026-09-04,21:00,11,6.6,-1,-1,11,15,1,0.20,-1,-1,-1,-1,11,PM25
13t,2026-09-04,21:00,16,9.3,14,28,16,23,2,0.40,-1,-1,-1,-1,16,PM25
14t,2026-09-04,21:00,39,20.4,-1,-1,12,17,2,0.30,9,22,1,2,39,PM25
16t,2026-09-04,21:00,23,13.6,14,27,-1,-1,-1,-1,-1,-1,-1,-1,23,PM25
17t,2026-09-04,21:00,24,14.2,-1,-1,-1,-1,-1,-1,-1,-1,-1,-1,24,PM25
18t,2026-09-04,21:00,48,24.3,-1,-1,-1,-1,-1,-1,-1,-1,-1,-1,48,PM25
19t,2026-09-04,21:00,31,17.0,-1,-1,-1,-1,-1,-1,-1,-1,-1,-1,31,PM25
20t,2026-09-04,21:00,40,20.9,19,38,-1,-1,-1,-1,-1,-1,-1,-1,40,PM25
21t,2026-09-04,21:00,24,14.6,-1,-1,-1,-1,-1,-1,-1,-1,-1,-1,24,PM25
22t,2026-09-04,21:00,20,11.9,14,28,-1,-1,-1,-1,-1,-1,-1,-1,20,PM25
24t,2026-09-04,21:00,43,22.1,41,69,-1,-1,-1,-1,-1,-1,-1,-1,43,PM25
25t,2026-09-04,21:00,28,15.8,15,29,-1,-1,-999,-1,-1,-1,-999,-1,28,PM25
26t,2026-09-04,21:00,32,17.7,-1,-1,-1,-1,-1,-1,-1,-1,-1,-1,32,PM25
27t,2026-09-04,21:00,36,19.4,-1,-1,-1,-1,-999,-1,-1,-1,-1,-1,36,PM25
28t,2026-09-04,21:00,31,17.1,-1,-1,-1,-1,-1,-1,-1,-1,-1,-1,31,PM25
29t,2026-09-04,21:00,32,17.6,27,52,-1,-1,-1,-1,-1,-1,-1,-1,32,PM25
30t,2026-09-04,21:00,18,10.9,21,42,13,18,1,0.10,0,1,0,0,21,PM10
31t,2026-09-04,21:00,61,27.6,-1,-1,-1,-1,-1,-1,-1,-1,-1,-1,61,PM25
33t,2026-09-04,21:00,19,11.4,-1,-1,-1,-1,-999,-1,-1,-1,-999,-1,19,PM25
35t,2026-09-04,21:00,33,17.8,-1,-1,-1,-1,-1,-1,-1,-1,-1,-1,33,PM25
36t,2026-09-04,21:00,24,14.4,-1,-1,-999,-1,-1,-1,-1,-1,-1,-1,24,PM25
40t,2026-09-04,21:00,20,11.8,-1,-1,-1,-1,-999,-1,-1,-1,-1,-1,20,PM25
46t,2026-09-04,21:00,47,23.6,-1,-1,-1,-1,-1,-1,-1,-1,-1,-1,47,PM25
47t,2026-09-04,21:00,47,23.7,-1,-1,-1,-1,-1,-1,-1,-1,-1,-1,47,PM25
50t,2026-09-04,21:00,33,17.9,-1,-1,-999,-1,-1,-1,-1,-1,-999,-1,33,PM25
52t,2026-09-04,21:00,31,17.2,-1,-1,-1,-1,-1,-1,-1,-1,-1,-1,31,PM25
53t,2026-09-04,21:00,30,16.7,-1,-1,-999,-1,-1,-1,-1,-1,-999,-1,30,PM25
57t,2026-09-04,21:00,13,7.8,8,15,-1,-1,-1,-1,-1,-1,-999,-1,13,PM25
58t,2026-09-04,21:00,19,11.1,11,22,-1,-1,-1,-1,-1,-1,-999,-1,19,PM25
59t,2026-09-04,21:00,21,12.7,13,25,16,22,2,0.30,9,21,-999,-1,21,PM25
60t,2026-09-04,21:00,32,17.6,-1,-1,-1,-1,-999,-1,-1,-1,-1,-1,32,PM25
61t,2026-09-04,21:00,26,15.2,-1,-1,-1,-1,-999,-1,-1,-1,-1,-1,26,PM25
67t,2026-09-04,21:00,30,16.8,-1,-1,-1,-1,-1,-1,-1,-1,-1,-1,30,PM25
68t,2026-09-04,21:00,21,12.6,12,23,-1,-1,-1,-1,-1,-1,-1,-1,21,PM25
69t,2026-09-04,21:00,18,11.0,-1,-1,-1,-1,-1,-1,-1,-1,-1,-1,18,PM25
71t,2026-09-04,21:00,21,12.6,14,27,9,13,0,0.00,2,4,3,10,21,PM25
72t,2026-09-04,21:00,14,8.5,9,17,-1,-1,-1,-1,0,0,-1,-1,14,PM25
73t,2026-09-04,21:00,21,12.5,-1,-1,-1,-1,-1,-1,-1,-1,-1,-1,21,PM25
74t,2026-09-04,21:00,29,16.3,-1,-1,-1,-1,-1,-1,-1,-1,-1,-1,29,PM25
75t,2026-09-04,21:00,13,7.5,-1,-1,-1,-1,-1,-1,0,1,2,9,13,PM25
77t,2026-09-04,21:00,45,23.1,19,38,-1,-1,-999,-1,-1,-1,-1,-1,45,PM25
78t,2026-09-04,21:00,10,6.1,-1,-1,-999,-1,-999,-1,-999,-1,-999,-1,10,PM25
79t,2026-09-04,21:00,39,20.4,-1,-1,-1,-1,-1,-1,-1,-1,-1,-1,39,PM25
81t,2026-09-04,21:00,20,11.9,-1,-1,-1,-1,-1,-1,-1,-1,-1,-1,20,PM25
82t,2026-09-04,21:00,22,13.2,15,29,-1,-1,1,0.10,2,4,-1,-1,22,PM25
83t,2026-09-04,21:00,29,16.4,15,30,-1,-1,-1,-1,-1,-1,-1,-1,29,PM25
84t,2026-09-04,21:00,24,14.4,17,34,-1,-1,-1,-1,-1,-1,-1,-1,24,PM25
85t,2026-09-04,21:00,23,13.5,-1,-1,-1,-1,-1,-1,-1,-1,-1,-1,23,PM25
86t,2026-09-04,21:00,25,14.9,16,31,-1,-1,6,1.00,-1,-1,-1,-1,25,PM25
87t,2026-09-04,21:00,24,14.4,-1,-1,-1,-1,-1,-1,0,0,-1,-1,24,PM25
88t,2026-09-04,21:00,29,16.3,13,26,-1,-1,-1,-1,2,4,-1,-1,29,PM25
90t,2026-09-04,21:00,20,12.2,10,20,-1,-1,-1,-1,-1,-1,-1,-1,20,PM25
91t,2026-09-04,21:00,17,10.4,-1,-1,-1,-1,-1,-1,-1,-1,-1,-1,17,PM25
92t,2026-09-04,21:00,19,11.3,11,22,-1,-1,-1,-1,-1,-1,-1,-1,19,PM25
93t,2026-09-04,21:00,9,5.1,7,13,-1,-1,0,0.00,5,11,0,0,9,PM25
94t,2026-09-04,21:00,21,12.6,12,23,-1,-1,-1,-1,-1,-1,-1,-1,21,PM25
95t,2026-09-04,21:00,21,12.6,18,35,-1,-1,-1,-1,-1,-1,-1,-1,21,PM25
96t,2026-09-04,21:00,18,10.9,12,24,-1,-1,5,0.80,1,2,0,1,18,PM25
97t,2026-09-04,21:00,19,11.2,11,21,12,17,0,0.00,2,4,1,3,19,PM25
98t,2026-09-04,21:00,22,13.4,13,26,15,21,2,0.40,-1,-1,0,0,22,PM25
99t,2026-09-04,21:00,25,14.7,15,30,16,22,2,0.40,6,15,1,4,25,PM25
bkp100t,2026-09-04,21:00,17,10.3,-999,-1,-999,-1,-999,-1,-999,-1,-999,-1,17,PM25
bkp101t,2026-09-04,21:00,24,14.5,13,25,-999,-1,-999,-1,-999,-1,-999,-1,24,PM25
bkp102t,2026-09-04,21:00,20,12.1,27,52,-999,-1,-999,-1,-999,-1,-999,-1,27,PM10
bkp103t,2026-09-04,21:00,27,15.5,-999,-1,-999,-1,-999,-1,-999,-1,-999,-1,27,PM25
bkp104t,2026-09-04,21:00,21,12.8,16,32,-999,-1,-999,-1,-999,-1,-999,-1,21,PM25
bkp105t,2026-09-04,21:00,37,19.7,-999,-1,-999,-1,-999,-1,-999,-1,-999,-1,37,PM25
bkp115t,2026-09-04,21:00,18,10.6,-999,-1,-999,-1,-999,-1,-999,-1,-999,-1,18,PM25
bkp116t,2026-09-04,21:00,19,11.2,-999,-1,-999,-1,-999,-1,-999,-1,-999,-1,19,PM25
bkp117t,2026-09-04,21:00,17,10.4,-999,-1,-999,-1,-999,-1,-999,-1,-999,-1,17,PM25
bkp118t,2026-09-04,21:00,27,15.4,-999,-1,-999,-1,-999,-1,-999,-1,-999,-1,27,PM25
bkp119t,2026-09-04,21:00,23,13.8,-999,-1,-999,-1,-999,-1,-999,-1,-999,-1,23,PM25
bkp120t,2026-09-04,21:00,23,13.6,-999,-1,-999,-1,-999,-1,-999,-1,-999,-1,23,PM25
bkp121t,2026-09-04,21:00,18,10.6,-999,-1,-999,-1,-999,-1,-999,-1,-999,-1,18,PM25
bkp122t,2026-09-04,21:00,18,10.6,-999,-1,-999,-1,-999,-1,-999,-1,-999,-1,18,PM25
bkp123t,2026-09-04,21:00,18,11.0,-999,-1,-999,-1,-999,-1,-999,-1,-999,-1,18,PM25
bkp124t,2026-09-04,21:00,30,16.6,-999,-1,-999,-1,-999,-1,-999,-1,-999,-1,30,PM25
bkp125t,2026-09-04,21:00,28,16.1,-999,-1,-999,-1,-999,-1,-999,-1,-999,-1,28,PM25
bkp126t,2026-09-04,21:00,22,13.3,-999,-1,-999,-1,-999,-1,-999,-1,-999,-1,22,PM25
bkp127t,2026-09-04,21:00,37,19.8,-999,-1,-999,-1,-999,-1,-999,-1,-999,-1,37,PM25
bkp128t,2026-09-04,21:00,20,12.2,-999,-1,-999,-1,-999,-1,-999,-1,-999,-1,20,PM25
bkp129t,2026-09-04,21:00,21,12.5,-999,-1,-999,-1,-999,-1,-999,-1,-999,-1,21,PM25
bkp130t,2026-09-04,21:00,18,10.5,-999,-1,-999,-1,-999,-1,-999,-1,-999,-1,18,PM25
bkp131t,2026-09-04,21:00,21,12.3,-999,-1,-999,-1,-999,-1,-999,-1,-999,-1,21,PM25
bkp133t,2026-09-04,21:00,21,12.4,-999,-1,-999,-1,-999,-1,-999,-1,-999,-1,21,PM25
bkp56t,2026-09-04,21:00,25,14.9,33,60,-999,-1,-999,-1,-999,-1,-999,-1,33,PM10
bkp57t,2026-09-04,21:00,27,15.6,24,48,-999,-1,-999,-1,-999,-1,-999,-1,27,PM25
bkp58t,2026-09-04,21:00,38,19.9,33,59,-999,-1,-999,-1,-999,-1,-999,-1,38,PM25
bkp59t,2026-09-04,21:00,35,18.7,24,47,-999,-1,-999,-1,-999,-1,-999,-1,35,PM25
bkp60t,2026-09-04,21:00,19,11.2,21,41,-999,-1,-999,-1,-999,-1,-999,-1,21,PM10
bkp61t,2026-09-04,21:00,23,13.6,15,30,-999,-1,-999,-1,-999,-1,-999,-1,23,PM25
bkp62t,2026-09-04,21:00,42,21.7,-999,-1,-999,-1,-999,-1,-999,-1,-999,-1,42,PM25
bkp63t,2026-09-04,21:00,28,15.9,-999,-1,-999,-1,-999,-1,-999,-1,-999,-1,28,PM25
bkp64t,2026-09-04,21:00,38,20.2,-999,-1,-999,-1,-999,-1,-999,-1,-999,-1,38,PM25
bkp65t,2026-09-04,21:00,37,19.6,-999,-1,-999,-1,-999,-1,-999,-1,-999,-1,37,PM25
bkp66t,2026-09-04,21:00,38,19.9,-999,-1,-999,-1,-999,-1,-999,-1,-999,-1,38,PM25
bkp67t,2026-09-04,21:00,38,20.0,-999,-1,-999,-1,-999,-1,-999,-1,-999,-1,38,PM25
bkp69t,2026-09-04,21:00,27,15.7,-999,-1,-999,-1,-999,-1,-999,-1,-999,-1,27,PM25
bkp70t,2026-09-04,21:00,21,12.3,19,38,-999,-1,-999,-1,-999,-1,-999,-1,21,PM25
bkp71t,2026-09-04,21:00,20,12.2,18,36,-999,-1,-999,-1,-999,-1,-999,-1,20,PM25
bkp72t,2026-09-04,21:00,49,24.6,29,55,-999,-1,-999,-1,-999,-1,-999,-1,49,PM25
bkp73t,2026-09-04,21:00,23,13.8,-999,-1,-999,-1,-999,-1,-999,-1,-999,-1,23,PM25
bkp74t,2026-09-04,21:00,17,10.3,14,27,-999,-1,-999,-1,-999,-1,-999,-1,17,PM25
bkp75t,2026-09-04,21:00,25,14.7,19,37,-999,-1,-999,-1,-999,-1,-999,-1,25,PM25
bkp76t,2026-09-04,21:00,19,11.6,-999,-1,-999,-1,-999,-1,-999,-1,-999,-1,19,PM25
bkp77t,2026-09-04,21:00,19,11.4,16,32,-999,-1,-999,-1,-999,-1,-999,-1,19,PM25
bkp78t,2026-09-04,21:00,50,25.0,-999,-1,-999,-1,-999,-1,-999,-1,-999,-1,50,PM25
bkp79t,2026-09-04,21:00,34,18.2,19,38,-999,-1,-999,-1,-999,-1,-999,-1,34,PM25
bkp80t,2026-09-04,21:00,30,16.9,42,70,-999,-1,-999,-1,-999,-1,-999,-1,42,PM10
bkp81t,2026-09-04,21:00,40,20.9,36,63,-999,-1,-999,-1,-999,-1,-999,-1,40,PM25
bkp82t,2026-09-04,21:00,26,15.1,-999,-1,-999,-1,-999,-1,-999,-1,-999,-1,26,PM25
bkp83t,2026-09-04,21:00,20,11.9,-999,-1,-999,-1,-999,-1,-999,-1,-999,-1,20,PM25
bkp84t,2026-09-04,21:00,37,19.5,24,48,-999,-1,-999,-1,-999,-1,-999,-1,37,PM25
bkp85t,2026-09-04,21:00,29,16.2,-999,-1,-999,-1,-999,-1,-999,-1,-999,-1,29,PM25
bkp86t,2026-09-04,21:00,26,15.1,16,31,-999,-1,-999,-1,-999,-1,-999,-1,26,PM25
bkp87t,2026-09-04,21:00,20,11.8,15,30,-999,-1,-999,-1,-999,-1,-999,-1,20,PM25
bkp88t,2026-09-04,21:00,38,20.1,-999,-1,-999,-1,-999,-1,-999,-1,-999,-1,38,PM25
bkp89t,2026-09-04,21:00,43,22.3,35,62,-999,-1,-999,-1,-999,-1,-999,-1,43,PM25
bkp90t,2026-09-04,21:00,29,16.5,25,50,-999,-1,-999,-1,-999,-1,-999,-1,29,PM25
bkp91t,2026-09-04,21:00,18,10.6,21,41,-999,-1,-999,-1,-999,-1,-999,-1,21,PM10
bkp92t,2026-09-04,21:00,33,17.8,-999,-1,-999,-1,-999,-1,-999,-1,-999,-1,33,PM25
bkp93t,2026-09-04,21:00,18,10.6,18,35,-999,-1,-999,-1,-999,-1,-999,-1,18,PM25
bkp94t,2026-09-04,21:00,32,17.7,-999,-1,-999,-1,-999,-1,-999,-1,-999,-1,32,PM25
bkp95t,2026-09-04,21:00,28,15.8,-999,-1,-999,-1,-999,-1,-999,-1,-999,-1,28,PM25
bkp96t,2026-09-04,21:00,24,14.3,21,41,-999,-1,-999,-1,-999,-1,-999,-1,24,PM25
bkp97t,2026-09-04,21:00,29,16.5,-999,-1,-999,-1,-999,-1,-999,-1,-999,-1,29,PM25
bkp98t,2026-09-04,21:00,42,21.8,-999,-1,-999,-1,-999,-1,-999,-1,-999,-1,42,PM25
bkp99t,2026-09-04,21:00,20,12.2,12,24,-999,-1,-999,-1,-999,-1,-999,-1,20,PM25
o10,2026-09-04,21:00,23,14.0,-999,-1,-999,-1,-999,-1,-999,-1,-999,-1,23,PM25
o61,2026-09-04,21:00,21,12.4,-999,-1,-999,-1,-999,-1,-999,-1,-999,-1,21,PM25
o63,2026-09-04,21:00,16,9.6,-999,-1,-999,-1,-999,-1,-999,-1,-999,-1,16,PM25
